{
"type": "FeatureCollection",
"name": "counties",
"crs": { "type": "name", "properties": { "name": "urn:ogc:def:crs:OGC:1.3:CRS84" } },
"features": [
{ "type": "Feature", "properties": { "STATEFP": "47", "COUNTYFP": "149", "COUNTYNS": "01639787", "GEOID": "47149", "GEOIDFQ": "0500000US47149", "NAME": "Rutherford", "NAMELSAD": "Rutherford County", "LSAD": "06", "CLASSFP": "H1", "MTFCC": "G4020", "CSAFP": "400", "CBSAFP": "34980", "METDIVFP": null, "FUNCSTAT": "A", "ALAND": 1603892840, "AWATER": 12406556, "INTPTLAT": "+35.8433688", "INTPTLON": "-086.4172127" }, "geometry": { "type": "Polygon", "coordinates": [ [ [ -86.179138, 35.807565 ], [ -86.179141, 35.807533 ], [ -86.179153, 35.807441 ], [ -86.179157, 35.80741 ], [ -86.179159, 35.807392 ], [ -86.179274, 35.806681 ], [ -86.179507, 35.805245 ], [ -86.179563, 35.805087 ], [ -86.179634, 35.804993 ], [ -86.179682, 35.804945 ], [ -86.17993, 35.804772 ], [ -86.180002, 35.804697 ], [ -86.18011, 35.804569 ], [ -86.180327, 35.804156 ], [ -86.180362, 35.804058 ], [ -86.180365, 35.804047 ], [ -86.180501, 35.803671 ], [ -86.180534, 35.803585 ], [ -86.180909, 35.802637 ], [ -86.180962, 35.802523 ], [ -86.181011, 35.802449 ], [ -86.181061, 35.802384 ], [ -86.181195, 35.802244 ], [ -86.181275, 35.802162 ], [ -86.181562, 35.801899 ], [ -86.181624, 35.801842 ], [ -86.181776, 35.801694 ], [ -86.181858, 35.801596 ], [ -86.181943, 35.801468 ], [ -86.182025, 35.80133 ], [ -86.182068, 35.801221 ], [ -86.182092, 35.801128 ], [ -86.182096, 35.801025 ], [ -86.182064, 35.800647 ], [ -86.181982, 35.799986 ], [ -86.181968, 35.799774 ], [ -86.181937, 35.799289 ], [ -86.181942, 35.799198 ], [ -86.181962, 35.798855 ], [ -86.181987, 35.798547 ], [ -86.182016, 35.798426 ], [ -86.182083, 35.798247 ], [ -86.182115, 35.798195 ], [ -86.182195, 35.79807 ], [ -86.182417, 35.797789 ], [ -86.182541, 35.797601 ], [ -86.182671, 35.797335 ], [ -86.182725, 35.797195 ], [ -86.182865, 35.796746 ], [ -86.182882, 35.796578 ], [ -86.182869, 35.7965 ], [ -86.182823, 35.7964 ], [ -86.182647, 35.796239 ], [ -86.182103, 35.795851 ], [ -86.18197, 35.795741 ], [ -86.181359, 35.795235 ], [ -86.181216, 35.795049 ], [ -86.181213, 35.795036 ], [ -86.181208, 35.795003 ], [ -86.181208, 35.794993 ], [ -86.186969, 35.795727 ], [ -86.188591, 35.795935 ], [ -86.188848, 35.795357 ], [ -86.188578, 35.794393 ], [ -86.188801, 35.792336 ], [ -86.188099, 35.791224 ], [ -86.187915, 35.789889 ], [ -86.188173, 35.787501 ], [ -86.190429, 35.787122 ], [ -86.190128, 35.785673 ], [ -86.190089, 35.783921 ], [ -86.190642, 35.782436 ], [ -86.190647, 35.782425 ], [ -86.189772, 35.781051 ], [ -86.189682, 35.778861 ], [ -86.188436, 35.777294 ], [ -86.188387, 35.777232 ], [ -86.188924, 35.775932 ], [ -86.189159, 35.775367 ], [ -86.189456, 35.773546 ], [ -86.189891, 35.771758 ], [ -86.18978, 35.771646 ], [ -86.189125, 35.77099 ], [ -86.188792, 35.770543 ], [ -86.188026, 35.769517 ], [ -86.186416, 35.769644 ], [ -86.185267, 35.769325 ], [ -86.184832, 35.768836 ], [ -86.183032, 35.768471 ], [ -86.182807, 35.768426 ], [ -86.183434, 35.763813 ], [ -86.183484, 35.763443 ], [ -86.18709, 35.763725 ], [ -86.187515, 35.761388 ], [ -86.188294, 35.759048 ], [ -86.18985, 35.756877 ], [ -86.189067, 35.755398 ], [ -86.188301, 35.754025 ], [ -86.188382, 35.753962 ], [ -86.190689, 35.752194 ], [ -86.192097, 35.751758 ], [ -86.192496, 35.750069 ], [ -86.192597, 35.749633 ], [ -86.192601, 35.749618 ], [ -86.192776, 35.749088 ], [ -86.193303, 35.747501 ], [ -86.193456, 35.747044 ], [ -86.19348, 35.746972 ], [ -86.193875, 35.745863 ], [ -86.194932, 35.742909 ], [ -86.195064, 35.742539 ], [ -86.195462, 35.741432 ], [ -86.203834, 35.73741 ], [ -86.204228, 35.737221 ], [ -86.204564, 35.735968 ], [ -86.205041, 35.735207 ], [ -86.205422, 35.73472 ], [ -86.206237, 35.734119 ], [ -86.207079, 35.733194 ], [ -86.20792, 35.732286 ], [ -86.207799, 35.731964 ], [ -86.207536, 35.731142 ], [ -86.20757, 35.730431 ], [ -86.207546, 35.729883 ], [ -86.207277, 35.729601 ], [ -86.206642, 35.729169 ], [ -86.20578, 35.728705 ], [ -86.204928, 35.728355 ], [ -86.203671, 35.727901 ], [ -86.202978, 35.727727 ], [ -86.202908, 35.727623 ], [ -86.203005, 35.727372 ], [ -86.204713, 35.726208 ], [ -86.205605, 35.725324 ], [ -86.206272, 35.72482 ], [ -86.206446, 35.724383 ], [ -86.206341, 35.723511 ], [ -86.206089, 35.722899 ], [ -86.206026, 35.722423 ], [ -86.206338, 35.721905 ], [ -86.206611, 35.721573 ], [ -86.206678, 35.721241 ], [ -86.206348, 35.72067 ], [ -86.206162, 35.719655 ], [ -86.206078, 35.718993 ], [ -86.20618, 35.718201 ], [ -86.206303, 35.717482 ], [ -86.206585, 35.716965 ], [ -86.206958, 35.716721 ], [ -86.207153, 35.716679 ], [ -86.207589, 35.716588 ], [ -86.207912, 35.716256 ], [ -86.208123, 35.715601 ], [ -86.208235, 35.71476 ], [ -86.208259, 35.714066 ], [ -86.20852, 35.713346 ], [ -86.208769, 35.7124 ], [ -86.208752, 35.711528 ], [ -86.208347, 35.710239 ], [ -86.207868, 35.708111 ], [ -86.207785, 35.707524 ], [ -86.207763, 35.707361 ], [ -86.207609, 35.706587 ], [ -86.207263, 35.705838 ], [ -86.207015, 35.705301 ], [ -86.207022, 35.705003 ], [ -86.206986, 35.704786 ], [ -86.207, 35.704654 ], [ -86.20709, 35.704476 ], [ -86.207128, 35.704421 ], [ -86.207065, 35.703966 ], [ -86.207147, 35.70379 ], [ -86.207191, 35.703699 ], [ -86.207353, 35.703537 ], [ -86.207485, 35.703407 ], [ -86.207759, 35.703123 ], [ -86.207874, 35.702727 ], [ -86.208127, 35.702516 ], [ -86.208137, 35.702505 ], [ -86.208168, 35.702472 ], [ -86.208179, 35.702462 ], [ -86.208191, 35.70245 ], [ -86.208227, 35.702414 ], [ -86.208239, 35.702402 ], [ -86.208363, 35.70244 ], [ -86.20877, 35.702563 ], [ -86.210345, 35.703043 ], [ -86.210365, 35.703044 ], [ -86.210598, 35.703065 ], [ -86.210642, 35.703054 ], [ -86.210907, 35.702975 ], [ -86.211012, 35.702734 ], [ -86.211063, 35.702682 ], [ -86.211286, 35.702458 ], [ -86.211641, 35.702408 ], [ -86.211974, 35.702405 ], [ -86.212115, 35.702405 ], [ -86.21231, 35.702424 ], [ -86.212318, 35.702417 ], [ -86.212345, 35.702399 ], [ -86.212354, 35.702393 ], [ -86.212979, 35.70196 ], [ -86.214134, 35.701164 ], [ -86.214668, 35.700958 ], [ -86.214743, 35.700956 ], [ -86.214802, 35.700955 ], [ -86.214974, 35.70095 ], [ -86.215363, 35.700939 ], [ -86.215482, 35.700935 ], [ -86.215537, 35.700952 ], [ -86.215723, 35.70101 ], [ -86.215747, 35.701025 ], [ -86.215822, 35.701041 ], [ -86.215847, 35.701049 ], [ -86.2159, 35.701069 ], [ -86.216062, 35.701129 ], [ -86.216116, 35.70115 ], [ -86.216222, 35.701406 ], [ -86.216254, 35.701436 ], [ -86.21661, 35.701775 ], [ -86.216986, 35.701918 ], [ -86.217054, 35.701939 ], [ -86.217361, 35.702035 ], [ -86.21756, 35.702378 ], [ -86.218037, 35.703201 ], [ -86.218122, 35.703425 ], [ -86.218263, 35.703797 ], [ -86.218137, 35.703938 ], [ -86.218067, 35.704115 ], [ -86.217924, 35.70448 ], [ -86.218206, 35.704931 ], [ -86.218398, 35.70503 ], [ -86.218672, 35.705171 ], [ -86.218741, 35.705193 ], [ -86.218889, 35.705407 ], [ -86.219106, 35.70572 ], [ -86.219395, 35.705997 ], [ -86.219584, 35.706178 ], [ -86.21972, 35.706194 ], [ -86.22066, 35.706309 ], [ -86.221631, 35.706429 ], [ -86.221884, 35.706361 ], [ -86.222137, 35.706154 ], [ -86.222614, 35.705078 ], [ -86.222731, 35.704578 ], [ -86.222895, 35.703887 ], [ -86.223147, 35.703727 ], [ -86.223226, 35.703722 ], [ -86.223316, 35.703139 ], [ -86.223417, 35.702868 ], [ -86.223757, 35.701969 ], [ -86.2245, 35.701456 ], [ -86.225084, 35.700954 ], [ -86.225294, 35.700774 ], [ -86.22573, 35.700359 ], [ -86.226178, 35.70014 ], [ -86.226723, 35.699233 ], [ -86.227, 35.698786 ], [ -86.2272, 35.698463 ], [ -86.227273, 35.697696 ], [ -86.226667, 35.697158 ], [ -86.225589, 35.695703 ], [ -86.225471, 35.695468 ], [ -86.225318, 35.695164 ], [ -86.225522, 35.694775 ], [ -86.22579, 35.694755 ], [ -86.226066, 35.694732 ], [ -86.227861, 35.694811 ], [ -86.22871, 35.694703 ], [ -86.229163, 35.694646 ], [ -86.229458, 35.694608 ], [ -86.230521, 35.694263 ], [ -86.231719, 35.693594 ], [ -86.232425, 35.693009 ], [ -86.232911, 35.692143 ], [ -86.233084, 35.691568 ], [ -86.233584, 35.691162 ], [ -86.234893, 35.690864 ], [ -86.235591, 35.690557 ], [ -86.235896, 35.690422 ], [ -86.237014, 35.69023 ], [ -86.23768, 35.690114 ], [ -86.238715, 35.689923 ], [ -86.239852, 35.690352 ], [ -86.241118, 35.69074 ], [ -86.241233, 35.690679 ], [ -86.24156, 35.690511 ], [ -86.241724, 35.689954 ], [ -86.242392, 35.689667 ], [ -86.243131, 35.689574 ], [ -86.243304, 35.689563 ], [ -86.244561, 35.689469 ], [ -86.245406, 35.688899 ], [ -86.24555, 35.688462 ], [ -86.245782, 35.687928 ], [ -86.245958, 35.687831 ], [ -86.246182, 35.687321 ], [ -86.246254, 35.687164 ], [ -86.246705, 35.686195 ], [ -86.246817, 35.685428 ], [ -86.246537, 35.685222 ], [ -86.246043, 35.684859 ], [ -86.24593, 35.684833 ], [ -86.245472, 35.684728 ], [ -86.244737, 35.68456 ], [ -86.244555, 35.684076 ], [ -86.244553, 35.683938 ], [ -86.244551, 35.683624 ], [ -86.244537, 35.68347 ], [ -86.244486, 35.682874 ], [ -86.24381, 35.682248 ], [ -86.243982, 35.681601 ], [ -86.244452, 35.681147 ], [ -86.245186, 35.680521 ], [ -86.245241, 35.680401 ], [ -86.245554, 35.679727 ], [ -86.244896, 35.678843 ], [ -86.243938, 35.677509 ], [ -86.243832, 35.676662 ], [ -86.243873, 35.675652 ], [ -86.242819, 35.674681 ], [ -86.24238, 35.674151 ], [ -86.242353, 35.673255 ], [ -86.242356, 35.672407 ], [ -86.242123, 35.671682 ], [ -86.241878, 35.670739 ], [ -86.24184, 35.669877 ], [ -86.241829, 35.669601 ], [ -86.241672, 35.668464 ], [ -86.242503, 35.66758 ], [ -86.243567, 35.666831 ], [ -86.243719, 35.666725 ], [ -86.245333, 35.666353 ], [ -86.246912, 35.666376 ], [ -86.2479, 35.666492 ], [ -86.248802, 35.6658 ], [ -86.249052, 35.66504 ], [ -86.248529, 35.66388 ], [ -86.248354, 35.663009 ], [ -86.247944, 35.662406 ], [ -86.247104, 35.662274 ], [ -86.245969, 35.662248 ], [ -86.244654, 35.661795 ], [ -86.244076, 35.661113 ], [ -86.243762, 35.660138 ], [ -86.242771, 35.659586 ], [ -86.242097, 35.659162 ], [ -86.241293, 35.658553 ], [ -86.241171, 35.658398 ], [ -86.240844, 35.657983 ], [ -86.240731, 35.65741 ], [ -86.24093, 35.656472 ], [ -86.241918, 35.655474 ], [ -86.242494, 35.654728 ], [ -86.242784, 35.654024 ], [ -86.242959, 35.652586 ], [ -86.243406, 35.651849 ], [ -86.243842, 35.650853 ], [ -86.243645, 35.649748 ], [ -86.243841, 35.649507 ], [ -86.244202, 35.649067 ], [ -86.244919, 35.648756 ], [ -86.245296, 35.647866 ], [ -86.245748, 35.646507 ], [ -86.245682, 35.645644 ], [ -86.244895, 35.644776 ], [ -86.244268, 35.644053 ], [ -86.244145, 35.643537 ], [ -86.244753, 35.643106 ], [ -86.244866, 35.642476 ], [ -86.244376, 35.641703 ], [ -86.243711, 35.641182 ], [ -86.24342, 35.64049 ], [ -86.242638, 35.640179 ], [ -86.242278, 35.639592 ], [ -86.242398, 35.638607 ], [ -86.242154, 35.637784 ], [ -86.241389, 35.637062 ], [ -86.241443, 35.63644 ], [ -86.241744, 35.635979 ], [ -86.241862, 35.6358 ], [ -86.242417, 35.634982 ], [ -86.24325, 35.634339 ], [ -86.24321, 35.633145 ], [ -86.245179, 35.632299 ], [ -86.24526, 35.632265 ], [ -86.245371, 35.63222 ], [ -86.24529, 35.6321 ], [ -86.245242, 35.632028 ], [ -86.245165, 35.631913 ], [ -86.245347, 35.631917 ], [ -86.245442, 35.63192 ], [ -86.24572, 35.631928 ], [ -86.245767, 35.631929 ], [ -86.245893, 35.631933 ], [ -86.245922, 35.631934 ], [ -86.246076, 35.631938 ], [ -86.246143, 35.63194 ], [ -86.246346, 35.631946 ], [ -86.246414, 35.631949 ], [ -86.246865, 35.631959 ], [ -86.249994, 35.632116 ], [ -86.25766, 35.631921 ], [ -86.257632, 35.633152 ], [ -86.257478, 35.634286 ], [ -86.260257, 35.637604 ], [ -86.260424, 35.637757 ], [ -86.260577, 35.637897 ], [ -86.262714, 35.637884 ], [ -86.263763, 35.63956 ], [ -86.266556, 35.639769 ], [ -86.268368, 35.641113 ], [ -86.268898, 35.642631 ], [ -86.271483, 35.64296 ], [ -86.272722, 35.642708 ], [ -86.273309, 35.64259 ], [ -86.274769, 35.643786 ], [ -86.277229, 35.644589 ], [ -86.279328, 35.645648 ], [ -86.27981, 35.645892 ], [ -86.280924, 35.648615 ], [ -86.282828, 35.648382 ], [ -86.284018, 35.649084 ], [ -86.285457, 35.648315 ], [ -86.287584, 35.648252 ], [ -86.28743, 35.646593 ], [ -86.286466, 35.645144 ], [ -86.286826, 35.644028 ], [ -86.286923, 35.643409 ], [ -86.288637, 35.643359 ], [ -86.289831, 35.643869 ], [ -86.289916, 35.644844 ], [ -86.290741, 35.645688 ], [ -86.291337, 35.646023 ], [ -86.292153, 35.646094 ], [ -86.293525, 35.647273 ], [ -86.295266, 35.647449 ], [ -86.297316, 35.64658 ], [ -86.299562, 35.646447 ], [ -86.300798, 35.646087 ], [ -86.301227, 35.645787 ], [ -86.301335, 35.645713 ], [ -86.302421, 35.64619 ], [ -86.304596, 35.646332 ], [ -86.305235, 35.646375 ], [ -86.305636, 35.647334 ], [ -86.305893, 35.64795 ], [ -86.306493, 35.64868 ], [ -86.306181, 35.650585 ], [ -86.30547, 35.651505 ], [ -86.304096, 35.651155 ], [ -86.302783, 35.651394 ], [ -86.302123, 35.652829 ], [ -86.302048, 35.653996 ], [ -86.300724, 35.654371 ], [ -86.300321, 35.655736 ], [ -86.301156, 35.656581 ], [ -86.303177, 35.657806 ], [ -86.303287, 35.658009 ], [ -86.304128, 35.659553 ], [ -86.3076, 35.659196 ], [ -86.309328, 35.659517 ], [ -86.310243, 35.660306 ], [ -86.310374, 35.661587 ], [ -86.311811, 35.661575 ], [ -86.312216, 35.661498 ], [ -86.313895, 35.661182 ], [ -86.315215, 35.661153 ], [ -86.315959, 35.661027 ], [ -86.317209, 35.660816 ], [ -86.318896, 35.662037 ], [ -86.319554, 35.662124 ], [ -86.320216, 35.662096 ], [ -86.320845, 35.66207 ], [ -86.321324, 35.662348 ], [ -86.325368, 35.661875 ], [ -86.326323, 35.662639 ], [ -86.327852, 35.662395 ], [ -86.329587, 35.660863 ], [ -86.331977, 35.659587 ], [ -86.332771, 35.659008 ], [ -86.334075, 35.658059 ], [ -86.335679, 35.658193 ], [ -86.336847, 35.659061 ], [ -86.33693, 35.659122 ], [ -86.337005, 35.659178 ], [ -86.336914, 35.659375 ], [ -86.336871, 35.659469 ], [ -86.336543, 35.660188 ], [ -86.336244, 35.660846 ], [ -86.33603, 35.662149 ], [ -86.336331, 35.662276 ], [ -86.33706, 35.662584 ], [ -86.338262, 35.663093 ], [ -86.340438, 35.663168 ], [ -86.34194, 35.664259 ], [ -86.344292, 35.663657 ], [ -86.344384, 35.663667 ], [ -86.345069, 35.663744 ], [ -86.344095, 35.662167 ], [ -86.343776, 35.660917 ], [ -86.345509, 35.659482 ], [ -86.347282, 35.658723 ], [ -86.348652, 35.65933 ], [ -86.350624, 35.660666 ], [ -86.352734, 35.660482 ], [ -86.354825, 35.657939 ], [ -86.354374, 35.655561 ], [ -86.35146, 35.654772 ], [ -86.351086, 35.65402 ], [ -86.350702, 35.653245 ], [ -86.352169, 35.650237 ], [ -86.354985, 35.65031 ], [ -86.355816, 35.650331 ], [ -86.356268, 35.650342 ], [ -86.357624, 35.650378 ], [ -86.358077, 35.65039 ], [ -86.35815, 35.650391 ], [ -86.35837, 35.650397 ], [ -86.358444, 35.650399 ], [ -86.358653, 35.650404 ], [ -86.358999, 35.650414 ], [ -86.359246, 35.650424 ], [ -86.359283, 35.650425 ], [ -86.359493, 35.650433 ], [ -86.359493, 35.650451 ], [ -86.359494, 35.650505 ], [ -86.359495, 35.650524 ], [ -86.359505, 35.651104 ], [ -86.359522, 35.651379 ], [ -86.359523, 35.651394 ], [ -86.359582, 35.65167 ], [ -86.359595, 35.65173 ], [ -86.359716, 35.652161 ], [ -86.359758, 35.652161 ], [ -86.362826, 35.65228 ], [ -86.363145, 35.65179 ], [ -86.363177, 35.65174 ], [ -86.363379, 35.651431 ], [ -86.365601, 35.650926 ], [ -86.36658, 35.649026 ], [ -86.366725, 35.648471 ], [ -86.369035, 35.647274 ], [ -86.370673, 35.647038 ], [ -86.372596, 35.646031 ], [ -86.373396, 35.645812 ], [ -86.374992, 35.646043 ], [ -86.375192, 35.646167 ], [ -86.375737, 35.646481 ], [ -86.376464, 35.647031 ], [ -86.376796, 35.647157 ], [ -86.377112, 35.64667 ], [ -86.377532, 35.645903 ], [ -86.377841, 35.645303 ], [ -86.378247, 35.644244 ], [ -86.3786, 35.643419 ], [ -86.378642, 35.642823 ], [ -86.378377, 35.642319 ], [ -86.37834, 35.642265 ], [ -86.378233, 35.642107 ], [ -86.377793, 35.64153 ], [ -86.377754, 35.641479 ], [ -86.377049, 35.640824 ], [ -86.376293, 35.64024 ], [ -86.375711, 35.63974 ], [ -86.375587, 35.639634 ], [ -86.374992, 35.639174 ], [ -86.374646, 35.638667 ], [ -86.374617, 35.638624 ], [ -86.374407, 35.638022 ], [ -86.374399, 35.637539 ], [ -86.374539, 35.637056 ], [ -86.374607, 35.636907 ], [ -86.374679, 35.636755 ], [ -86.374992, 35.636439 ], [ -86.375134, 35.636385 ], [ -86.375417, 35.636094 ], [ -86.375607, 35.6359 ], [ -86.375825, 35.635363 ], [ -86.375611, 35.634804 ], [ -86.375452, 35.634648 ], [ -86.375254, 35.634452 ], [ -86.374992, 35.634359 ], [ -86.37487, 35.634242 ], [ -86.374551, 35.633936 ], [ -86.374515, 35.633884 ], [ -86.374419, 35.633747 ], [ -86.373921, 35.633032 ], [ -86.373801, 35.632791 ], [ -86.373291, 35.631762 ], [ -86.373011, 35.6311 ], [ -86.372941, 35.63068 ], [ -86.373221, 35.63032 ], [ -86.373641, 35.63014 ], [ -86.373853, 35.630119 ], [ -86.374271, 35.63008 ], [ -86.374992, 35.630094 ], [ -86.375927, 35.630136 ], [ -86.37632, 35.630154 ], [ -86.376959, 35.630219 ], [ -86.377404, 35.630129 ], [ -86.378037, 35.629993 ], [ -86.378702, 35.629904 ], [ -86.378966, 35.62987 ], [ -86.379636, 35.629868 ], [ -86.379655, 35.629868 ], [ -86.380801, 35.629235 ], [ -86.381599, 35.628795 ], [ -86.382231, 35.628683 ], [ -86.382648, 35.628568 ], [ -86.382863, 35.628176 ], [ -86.382853, 35.627692 ], [ -86.382568, 35.627229 ], [ -86.382831, 35.626777 ], [ -86.383677, 35.626463 ], [ -86.384095, 35.62638 ], [ -86.384299, 35.62634 ], [ -86.384518, 35.626297 ], [ -86.38459, 35.626315 ], [ -86.384861, 35.626383 ], [ -86.385256, 35.626332 ], [ -86.385969, 35.626125 ], [ -86.386068, 35.626117 ], [ -86.386573, 35.626081 ], [ -86.386896, 35.626058 ], [ -86.386967, 35.62606 ], [ -86.387762, 35.626094 ], [ -86.388131, 35.626215 ], [ -86.388202, 35.626238 ], [ -86.388413, 35.62648 ], [ -86.388751, 35.626867 ], [ -86.388763, 35.626873 ], [ -86.389326, 35.627157 ], [ -86.38965, 35.627194 ], [ -86.390263, 35.627072 ], [ -86.39056, 35.627014 ], [ -86.390784, 35.626995 ], [ -86.39124, 35.626959 ], [ -86.392071, 35.626826 ], [ -86.393246, 35.626657 ], [ -86.394164, 35.62659 ], [ -86.394669, 35.626887 ], [ -86.39518, 35.627443 ], [ -86.395498, 35.627778 ], [ -86.395406, 35.627446 ], [ -86.395374, 35.627377 ], [ -86.395227, 35.627057 ], [ -86.394981, 35.626602 ], [ -86.394715, 35.626138 ], [ -86.394443, 35.625513 ], [ -86.394477, 35.62507 ], [ -86.39456, 35.623805 ], [ -86.39509, 35.623204 ], [ -86.39711, 35.622381 ], [ -86.398183, 35.622382 ], [ -86.3987, 35.622072 ], [ -86.399242, 35.621334 ], [ -86.399791, 35.620741 ], [ -86.40135, 35.619786 ], [ -86.401559, 35.61894 ], [ -86.401731, 35.618627 ], [ -86.402726, 35.618571 ], [ -86.403312, 35.618874 ], [ -86.404237, 35.620642 ], [ -86.404655, 35.621442 ], [ -86.405157, 35.622197 ], [ -86.405978, 35.622631 ], [ -86.406722, 35.62292 ], [ -86.40881, 35.623086 ], [ -86.409525, 35.623144 ], [ -86.410029, 35.623051 ], [ -86.41085, 35.622727 ], [ -86.411401, 35.622699 ], [ -86.41195, 35.622921 ], [ -86.412744, 35.623162 ], [ -86.413678, 35.623177 ], [ -86.41487, 35.623945 ], [ -86.41569, 35.624586 ], [ -86.416308, 35.62507 ], [ -86.416866, 35.625559 ], [ -86.417286, 35.626218 ], [ -86.417459, 35.626849 ], [ -86.417622, 35.627497 ], [ -86.4179, 35.628259 ], [ -86.417448, 35.62872 ], [ -86.417519, 35.629092 ], [ -86.417575, 35.629697 ], [ -86.417275, 35.630403 ], [ -86.416924, 35.630761 ], [ -86.416408, 35.631366 ], [ -86.4158, 35.632196 ], [ -86.415369, 35.632996 ], [ -86.415369, 35.633088 ], [ -86.415374, 35.63373 ], [ -86.415392, 35.634279 ], [ -86.415338, 35.63493 ], [ -86.415019, 35.635587 ], [ -86.414565, 35.63612 ], [ -86.414239, 35.636608 ], [ -86.414212, 35.637002 ], [ -86.413847, 35.637029 ], [ -86.413429, 35.640023 ], [ -86.418028, 35.640522 ], [ -86.418902, 35.640617 ], [ -86.418391, 35.645293 ], [ -86.418173, 35.647178 ], [ -86.417908, 35.647166 ], [ -86.417116, 35.647131 ], [ -86.417066, 35.647129 ], [ -86.416924, 35.647134 ], [ -86.416854, 35.647147 ], [ -86.416823, 35.647152 ], [ -86.416788, 35.647159 ], [ -86.416751, 35.647184 ], [ -86.416746, 35.647195 ], [ -86.416734, 35.647224 ], [ -86.416717, 35.64725 ], [ -86.416674, 35.647465 ], [ -86.416674, 35.647699 ], [ -86.416674, 35.647937 ], [ -86.416638, 35.649151 ], [ -86.416625, 35.649636 ], [ -86.418333, 35.649663 ], [ -86.420649, 35.649701 ], [ -86.423458, 35.649747 ], [ -86.424931, 35.649772 ], [ -86.424145, 35.652976 ], [ -86.424415, 35.652858 ], [ -86.425145, 35.652543 ], [ -86.427146, 35.651555 ], [ -86.428523, 35.650839 ], [ -86.428898, 35.650645 ], [ -86.430247, 35.649736 ], [ -86.431136, 35.648685 ], [ -86.431486, 35.647916 ], [ -86.432679, 35.646908 ], [ -86.434289, 35.646229 ], [ -86.436629, 35.64552 ], [ -86.438418, 35.645231 ], [ -86.439123, 35.645426 ], [ -86.440223, 35.645611 ], [ -86.440274, 35.645618 ], [ -86.441362, 35.64578 ], [ -86.442338, 35.646229 ], [ -86.443333, 35.646243 ], [ -86.444741, 35.646177 ], [ -86.444839, 35.645651 ], [ -86.444952, 35.645055 ], [ -86.445069, 35.644063 ], [ -86.445112, 35.643707 ], [ -86.445134, 35.643532 ], [ -86.445905, 35.643601 ], [ -86.445995, 35.643609 ], [ -86.446792, 35.643688 ], [ -86.44778, 35.643775 ], [ -86.448219, 35.643821 ], [ -86.44899, 35.643902 ], [ -86.449775, 35.643984 ], [ -86.452133, 35.644233 ], [ -86.452919, 35.644316 ], [ -86.453009, 35.644325 ], [ -86.453343, 35.644358 ], [ -86.454028, 35.644428 ], [ -86.454614, 35.644497 ], [ -86.455038, 35.644548 ], [ -86.455092, 35.644142 ], [ -86.455258, 35.642924 ], [ -86.455313, 35.642519 ], [ -86.455473, 35.641353 ], [ -86.455954, 35.637858 ], [ -86.456052, 35.637154 ], [ -86.456416, 35.637194 ], [ -86.456514, 35.637207 ], [ -86.457647, 35.637335 ], [ -86.461047, 35.637721 ], [ -86.462181, 35.63785 ], [ -86.462176, 35.637885 ], [ -86.462163, 35.63799 ], [ -86.46216, 35.638026 ], [ -86.461991, 35.639455 ], [ -86.461775, 35.641288 ], [ -86.46158, 35.643153 ], [ -86.461501, 35.643731 ], [ -86.461499, 35.643744 ], [ -86.461449, 35.644318 ], [ -86.461374, 35.644934 ], [ -86.461353, 35.645176 ], [ -86.462029, 35.645247 ], [ -86.46305, 35.645355 ], [ -86.46406, 35.645445 ], [ -86.464738, 35.645506 ], [ -86.466105, 35.645641 ], [ -86.47011, 35.646038 ], [ -86.470206, 35.646046 ], [ -86.471575, 35.646169 ], [ -86.471624, 35.646173 ], [ -86.471901, 35.646198 ], [ -86.472879, 35.646289 ], [ -86.473189, 35.646319 ], [ -86.473206, 35.646321 ], [ -86.472833, 35.649124 ], [ -86.472088, 35.654732 ], [ -86.474894, 35.655067 ], [ -86.477702, 35.655404 ], [ -86.479028, 35.65554 ], [ -86.483008, 35.655949 ], [ -86.483695, 35.65602 ], [ -86.484336, 35.656083 ], [ -86.485449, 35.656221 ], [ -86.485766, 35.656256 ], [ -86.487017, 35.656396 ], [ -86.487815, 35.656472 ], [ -86.487975, 35.656495 ], [ -86.488085, 35.656529 ], [ -86.488155, 35.65657 ], [ -86.488185, 35.656604 ], [ -86.488194, 35.656614 ], [ -86.488214, 35.656696 ], [ -86.488207, 35.65683 ], [ -86.488089, 35.657427 ], [ -86.488082, 35.657504 ], [ -86.488094, 35.657574 ], [ -86.488118, 35.657615 ], [ -86.488181, 35.657668 ], [ -86.488261, 35.65769 ], [ -86.488394, 35.657708 ], [ -86.488916, 35.657733 ], [ -86.489326, 35.657754 ], [ -86.490354, 35.657833 ], [ -86.490379, 35.657835 ], [ -86.491006, 35.657878 ], [ -86.492602, 35.657989 ], [ -86.492963, 35.658025 ], [ -86.493145, 35.658044 ], [ -86.493461, 35.658074 ], [ -86.493612, 35.658044 ], [ -86.494006, 35.658048 ], [ -86.493814, 35.65956 ], [ -86.493652, 35.660847 ], [ -86.498087, 35.66131 ], [ -86.499407, 35.661449 ], [ -86.499797, 35.66149 ], [ -86.499773, 35.661688 ], [ -86.499761, 35.661803 ], [ -86.499517, 35.663944 ], [ -86.499448, 35.664556 ], [ -86.499992, 35.664573 ], [ -86.501899, 35.664993 ], [ -86.501608, 35.667149 ], [ -86.50312, 35.667339 ], [ -86.505373, 35.667624 ], [ -86.50537, 35.667644 ], [ -86.505363, 35.667706 ], [ -86.505361, 35.667727 ], [ -86.505296, 35.668276 ], [ -86.50525, 35.668571 ], [ -86.50518, 35.669019 ], [ -86.505079, 35.669667 ], [ -86.505041, 35.669892 ], [ -86.505002, 35.670127 ], [ -86.504966, 35.670383 ], [ -86.504939, 35.670504 ], [ -86.50489, 35.670667 ], [ -86.504837, 35.670804 ], [ -86.506828, 35.671177 ], [ -86.508304, 35.671289 ], [ -86.5084, 35.671293 ], [ -86.50875, 35.671306 ], [ -86.509319, 35.671348 ], [ -86.509482, 35.67136 ], [ -86.50936, 35.672212 ], [ -86.508994, 35.67477 ], [ -86.508931, 35.675214 ], [ -86.508926, 35.675295 ], [ -86.508868, 35.675474 ], [ -86.5088, 35.675586 ], [ -86.508794, 35.675598 ], [ -86.511671, 35.675951 ], [ -86.513157, 35.676134 ], [ -86.513155, 35.676158 ], [ -86.513078, 35.676998 ], [ -86.519366, 35.677742 ], [ -86.519442, 35.677751 ], [ -86.519121, 35.680556 ], [ -86.519084, 35.680867 ], [ -86.516676, 35.680586 ], [ -86.516483, 35.682016 ], [ -86.515932, 35.68611 ], [ -86.515677, 35.686104 ], [ -86.515516, 35.688396 ], [ -86.520208, 35.688519 ], [ -86.520306, 35.687358 ], [ -86.520432, 35.685892 ], [ -86.523136, 35.686045 ], [ -86.523167, 35.686046 ], [ -86.523261, 35.686051 ], [ -86.523293, 35.686053 ], [ -86.52329, 35.686173 ], [ -86.523269, 35.686872 ], [ -86.523263, 35.68707 ], [ -86.52326, 35.687209 ], [ -86.523247, 35.68753 ], [ -86.523209, 35.688127 ], [ -86.523213, 35.688171 ], [ -86.523277, 35.688919 ], [ -86.523361, 35.689603 ], [ -86.523378, 35.689855 ], [ -86.523472, 35.689816 ], [ -86.523637, 35.689786 ], [ -86.523898, 35.689761 ], [ -86.523921, 35.689759 ], [ -86.524239, 35.689765 ], [ -86.525625, 35.689831 ], [ -86.526401, 35.689899 ], [ -86.526533, 35.689921 ], [ -86.526643, 35.689974 ], [ -86.526683, 35.690021 ], [ -86.526715, 35.690095 ], [ -86.526718, 35.690209 ], [ -86.526618, 35.691043 ], [ -86.526625, 35.691185 ], [ -86.526642, 35.691246 ], [ -86.526678, 35.691299 ], [ -86.526735, 35.691345 ], [ -86.526792, 35.691374 ], [ -86.526878, 35.69139 ], [ -86.528185, 35.691496 ], [ -86.529581, 35.691626 ], [ -86.530976, 35.691735 ], [ -86.532372, 35.691877 ], [ -86.53375, 35.692 ], [ -86.53481, 35.692076 ], [ -86.535299, 35.692114 ], [ -86.535628, 35.69215 ], [ -86.537514, 35.692235 ], [ -86.53734, 35.693266 ], [ -86.543235, 35.694207 ], [ -86.543685, 35.694278 ], [ -86.543585, 35.69486 ], [ -86.543116, 35.697617 ], [ -86.549729, 35.69804 ], [ -86.549809, 35.698045 ], [ -86.551406, 35.69815 ], [ -86.551448, 35.698153 ], [ -86.5627, 35.698892 ], [ -86.568082, 35.699244 ], [ -86.568295, 35.699246 ], [ -86.570946, 35.69924 ], [ -86.57107, 35.699241 ], [ -86.573124, 35.699264 ], [ -86.579289, 35.699333 ], [ -86.581148, 35.699354 ], [ -86.581343, 35.699377 ], [ -86.581425, 35.699386 ], [ -86.581671, 35.699416 ], [ -86.581754, 35.699426 ], [ -86.584978, 35.699801 ], [ -86.594652, 35.700928 ], [ -86.597877, 35.701304 ], [ -86.598374, 35.701358 ], [ -86.599865, 35.701523 ], [ -86.600362, 35.701578 ], [ -86.6038, 35.701778 ], [ -86.614114, 35.702378 ], [ -86.615763, 35.702473 ], [ -86.617553, 35.702578 ], [ -86.618722, 35.702638 ], [ -86.619446, 35.702676 ], [ -86.619515, 35.701079 ], [ -86.620704, 35.701036 ], [ -86.621875, 35.700995 ], [ -86.621968, 35.700991 ], [ -86.622088, 35.700987 ], [ -86.622204, 35.700984 ], [ -86.622211, 35.701028 ], [ -86.622226, 35.701121 ], [ -86.622215, 35.701154 ], [ -86.622182, 35.701256 ], [ -86.622172, 35.70129 ], [ -86.622138, 35.701392 ], [ -86.622048, 35.701951 ], [ -86.621912, 35.702808 ], [ -86.623067, 35.702825 ], [ -86.623605, 35.702833 ], [ -86.623742, 35.702829 ], [ -86.623791, 35.702827 ], [ -86.623915, 35.702823 ], [ -86.624977, 35.70279 ], [ -86.624995, 35.70279 ], [ -86.628675, 35.702502 ], [ -86.629908, 35.702406 ], [ -86.630121, 35.702389 ], [ -86.63241, 35.702239 ], [ -86.636362, 35.701982 ], [ -86.635657, 35.701715 ], [ -86.636331, 35.698985 ], [ -86.636933, 35.696551 ], [ -86.637034, 35.696115 ], [ -86.637432, 35.69442 ], [ -86.638934, 35.68803 ], [ -86.639436, 35.6859 ], [ -86.642389, 35.686235 ], [ -86.641978, 35.689037 ], [ -86.643058, 35.689158 ], [ -86.643147, 35.689168 ], [ -86.643283, 35.689183 ], [ -86.64964, 35.689895 ], [ -86.649695, 35.689902 ], [ -86.651389, 35.690092 ], [ -86.651194, 35.691586 ], [ -86.657434, 35.692231 ], [ -86.66032, 35.692529 ], [ -86.66047, 35.692544 ], [ -86.661619, 35.692664 ], [ -86.661346, 35.694844 ], [ -86.667188, 35.695283 ], [ -86.66713, 35.695882 ], [ -86.66708, 35.696308 ], [ -86.667074, 35.696357 ], [ -86.67009, 35.696696 ], [ -86.670208, 35.696705 ], [ -86.674255, 35.696962 ], [ -86.673683, 35.703306 ], [ -86.673717, 35.703309 ], [ -86.674872, 35.703555 ], [ -86.675371, 35.703605 ], [ -86.675989, 35.703683 ], [ -86.677206, 35.703775 ], [ -86.67951, 35.703896 ], [ -86.67987, 35.703911 ], [ -86.680523, 35.703933 ], [ -86.681331, 35.703996 ], [ -86.68159, 35.704016 ], [ -86.682368, 35.704076 ], [ -86.682628, 35.704097 ], [ -86.682625, 35.704112 ], [ -86.682625, 35.70415 ], [ -86.682631, 35.70431 ], [ -86.682625, 35.704452 ], [ -86.682584, 35.704881 ], [ -86.682564, 35.704986 ], [ -86.682557, 35.705002 ], [ -86.68253, 35.705073 ], [ -86.682517, 35.705183 ], [ -86.682422, 35.705552 ], [ -86.682402, 35.705706 ], [ -86.682328, 35.706046 ], [ -86.682335, 35.706151 ], [ -86.682315, 35.706338 ], [ -86.682288, 35.706513 ], [ -86.682234, 35.706612 ], [ -86.6822, 35.706739 ], [ -86.68218, 35.706838 ], [ -86.682126, 35.706981 ], [ -86.681984, 35.707179 ], [ -86.681964, 35.707266 ], [ -86.68187, 35.707365 ], [ -86.681769, 35.707442 ], [ -86.681728, 35.707529 ], [ -86.681627, 35.70775 ], [ -86.68154, 35.707882 ], [ -86.681486, 35.707926 ], [ -86.68129, 35.708041 ], [ -86.68127, 35.708096 ], [ -86.681203, 35.708184 ], [ -86.68118, 35.708221 ], [ -86.680668, 35.709526 ], [ -86.680652, 35.70957 ], [ -86.684796, 35.709929 ], [ -86.686193, 35.710051 ], [ -86.686157, 35.710519 ], [ -86.68611, 35.711125 ], [ -86.685971, 35.712949 ], [ -86.685925, 35.713558 ], [ -86.686082, 35.713561 ], [ -86.686325, 35.71355 ], [ -86.686566, 35.71351 ], [ -86.686631, 35.7135 ], [ -86.687936, 35.713217 ], [ -86.688045, 35.713191 ], [ -86.68817, 35.713171 ], [ -86.688291, 35.713165 ], [ -86.68845, 35.713168 ], [ -86.688464, 35.713169 ], [ -86.688612, 35.713181 ], [ -86.689105, 35.713254 ], [ -86.689103, 35.713267 ], [ -86.688588, 35.718082 ], [ -86.688557, 35.718372 ], [ -86.691817, 35.7185 ], [ -86.692002, 35.71852 ], [ -86.692638, 35.718633 ], [ -86.693091, 35.718713 ], [ -86.694468, 35.718832 ], [ -86.694658, 35.718837 ], [ -86.694703, 35.71876 ], [ -86.694862, 35.717673 ], [ -86.694905, 35.717577 ], [ -86.695008, 35.717547 ], [ -86.695406, 35.717587 ], [ -86.697897, 35.717844 ], [ -86.698003, 35.717835 ], [ -86.698068, 35.717846 ], [ -86.698119, 35.717839 ], [ -86.698138, 35.717837 ], [ -86.698302, 35.717816 ], [ -86.698381, 35.717808 ], [ -86.698559, 35.717811 ], [ -86.699099, 35.717828 ], [ -86.699281, 35.717837 ], [ -86.69953, 35.718889 ], [ -86.699659, 35.719428 ], [ -86.700201, 35.722022 ], [ -86.700214, 35.722143 ], [ -86.700265, 35.722621 ], [ -86.70019, 35.723029 ], [ -86.69997, 35.724254 ], [ -86.699898, 35.724665 ], [ -86.699777, 35.72534 ], [ -86.699752, 35.725478 ], [ -86.699728, 35.725615 ], [ -86.699612, 35.726245 ], [ -86.699528, 35.726707 ], [ -86.698905, 35.730202 ], [ -86.698802, 35.730911 ], [ -86.69879, 35.730991 ], [ -86.698669, 35.731831 ], [ -86.698561, 35.732581 ], [ -86.698478, 35.733578 ], [ -86.698446, 35.733958 ], [ -86.698427, 35.734193 ], [ -86.698352, 35.735098 ], [ -86.698269, 35.736572 ], [ -86.698214, 35.737572 ], [ -86.698136, 35.739054 ], [ -86.698087, 35.740013 ], [ -86.698032, 35.741059 ], [ -86.698017, 35.741335 ], [ -86.69801, 35.741484 ], [ -86.697992, 35.741922 ], [ -86.697985, 35.742238 ], [ -86.697983, 35.742323 ], [ -86.697972, 35.742497 ], [ -86.697964, 35.742632 ], [ -86.697913, 35.743502 ], [ -86.697826, 35.744984 ], [ -86.697818, 35.745243 ], [ -86.697799, 35.746022 ], [ -86.697794, 35.746284 ], [ -86.697759, 35.746277 ], [ -86.697667, 35.746416 ], [ -86.697619, 35.74678 ], [ -86.697601, 35.746911 ], [ -86.69758, 35.747077 ], [ -86.69755, 35.747306 ], [ -86.697429, 35.748254 ], [ -86.697393, 35.74855 ], [ -86.697277, 35.749304 ], [ -86.697164, 35.750072 ], [ -86.696911, 35.751569 ], [ -86.696886, 35.751722 ], [ -86.696904, 35.752334 ], [ -86.696318, 35.752486 ], [ -86.696117, 35.752539 ], [ -86.69565, 35.752613 ], [ -86.695234, 35.752653 ], [ -86.694237, 35.752691 ], [ -86.693698, 35.752712 ], [ -86.69354, 35.752719 ], [ -86.693406, 35.752922 ], [ -86.693006, 35.753534 ], [ -86.692884, 35.753723 ], [ -86.692874, 35.753739 ], [ -86.692584, 35.754189 ], [ -86.692376, 35.754532 ], [ -86.692339, 35.75452 ], [ -86.69231, 35.754511 ], [ -86.692141, 35.754441 ], [ -86.692076, 35.754414 ], [ -86.692025, 35.754393 ], [ -86.692094, 35.754242 ], [ -86.692372, 35.753639 ], [ -86.692465, 35.753438 ], [ -86.692475, 35.753416 ], [ -86.692499, 35.753365 ], [ -86.692493, 35.75335 ], [ -86.692486, 35.753328 ], [ -86.692181, 35.752448 ], [ -86.692155, 35.75227 ], [ -86.69219, 35.751972 ], [ -86.692366, 35.751069 ], [ -86.688045, 35.750658 ], [ -86.681813, 35.750066 ], [ -86.681701, 35.750753 ], [ -86.680854, 35.750621 ], [ -86.680326, 35.753875 ], [ -86.679931, 35.756304 ], [ -86.679478, 35.756258 ], [ -86.678645, 35.762187 ], [ -86.678142, 35.765772 ], [ -86.675091, 35.765689 ], [ -86.6751, 35.766342 ], [ -86.675135, 35.768304 ], [ -86.675149, 35.76896 ], [ -86.674498, 35.768853 ], [ -86.674363, 35.768832 ], [ -86.673575, 35.768731 ], [ -86.672897, 35.768637 ], [ -86.672737, 35.768623 ], [ -86.672562, 35.768625 ], [ -86.672417, 35.768633 ], [ -86.672316, 35.768648 ], [ -86.672194, 35.768683 ], [ -86.672094, 35.768743 ], [ -86.67203, 35.76882 ], [ -86.67201, 35.768866 ], [ -86.672002, 35.768885 ], [ -86.672, 35.768894 ], [ -86.671982, 35.768985 ], [ -86.671977, 35.769016 ], [ -86.671904, 35.7694 ], [ -86.671786, 35.770155 ], [ -86.671715, 35.770706 ], [ -86.671662, 35.77113 ], [ -86.671618, 35.771427 ], [ -86.671583, 35.771541 ], [ -86.671521, 35.771644 ], [ -86.671439, 35.771697 ], [ -86.671371, 35.771721 ], [ -86.671288, 35.771736 ], [ -86.671037, 35.771726 ], [ -86.670776, 35.771705 ], [ -86.667399, 35.771332 ], [ -86.667327, 35.771325 ], [ -86.6657, 35.771136 ], [ -86.665291, 35.771102 ], [ -86.664068, 35.771002 ], [ -86.663821, 35.770982 ], [ -86.663666, 35.770943 ], [ -86.663598, 35.770896 ], [ -86.663531, 35.770849 ], [ -86.663458, 35.770716 ], [ -86.663444, 35.770525 ], [ -86.663488, 35.770264 ], [ -86.663561, 35.769848 ], [ -86.663554, 35.76968 ], [ -86.663443, 35.769452 ], [ -86.662877, 35.769079 ], [ -86.662767, 35.76896 ], [ -86.662671, 35.768768 ], [ -86.662634, 35.76848 ], [ -86.662622, 35.768357 ], [ -86.662568, 35.767809 ], [ -86.662443, 35.767629 ], [ -86.662217, 35.767547 ], [ -86.662201, 35.767541 ], [ -86.661504, 35.767459 ], [ -86.66128, 35.767433 ], [ -86.661266, 35.767431 ], [ -86.661156, 35.768471 ], [ -86.660826, 35.771593 ], [ -86.660717, 35.772634 ], [ -86.660635, 35.77341 ], [ -86.660625, 35.773483 ], [ -86.6603, 35.776027 ], [ -86.660275, 35.776226 ], [ -86.660245, 35.776624 ], [ -86.660235, 35.776752 ], [ -86.660225, 35.776879 ], [ -86.660306, 35.777408 ], [ -86.660299, 35.77743 ], [ -86.660052, 35.778342 ], [ -86.65998, 35.77907 ], [ -86.659926, 35.779626 ], [ -86.659902, 35.78005 ], [ -86.659664, 35.781169 ], [ -86.659704, 35.781365 ], [ -86.659728, 35.781481 ], [ -86.659966, 35.781734 ], [ -86.660081, 35.781796 ], [ -86.661398, 35.782512 ], [ -86.661728, 35.78261 ], [ -86.662066, 35.782534 ], [ -86.662707, 35.782219 ], [ -86.662919, 35.782167 ], [ -86.663316, 35.782158 ], [ -86.663667, 35.782312 ], [ -86.663931, 35.782503 ], [ -86.664144, 35.78273 ], [ -86.664217, 35.782898 ], [ -86.664239, 35.783252 ], [ -86.664042, 35.783682 ], [ -86.663329, 35.784211 ], [ -86.663112, 35.784519 ], [ -86.662892, 35.784695 ], [ -86.662726, 35.78483 ], [ -86.662134, 35.785137 ], [ -86.661772, 35.785392 ], [ -86.661542, 35.785734 ], [ -86.661454, 35.786008 ], [ -86.661457, 35.786317 ], [ -86.661467, 35.786348 ], [ -86.661457, 35.786382 ], [ -86.661459, 35.786608 ], [ -86.661689, 35.787251 ], [ -86.661751, 35.787367 ], [ -86.661899, 35.787643 ], [ -86.662149, 35.787977 ], [ -86.662693, 35.788392 ], [ -86.66291, 35.788598 ], [ -86.663152, 35.788827 ], [ -86.663368, 35.789174 ], [ -86.663374, 35.789421 ], [ -86.663229, 35.789927 ], [ -86.663088, 35.790421 ], [ -86.662855, 35.790934 ], [ -86.662783, 35.790928 ], [ -86.66238, 35.790897 ], [ -86.660963, 35.790787 ], [ -86.660492, 35.790752 ], [ -86.658733, 35.790601 ], [ -86.653463, 35.790155 ], [ -86.651984, 35.790029 ], [ -86.651706, 35.790006 ], [ -86.651684, 35.790005 ], [ -86.651395, 35.78998 ], [ -86.650962, 35.789944 ], [ -86.650465, 35.789902 ], [ -86.650157, 35.789876 ], [ -86.650109, 35.789871 ], [ -86.649964, 35.789859 ], [ -86.649916, 35.789855 ], [ -86.649909, 35.789896 ], [ -86.649889, 35.790022 ], [ -86.649887, 35.790038 ], [ -86.649886, 35.790063 ], [ -86.649878, 35.790166 ], [ -86.649875, 35.790209 ], [ -86.649843, 35.790477 ], [ -86.64983, 35.790581 ], [ -86.649811, 35.79058 ], [ -86.64955, 35.790551 ], [ -86.648711, 35.790459 ], [ -86.648432, 35.79043 ], [ -86.648382, 35.790423 ], [ -86.648313, 35.790418 ], [ -86.648194, 35.790411 ], [ -86.647978, 35.79044 ], [ -86.647959, 35.790444 ], [ -86.647844, 35.79047 ], [ -86.647831, 35.790547 ], [ -86.647795, 35.790781 ], [ -86.647783, 35.790858 ], [ -86.647695, 35.791416 ], [ -86.647434, 35.793089 ], [ -86.647347, 35.793647 ], [ -86.647325, 35.79378 ], [ -86.647263, 35.79418 ], [ -86.647243, 35.794314 ], [ -86.647234, 35.794373 ], [ -86.647094, 35.795269 ], [ -86.647049, 35.795558 ], [ -86.64445, 35.79537 ], [ -86.643487, 35.795301 ], [ -86.642355, 35.79522 ], [ -86.638959, 35.794977 ], [ -86.637827, 35.794896 ], [ -86.637791, 35.794827 ], [ -86.637398, 35.794793 ], [ -86.635989, 35.794675 ], [ -86.635629, 35.794645 ], [ -86.635521, 35.794627 ], [ -86.633042, 35.794523 ], [ -86.632088, 35.794484 ], [ -86.631989, 35.79542 ], [ -86.626462, 35.795006 ], [ -86.624981, 35.794895 ], [ -86.623997, 35.794762 ], [ -86.623941, 35.794636 ], [ -86.623885, 35.794508 ], [ -86.623837, 35.794223 ], [ -86.62383, 35.794179 ], [ -86.623828, 35.794082 ], [ -86.623823, 35.793965 ], [ -86.623825, 35.793814 ], [ -86.623829, 35.793703 ], [ -86.623793, 35.793276 ], [ -86.62377, 35.793015 ], [ -86.623766, 35.792958 ], [ -86.623771, 35.792747 ], [ -86.623776, 35.792573 ], [ -86.623783, 35.792378 ], [ -86.623739, 35.792054 ], [ -86.62373, 35.791983 ], [ -86.62371, 35.791886 ], [ -86.623695, 35.791822 ], [ -86.623692, 35.791806 ], [ -86.623687, 35.791629 ], [ -86.623687, 35.791594 ], [ -86.623688, 35.791565 ], [ -86.62369, 35.79149 ], [ -86.623698, 35.791265 ], [ -86.623699, 35.791237 ], [ -86.623703, 35.791191 ], [ -86.618838, 35.790787 ], [ -86.61849, 35.790758 ], [ -86.613328, 35.790331 ], [ -86.613241, 35.790824 ], [ -86.611751, 35.799307 ], [ -86.610908, 35.804115 ], [ -86.610991, 35.804207 ], [ -86.611086, 35.804279 ], [ -86.611349, 35.80441 ], [ -86.611599, 35.804542 ], [ -86.611741, 35.804657 ], [ -86.611855, 35.804795 ], [ -86.611944, 35.804972 ], [ -86.611957, 35.804998 ], [ -86.612146, 35.805498 ], [ -86.612234, 35.805625 ], [ -86.612375, 35.805855 ], [ -86.612646, 35.80618 ], [ -86.612754, 35.806394 ], [ -86.612734, 35.806537 ], [ -86.612572, 35.806845 ], [ -86.612558, 35.806905 ], [ -86.612558, 35.80701 ], [ -86.612646, 35.807416 ], [ -86.612754, 35.807663 ], [ -86.612815, 35.807938 ], [ -86.612815, 35.808131 ], [ -86.612903, 35.808394 ], [ -86.613059, 35.80873 ], [ -86.613072, 35.808749 ], [ -86.613315, 35.809092 ], [ -86.613498, 35.809373 ], [ -86.613599, 35.80962 ], [ -86.613606, 35.809724 ], [ -86.613586, 35.809823 ], [ -86.613537, 35.809948 ], [ -86.613531, 35.809965 ], [ -86.613896, 35.809867 ], [ -86.614994, 35.809573 ], [ -86.61536, 35.809476 ], [ -86.616937, 35.809054 ], [ -86.619016, 35.808499 ], [ -86.619486, 35.807851 ], [ -86.61971, 35.807174 ], [ -86.619678, 35.806859 ], [ -86.619475, 35.805714 ], [ -86.619801, 35.805659 ], [ -86.622415, 35.805227 ], [ -86.622689, 35.806742 ], [ -86.622878, 35.806967 ], [ -86.623284, 35.807223 ], [ -86.623581, 35.807336 ], [ -86.624442, 35.807848 ], [ -86.624996, 35.808196 ], [ -86.625188, 35.808232 ], [ -86.625273, 35.808492 ], [ -86.625198, 35.808897 ], [ -86.624995, 35.80927 ], [ -86.624564, 35.810196 ], [ -86.623863, 35.812403 ], [ -86.623826, 35.812522 ], [ -86.623615, 35.81366 ], [ -86.623291, 35.815735 ], [ -86.622619, 35.815689 ], [ -86.622475, 35.81631 ], [ -86.621684, 35.816297 ], [ -86.620919, 35.815445 ], [ -86.618748, 35.815551 ], [ -86.618691, 35.816156 ], [ -86.618354, 35.81617 ], [ -86.617033, 35.816227 ], [ -86.61691, 35.813484 ], [ -86.61387, 35.813486 ], [ -86.613433, 35.813486 ], [ -86.612951, 35.813515 ], [ -86.612868, 35.813965 ], [ -86.612494, 35.816003 ], [ -86.61232, 35.816786 ], [ -86.612245, 35.817448 ], [ -86.612414, 35.817439 ], [ -86.612483, 35.817855 ], [ -86.612707, 35.819215 ], [ -86.612722, 35.819309 ], [ -86.612512, 35.820392 ], [ -86.612109, 35.82237 ], [ -86.611996, 35.823148 ], [ -86.611806, 35.824469 ], [ -86.611816, 35.824558 ], [ -86.612657, 35.824739 ], [ -86.613209, 35.824648 ], [ -86.613506, 35.824671 ], [ -86.616046, 35.825127 ], [ -86.619306, 35.82566 ], [ -86.619792, 35.82574 ], [ -86.622262, 35.826074 ], [ -86.624995, 35.826445 ], [ -86.626027, 35.826526 ], [ -86.626018, 35.826738 ], [ -86.626009, 35.826859 ], [ -86.625984, 35.827288 ], [ -86.625889, 35.828944 ], [ -86.625858, 35.829499 ], [ -86.625661, 35.831165 ], [ -86.625534, 35.832249 ], [ -86.624995, 35.832202 ], [ -86.622427, 35.831981 ], [ -86.621611, 35.831869 ], [ -86.619949, 35.831643 ], [ -86.617335, 35.831287 ], [ -86.617084, 35.833264 ], [ -86.616949, 35.834334 ], [ -86.616383, 35.838795 ], [ -86.608358, 35.838738 ], [ -86.608061, 35.838735 ], [ -86.60343, 35.838704 ], [ -86.603384, 35.839017 ], [ -86.603247, 35.839957 ], [ -86.603221, 35.84014 ], [ -86.60309, 35.840161 ], [ -86.602988, 35.840177 ], [ -86.602683, 35.840228 ], [ -86.602582, 35.840246 ], [ -86.602562, 35.840481 ], [ -86.602544, 35.840576 ], [ -86.602505, 35.840663 ], [ -86.602463, 35.84071 ], [ -86.602401, 35.840769 ], [ -86.602333, 35.840811 ], [ -86.602228, 35.840853 ], [ -86.601992, 35.840958 ], [ -86.601931, 35.840997 ], [ -86.6019, 35.841022 ], [ -86.601851, 35.841062 ], [ -86.601752, 35.841161 ], [ -86.601598, 35.841331 ], [ -86.601547, 35.841417 ], [ -86.601506, 35.841498 ], [ -86.60149, 35.841567 ], [ -86.60146, 35.841759 ], [ -86.601443, 35.841963 ], [ -86.601439, 35.84208 ], [ -86.601445, 35.842213 ], [ -86.60147, 35.84242 ], [ -86.601515, 35.842691 ], [ -86.601581, 35.842973 ], [ -86.601662, 35.843448 ], [ -86.601676, 35.843608 ], [ -86.601658, 35.843943 ], [ -86.601659, 35.84411 ], [ -86.601655, 35.844224 ], [ -86.601649, 35.844268 ], [ -86.60162, 35.844535 ], [ -86.601527, 35.844738 ], [ -86.601433, 35.844855 ], [ -86.601356, 35.844927 ], [ -86.601222, 35.845021 ], [ -86.601026, 35.84514 ], [ -86.601178, 35.846465 ], [ -86.601457, 35.848891 ], [ -86.600221, 35.849847 ], [ -86.600032, 35.849994 ], [ -86.600167, 35.851081 ], [ -86.600176, 35.851168 ], [ -86.600209, 35.851429 ], [ -86.600221, 35.851519 ], [ -86.600428, 35.853185 ], [ -86.603678, 35.85388 ], [ -86.605079, 35.85418 ], [ -86.605137, 35.85492 ], [ -86.605294, 35.854993 ], [ -86.605648, 35.855156 ], [ -86.607099, 35.855828 ], [ -86.60617, 35.858975 ], [ -86.61208, 35.859906 ], [ -86.612056, 35.85997 ], [ -86.612675, 35.861088 ], [ -86.612721, 35.861139 ], [ -86.612944, 35.861378 ], [ -86.613419, 35.861569 ], [ -86.614013, 35.861672 ], [ -86.614596, 35.861735 ], [ -86.614863, 35.861895 ], [ -86.615309, 35.862103 ], [ -86.615597, 35.862343 ], [ -86.615757, 35.862585 ], [ -86.616006, 35.863027 ], [ -86.616665, 35.863577 ], [ -86.616781, 35.863666 ], [ -86.616808, 35.863685 ], [ -86.616893, 35.86375 ], [ -86.616923, 35.863772 ], [ -86.617228, 35.86399 ], [ -86.617427, 35.864132 ], [ -86.617627, 35.864478 ], [ -86.617698, 35.864978 ], [ -86.617502, 35.865342 ], [ -86.617475, 35.865673 ], [ -86.617617, 35.866285 ], [ -86.61766, 35.866971 ], [ -86.617901, 35.867486 ], [ -86.618032, 35.867913 ], [ -86.617905, 35.86818 ], [ -86.617561, 35.868512 ], [ -86.617296, 35.868812 ], [ -86.617122, 35.869425 ], [ -86.617144, 35.869829 ], [ -86.617188, 35.869932 ], [ -86.617315, 35.870223 ], [ -86.618209, 35.871074 ], [ -86.618408, 35.871243 ], [ -86.618556, 35.871339 ], [ -86.618698, 35.871919 ], [ -86.619104, 35.873619 ], [ -86.619485, 35.875064 ], [ -86.621372, 35.882569 ], [ -86.619588, 35.883715 ], [ -86.615513, 35.882778 ], [ -86.614713, 35.883226 ], [ -86.613771, 35.883756 ], [ -86.615109, 35.889341 ], [ -86.615132, 35.88944 ], [ -86.61626, 35.894148 ], [ -86.616933, 35.896957 ], [ -86.61763, 35.899864 ], [ -86.624243, 35.905421 ], [ -86.624994, 35.906052 ], [ -86.62544, 35.906411 ], [ -86.625835, 35.90673 ], [ -86.626345, 35.907251 ], [ -86.626592, 35.907733 ], [ -86.626927, 35.908502 ], [ -86.627157, 35.908857 ], [ -86.627338, 35.909018 ], [ -86.62757, 35.909225 ], [ -86.627624, 35.90958 ], [ -86.628, 35.910163 ], [ -86.62791, 35.910961 ], [ -86.62731, 35.911574 ], [ -86.626625, 35.91249 ], [ -86.626216, 35.913181 ], [ -86.626532, 35.914281 ], [ -86.626884, 35.914956 ], [ -86.626978, 35.915135 ], [ -86.626851, 35.915866 ], [ -86.62652, 35.916784 ], [ -86.625878, 35.918348 ], [ -86.625468, 35.919017 ], [ -86.624995, 35.920343 ], [ -86.619121, 35.933946 ], [ -86.616395, 35.940263 ], [ -86.615923, 35.941417 ], [ -86.615817, 35.941677 ], [ -86.61571, 35.941937 ], [ -86.615032, 35.943593 ], [ -86.614985, 35.943708 ], [ -86.621556, 35.950422 ], [ -86.62166, 35.950528 ], [ -86.621683, 35.950552 ], [ -86.622461, 35.951346 ], [ -86.623629, 35.952539 ], [ -86.623733, 35.952645 ], [ -86.623788, 35.952701 ], [ -86.624984, 35.953923 ], [ -86.624949, 35.954122 ], [ -86.625152, 35.954425 ], [ -86.625153, 35.954574 ], [ -86.624639, 35.958145 ], [ -86.624585, 35.958169 ], [ -86.623629, 35.95805 ], [ -86.623501, 35.958047 ], [ -86.622363, 35.958019 ], [ -86.622195, 35.959463 ], [ -86.622201, 35.962161 ], [ -86.622203, 35.962643 ], [ -86.622024, 35.963913 ], [ -86.622003, 35.964058 ], [ -86.623058, 35.964013 ], [ -86.623658, 35.964169 ], [ -86.62401, 35.964492 ], [ -86.624027, 35.96453 ], [ -86.625036, 35.966706 ], [ -86.624923, 35.966758 ], [ -86.622753, 35.967744 ], [ -86.622618, 35.967807 ], [ -86.622266, 35.967968 ], [ -86.622047, 35.968068 ], [ -86.621911, 35.968232 ], [ -86.621783, 35.968145 ], [ -86.620811, 35.967997 ], [ -86.620309, 35.967921 ], [ -86.619946, 35.967867 ], [ -86.618928, 35.967712 ], [ -86.6189, 35.967963 ], [ -86.618899, 35.968141 ], [ -86.618896, 35.968163 ], [ -86.618893, 35.968208 ], [ -86.618892, 35.968224 ], [ -86.618845, 35.96822 ], [ -86.618704, 35.968208 ], [ -86.618658, 35.968205 ], [ -86.614415, 35.967785 ], [ -86.61439, 35.967946 ], [ -86.614363, 35.968114 ], [ -86.614357, 35.968149 ], [ -86.614336, 35.968283 ], [ -86.613688, 35.972391 ], [ -86.613646, 35.975552 ], [ -86.610425, 35.975468 ], [ -86.609822, 35.97863 ], [ -86.609595, 35.979822 ], [ -86.607995, 35.979772 ], [ -86.607743, 35.981573 ], [ -86.607728, 35.98168 ], [ -86.607701, 35.982015 ], [ -86.607598, 35.983343 ], [ -86.607575, 35.983638 ], [ -86.607547, 35.983784 ], [ -86.607285, 35.985152 ], [ -86.607225, 35.985472 ], [ -86.610086, 35.985755 ], [ -86.61005, 35.986733 ], [ -86.610007, 35.987902 ], [ -86.609999, 35.988126 ], [ -86.609981, 35.988236 ], [ -86.609928, 35.988567 ], [ -86.609911, 35.988678 ], [ -86.609837, 35.989192 ], [ -86.609618, 35.990735 ], [ -86.609591, 35.990926 ], [ -86.609916, 35.990964 ], [ -86.612077, 35.991215 ], [ -86.615588, 35.991624 ], [ -86.615048, 35.994569 ], [ -86.614656, 35.99671 ], [ -86.614613, 35.996944 ], [ -86.614484, 35.997647 ], [ -86.614442, 35.997882 ], [ -86.614345, 35.998409 ], [ -86.612961, 36.00596 ], [ -86.612745, 36.00721 ], [ -86.612734, 36.007273 ], [ -86.612719, 36.007355 ], [ -86.612691, 36.007523 ], [ -86.612335, 36.009994 ], [ -86.611849, 36.010081 ], [ -86.611703, 36.010116 ], [ -86.611328, 36.010259 ], [ -86.611224, 36.010271 ], [ -86.611071, 36.010266 ], [ -86.610786, 36.010206 ], [ -86.610716, 36.010217 ], [ -86.610626, 36.010274 ], [ -86.610578, 36.01032 ], [ -86.610543, 36.010342 ], [ -86.610439, 36.010343 ], [ -86.610007, 36.010288 ], [ -86.609848, 36.010278 ], [ -86.60957, 36.010279 ], [ -86.609243, 36.010332 ], [ -86.608972, 36.010401 ], [ -86.60866, 36.010454 ], [ -86.608543, 36.010466 ], [ -86.608489, 36.010471 ], [ -86.608432, 36.010472 ], [ -86.608338, 36.010472 ], [ -86.608237, 36.010461 ], [ -86.608169, 36.010423 ], [ -86.608034, 36.01028 ], [ -86.607979, 36.010258 ], [ -86.607912, 36.010264 ], [ -86.607695, 36.010407 ], [ -86.607607, 36.010407 ], [ -86.607384, 36.010357 ], [ -86.607249, 36.010401 ], [ -86.607141, 36.010517 ], [ -86.606952, 36.010654 ], [ -86.606891, 36.010682 ], [ -86.606776, 36.010682 ], [ -86.606613, 36.010643 ], [ -86.60641, 36.010511 ], [ -86.60618, 36.010385 ], [ -86.606058, 36.010286 ], [ -86.60595, 36.01022 ], [ -86.605876, 36.010193 ], [ -86.605822, 36.010187 ], [ -86.605693, 36.010253 ], [ -86.605504, 36.010413 ], [ -86.605375, 36.01049 ], [ -86.605247, 36.010539 ], [ -86.604997, 36.010583 ], [ -86.60478, 36.010622 ], [ -86.604675, 36.010682 ], [ -86.604494, 36.010781 ], [ -86.604324, 36.010824 ], [ -86.604162, 36.010845 ], [ -86.604028, 36.010843 ], [ -86.603944, 36.01083 ], [ -86.603853, 36.010811 ], [ -86.603733, 36.010849 ], [ -86.603543, 36.01088 ], [ -86.603367, 36.010923 ], [ -86.602956, 36.011042 ], [ -86.602738, 36.011095 ], [ -86.602491, 36.011125 ], [ -86.602379, 36.01115 ], [ -86.601888, 36.011397 ], [ -86.601853, 36.011404 ], [ -86.601731, 36.011452 ], [ -86.601608, 36.011519 ], [ -86.601549, 36.011541 ], [ -86.6015, 36.011552 ], [ -86.60129, 36.011612 ], [ -86.600742, 36.011876 ], [ -86.600316, 36.012151 ], [ -86.600134, 36.012283 ], [ -86.599931, 36.01247 ], [ -86.599282, 36.013163 ], [ -86.599053, 36.013453 ], [ -86.599023, 36.01349 ], [ -86.598935, 36.0136 ], [ -86.598906, 36.013638 ], [ -86.598875, 36.013676 ], [ -86.598869, 36.013685 ], [ -86.598788, 36.013793 ], [ -86.598759, 36.013833 ], [ -86.59873, 36.01387 ], [ -86.598645, 36.013984 ], [ -86.598618, 36.014022 ], [ -86.598504, 36.014174 ], [ -86.598051, 36.014735 ], [ -86.597931, 36.014869 ], [ -86.597685, 36.015292 ], [ -86.596922, 36.016467 ], [ -86.596577, 36.016947 ], [ -86.595927, 36.017805 ], [ -86.595454, 36.018596 ], [ -86.594983, 36.019316 ], [ -86.594541, 36.019819 ], [ -86.594333, 36.020072 ], [ -86.594291, 36.020104 ], [ -86.594119, 36.020261 ], [ -86.593944, 36.020452 ], [ -86.593831, 36.020535 ], [ -86.593761, 36.020579 ], [ -86.593704, 36.020633 ], [ -86.593652, 36.020669 ], [ -86.593346, 36.020925 ], [ -86.593147, 36.021114 ], [ -86.59299, 36.021242 ], [ -86.59282, 36.021356 ], [ -86.592534, 36.021515 ], [ -86.592184, 36.021772 ], [ -86.592052, 36.021866 ], [ -86.592027, 36.021884 ], [ -86.591761, 36.022055 ], [ -86.591604, 36.022277 ], [ -86.591529, 36.022599 ], [ -86.591652, 36.022892 ], [ -86.591891, 36.023103 ], [ -86.592, 36.023292 ], [ -86.592034, 36.023541 ], [ -86.591986, 36.023774 ], [ -86.591877, 36.023945 ], [ -86.591618, 36.024129 ], [ -86.591263, 36.024206 ], [ -86.590997, 36.024189 ], [ -86.590335, 36.024029 ], [ -86.590185, 36.024067 ], [ -86.589652, 36.024461 ], [ -86.589407, 36.024528 ], [ -86.588976, 36.024605 ], [ -86.588655, 36.024854 ], [ -86.588485, 36.02501 ], [ -86.58826, 36.025143 ], [ -86.587871, 36.025409 ], [ -86.587553, 36.025529 ], [ -86.587499, 36.025548 ], [ -86.587475, 36.025558 ], [ -86.5873, 36.025604 ], [ -86.587089, 36.025658 ], [ -86.586913, 36.025675 ], [ -86.586385, 36.025664 ], [ -86.586067, 36.025725 ], [ -86.585905, 36.025791 ], [ -86.585309, 36.026033 ], [ -86.585039, 36.026109 ], [ -86.584741, 36.026137 ], [ -86.584146, 36.02628 ], [ -86.583814, 36.026335 ], [ -86.583456, 36.02633 ], [ -86.583117, 36.026451 ], [ -86.582994, 36.026482 ], [ -86.582833, 36.026521 ], [ -86.582653, 36.026601 ], [ -86.582488, 36.026675 ], [ -86.58219, 36.026697 ], [ -86.581575, 36.026631 ], [ -86.581344, 36.026579 ], [ -86.581232, 36.026553 ], [ -86.580868, 36.026469 ], [ -86.580756, 36.026444 ], [ -86.580174, 36.026412 ], [ -86.579754, 36.026453 ], [ -86.579511, 36.026478 ], [ -86.579384, 36.026498 ], [ -86.578841, 36.026578 ], [ -86.578632, 36.026638 ], [ -86.578483, 36.026803 ], [ -86.578344, 36.026921 ], [ -86.578205, 36.027039 ], [ -86.578061, 36.027097 ], [ -86.578055, 36.027181 ], [ -86.577989, 36.027243 ], [ -86.577955, 36.027276 ], [ -86.577818, 36.027318 ], [ -86.577333, 36.027468 ], [ -86.577287, 36.027509 ], [ -86.577148, 36.027638 ], [ -86.576959, 36.027811 ], [ -86.576507, 36.028364 ], [ -86.576466, 36.028399 ], [ -86.576274, 36.028569 ], [ -86.576125, 36.028698 ], [ -86.576045, 36.028769 ], [ -86.576, 36.028809 ], [ -86.575398, 36.029411 ], [ -86.575184, 36.029627 ], [ -86.5751, 36.029711 ], [ -86.574613, 36.02987 ], [ -86.57416, 36.029945 ], [ -86.574024, 36.029969 ], [ -86.573111, 36.030189 ], [ -86.572583, 36.0307 ], [ -86.572347, 36.030767 ], [ -86.572095, 36.03086 ], [ -86.571978, 36.030954 ], [ -86.57194, 36.031007 ], [ -86.571934, 36.031086 ], [ -86.572035, 36.031387 ], [ -86.57211, 36.031591 ], [ -86.572114, 36.031703 ], [ -86.572117, 36.031756 ], [ -86.571934, 36.032008 ], [ -86.571296, 36.032353 ], [ -86.570811, 36.032615 ], [ -86.570723, 36.032663 ], [ -86.570504, 36.032759 ], [ -86.570202, 36.032893 ], [ -86.569979, 36.033064 ], [ -86.569877, 36.03341 ], [ -86.569654, 36.033613 ], [ -86.569622, 36.033638 ], [ -86.569343, 36.033861 ], [ -86.56923, 36.034019 ], [ -86.569018, 36.034317 ], [ -86.568974, 36.034328 ], [ -86.568761, 36.034388 ], [ -86.568348, 36.0343 ], [ -86.568023, 36.034256 ], [ -86.567769, 36.034309 ], [ -86.567529, 36.034361 ], [ -86.567378, 36.034427 ], [ -86.567344, 36.034441 ], [ -86.567315, 36.034454 ], [ -86.567242, 36.034485 ], [ -86.567207, 36.034496 ], [ -86.566825, 36.034614 ], [ -86.566494, 36.034652 ], [ -86.566289, 36.034616 ], [ -86.565993, 36.034564 ], [ -86.565668, 36.034614 ], [ -86.564768, 36.034894 ], [ -86.564119, 36.035037 ], [ -86.563535, 36.035089 ], [ -86.562894, 36.035147 ], [ -86.562603, 36.035207 ], [ -86.562427, 36.035323 ], [ -86.562231, 36.035598 ], [ -86.562162, 36.035744 ], [ -86.561859, 36.036395 ], [ -86.561744, 36.037087 ], [ -86.561608, 36.037543 ], [ -86.56145, 36.037717 ], [ -86.56127, 36.037917 ], [ -86.560947, 36.038218 ], [ -86.560932, 36.03828 ], [ -86.560917, 36.038342 ], [ -86.560892, 36.038497 ], [ -86.56087, 36.038639 ], [ -86.560822, 36.038936 ], [ -86.560768, 36.039278 ], [ -86.560758, 36.03934 ], [ -86.560713, 36.039621 ], [ -86.560677, 36.039845 ], [ -86.561875, 36.041504 ], [ -86.563121, 36.04322 ], [ -86.565363, 36.046306 ], [ -86.565936, 36.047692 ], [ -86.566158, 36.048226 ], [ -86.566256, 36.048465 ], [ -86.566379, 36.048762 ], [ -86.565485, 36.05085 ], [ -86.565042, 36.051885 ], [ -86.563644, 36.052981 ], [ -86.562073, 36.054214 ], [ -86.561704, 36.05622 ], [ -86.561439, 36.057662 ], [ -86.561793, 36.058282 ], [ -86.561998, 36.058641 ], [ -86.56387, 36.061917 ], [ -86.564292, 36.063579 ], [ -86.562525, 36.063921 ], [ -86.562275, 36.065163 ], [ -86.563197, 36.066172 ], [ -86.561685, 36.068418 ], [ -86.561685, 36.06742 ], [ -86.55739, 36.065718 ], [ -86.550486, 36.065322 ], [ -86.546487, 36.06652 ], [ -86.54609, 36.077518 ], [ -86.546879, 36.078406 ], [ -86.548486, 36.080218 ], [ -86.548581, 36.081282 ], [ -86.54899, 36.085916 ], [ -86.546884, 36.087817 ], [ -86.545091, 36.086618 ], [ -86.543857, 36.084095 ], [ -86.543645, 36.083662 ], [ -86.540689, 36.077619 ], [ -86.538988, 36.076621 ], [ -86.529489, 36.077521 ], [ -86.52749, 36.07402 ], [ -86.532884, 36.060019 ], [ -86.531699, 36.058664 ], [ -86.530786, 36.05762 ], [ -86.529327, 36.057156 ], [ -86.528588, 36.056921 ], [ -86.525689, 36.057318 ], [ -86.524682, 36.058631 ], [ -86.524384, 36.059021 ], [ -86.524988, 36.068918 ], [ -86.523286, 36.071021 ], [ -86.521083, 36.072395 ], [ -86.520966, 36.072468 ], [ -86.520883, 36.07252 ], [ -86.520879, 36.072545 ], [ -86.520823, 36.072973 ], [ -86.520787, 36.073256 ], [ -86.520488, 36.075551 ], [ -86.520444, 36.075892 ], [ -86.520215, 36.077648 ], [ -86.520074, 36.07873 ], [ -86.519999, 36.07931 ], [ -86.519783, 36.080971 ], [ -86.519651, 36.081979 ], [ -86.519647, 36.082017 ], [ -86.519512, 36.083063 ], [ -86.519387, 36.084018 ], [ -86.519363, 36.084194 ], [ -86.517947, 36.084102 ], [ -86.517597, 36.084081 ], [ -86.517491, 36.084855 ], [ -86.517272, 36.086445 ], [ -86.517234, 36.086726 ], [ -86.517043, 36.088113 ], [ -86.516886, 36.089272 ], [ -86.516604, 36.091739 ], [ -86.516322, 36.094205 ], [ -86.515589, 36.10061 ], [ -86.515132, 36.100357 ], [ -86.512367, 36.098439 ], [ -86.512171, 36.098306 ], [ -86.510415, 36.097111 ], [ -86.510366, 36.097077 ], [ -86.510193, 36.096959 ], [ -86.503223, 36.092372 ], [ -86.502285, 36.091754 ], [ -86.50207, 36.091625 ], [ -86.50201, 36.091589 ], [ -86.501185, 36.091095 ], [ -86.500911, 36.090931 ], [ -86.500802, 36.090866 ], [ -86.500475, 36.090671 ], [ -86.500367, 36.090606 ], [ -86.499993, 36.090381 ], [ -86.497614, 36.088908 ], [ -86.492966, 36.086031 ], [ -86.489439, 36.083694 ], [ -86.488704, 36.083208 ], [ -86.486744, 36.08191 ], [ -86.484746, 36.080586 ], [ -86.484005, 36.080095 ], [ -86.478769, 36.076588 ], [ -86.478663, 36.076517 ], [ -86.476778, 36.075255 ], [ -86.476132, 36.074822 ], [ -86.474894, 36.073994 ], [ -86.474193, 36.07353 ], [ -86.473545, 36.073102 ], [ -86.472482, 36.072398 ], [ -86.472, 36.072079 ], [ -86.471848, 36.072515 ], [ -86.469118, 36.072157 ], [ -86.469121, 36.072127 ], [ -86.469293, 36.070865 ], [ -86.469242, 36.070855 ], [ -86.469089, 36.070826 ], [ -86.469066, 36.070822 ], [ -86.469039, 36.070818 ], [ -86.468784, 36.070783 ], [ -86.468487, 36.070756 ], [ -86.467852, 36.070771 ], [ -86.46778, 36.070773 ], [ -86.467129, 36.070733 ], [ -86.465952, 36.070622 ], [ -86.465341, 36.070582 ], [ -86.464297, 36.070445 ], [ -86.464121, 36.070422 ], [ -86.463222, 36.070268 ], [ -86.463125, 36.070244 ], [ -86.463193, 36.069966 ], [ -86.463401, 36.069134 ], [ -86.463471, 36.068857 ], [ -86.46348, 36.068821 ], [ -86.463483, 36.06881 ], [ -86.463492, 36.068712 ], [ -86.463496, 36.068676 ], [ -86.4612, 36.06748 ], [ -86.454312, 36.063892 ], [ -86.452016, 36.062697 ], [ -86.452029, 36.062669 ], [ -86.452067, 36.062587 ], [ -86.452081, 36.06256 ], [ -86.451963, 36.062494 ], [ -86.451612, 36.062299 ], [ -86.451495, 36.062234 ], [ -86.44964, 36.0612 ], [ -86.445139, 36.058694 ], [ -86.44504, 36.05864 ], [ -86.444942, 36.058585 ], [ -86.444074, 36.058101 ], [ -86.443576, 36.057824 ], [ -86.442217, 36.057074 ], [ -86.442192, 36.05706 ], [ -86.440888, 36.056296 ], [ -86.437304, 36.054036 ], [ -86.43828, 36.051776 ], [ -86.439752, 36.051836 ], [ -86.439792, 36.051408 ], [ -86.43916, 36.051384 ], [ -86.438448, 36.051296 ], [ -86.437712, 36.05116 ], [ -86.436832, 36.051 ], [ -86.43628, 36.05082 ], [ -86.435008, 36.049888 ], [ -86.434352, 36.049852 ], [ -86.433592, 36.04966 ], [ -86.433344, 36.050168 ], [ -86.432984, 36.050632 ], [ -86.432544, 36.051016 ], [ -86.43103, 36.050066 ], [ -86.430976, 36.050032 ], [ -86.430814, 36.04993 ], [ -86.43076, 36.049897 ], [ -86.430403, 36.049673 ], [ -86.430026, 36.049437 ], [ -86.42783, 36.04806 ], [ -86.427191, 36.047659 ], [ -86.427097, 36.047608 ], [ -86.427027, 36.047568 ], [ -86.426957, 36.047529 ], [ -86.426842, 36.047466 ], [ -86.426801, 36.047443 ], [ -86.426729, 36.047403 ], [ -86.426292, 36.04716 ], [ -86.424819, 36.046226 ], [ -86.419136, 36.042623 ], [ -86.418092, 36.041961 ], [ -86.417277, 36.04156 ], [ -86.417189, 36.041517 ], [ -86.416336, 36.041097 ], [ -86.413835, 36.039858 ], [ -86.4136, 36.039742 ], [ -86.413529, 36.039707 ], [ -86.413, 36.039445 ], [ -86.407848, 36.037005 ], [ -86.403694, 36.035054 ], [ -86.40192, 36.034221 ], [ -86.400306, 36.033469 ], [ -86.39619, 36.03156 ], [ -86.395248, 36.031093 ], [ -86.39512, 36.03103 ], [ -86.394222, 36.03597 ], [ -86.394136, 36.036448 ], [ -86.393772, 36.03641 ], [ -86.38308, 36.035307 ], [ -86.382528, 36.035251 ], [ -86.383181, 36.030261 ], [ -86.383193, 36.030158 ], [ -86.383847, 36.026697 ], [ -86.386275, 36.026963 ], [ -86.388359, 36.027193 ], [ -86.385745, 36.02371 ], [ -86.378692, 36.014303 ], [ -86.377024, 36.012077 ], [ -86.376999, 36.012043 ], [ -86.376879, 36.012131 ], [ -86.376775, 36.012243 ], [ -86.376668, 36.012339 ], [ -86.376451, 36.012439 ], [ -86.376244, 36.012532 ], [ -86.376119, 36.012623 ], [ -86.375851, 36.012813 ], [ -86.375769, 36.012939 ], [ -86.375647, 36.013138 ], [ -86.375535, 36.013342 ], [ -86.375423, 36.013542 ], [ -86.375363, 36.013713 ], [ -86.37534, 36.013746 ], [ -86.375203, 36.01395 ], [ -86.375121, 36.014107 ], [ -86.374968, 36.014433 ], [ -86.374956, 36.014508 ], [ -86.37492, 36.014737 ], [ -86.374909, 36.014813 ], [ -86.374673, 36.015495 ], [ -86.374572, 36.016055 ], [ -86.374396, 36.017045 ], [ -86.374235, 36.017584 ], [ -86.373951, 36.018007 ], [ -86.373552, 36.018287 ], [ -86.372842, 36.01853 ], [ -86.372497, 36.018739 ], [ -86.372349, 36.018791 ], [ -86.372267, 36.018821 ], [ -86.371895, 36.018827 ], [ -86.371232, 36.018822 ], [ -86.371064, 36.018805 ], [ -86.370502, 36.018753 ], [ -86.37005, 36.01871 ], [ -86.36994, 36.0187 ], [ -86.369764, 36.018645 ], [ -86.369277, 36.01839 ], [ -86.369189, 36.018344 ], [ -86.368667, 36.01814 ], [ -86.367524, 36.017894 ], [ -86.367274, 36.017789 ], [ -86.3672, 36.017711 ], [ -86.367165, 36.017674 ], [ -86.366827, 36.017124 ], [ -86.366701, 36.016829 ], [ -86.366695, 36.016816 ], [ -86.366666, 36.016748 ], [ -86.366563, 36.016508 ], [ -86.366529, 36.016428 ], [ -86.366294, 36.015848 ], [ -86.366251, 36.015741 ], [ -86.365824, 36.015027 ], [ -86.365519, 36.014757 ], [ -86.365055, 36.01452 ], [ -86.364917, 36.01445 ], [ -86.364525, 36.014329 ], [ -86.364466, 36.014325 ], [ -86.364447, 36.014323 ], [ -86.36439, 36.01432 ], [ -86.364372, 36.014319 ], [ -86.364394, 36.014238 ], [ -86.364412, 36.014175 ], [ -86.364519, 36.013595 ], [ -86.36452, 36.01358 ], [ -86.364595, 36.012994 ], [ -86.364685, 36.012494 ], [ -86.36479, 36.011334 ], [ -86.364882, 36.010586 ], [ -86.364745, 36.010503 ], [ -86.364337, 36.010254 ], [ -86.364201, 36.010172 ], [ -86.361946, 36.008873 ], [ -86.357093, 36.006078 ], [ -86.357023, 36.006038 ], [ -86.356948, 36.005994 ], [ -86.356848, 36.005937 ], [ -86.356746, 36.005878 ], [ -86.355184, 36.004977 ], [ -86.354356, 36.0045 ], [ -86.353137, 36.003798 ], [ -86.353069, 36.003759 ], [ -86.35293, 36.003679 ], [ -86.351288, 36.002788 ], [ -86.35019, 36.002192 ], [ -86.346266, 36.000062 ], [ -86.342325, 35.997172 ], [ -86.339812, 35.995329 ], [ -86.333267, 35.990347 ], [ -86.326252, 35.985008 ], [ -86.324123, 35.987208 ], [ -86.323162, 35.98655 ], [ -86.322555, 35.987348 ], [ -86.319457, 35.985965 ], [ -86.317888, 35.986736 ], [ -86.312416, 35.986328 ], [ -86.309967, 35.986146 ], [ -86.311036, 35.980622 ], [ -86.310954, 35.980507 ], [ -86.310799, 35.980634 ], [ -86.31073, 35.980677 ], [ -86.310441, 35.98086 ], [ -86.309984, 35.981066 ], [ -86.309875, 35.981116 ], [ -86.309725, 35.981176 ], [ -86.310363, 35.978563 ], [ -86.307839, 35.978174 ], [ -86.292293, 35.975782 ], [ -86.287112, 35.974985 ], [ -86.287157, 35.974776 ], [ -86.287296, 35.974151 ], [ -86.287342, 35.973943 ], [ -86.28736, 35.973859 ], [ -86.287393, 35.973693 ], [ -86.287545, 35.972944 ], [ -86.287596, 35.972695 ], [ -86.281204, 35.971818 ], [ -86.262028, 35.969188 ], [ -86.257842, 35.968613 ], [ -86.256786, 35.968469 ], [ -86.256873, 35.9676 ], [ -86.256595, 35.967529 ], [ -86.256467, 35.967497 ], [ -86.256096, 35.967404 ], [ -86.256084, 35.967401 ], [ -86.255957, 35.967369 ], [ -86.255933, 35.967559 ], [ -86.255861, 35.968131 ], [ -86.255838, 35.968322 ], [ -86.25479, 35.968206 ], [ -86.251908, 35.967888 ], [ -86.25165, 35.967847 ], [ -86.250608, 35.967681 ], [ -86.251009, 35.965307 ], [ -86.251731, 35.961141 ], [ -86.249981, 35.960803 ], [ -86.248805, 35.960615 ], [ -86.246444, 35.960245 ], [ -86.24637, 35.960233 ], [ -86.242675, 35.959885 ], [ -86.23776, 35.959424 ], [ -86.236949, 35.963285 ], [ -86.234474, 35.963208 ], [ -86.23069, 35.963091 ], [ -86.229584, 35.963056 ], [ -86.226266, 35.962954 ], [ -86.22516, 35.96292 ], [ -86.225099, 35.962918 ], [ -86.22455, 35.964422 ], [ -86.224483, 35.964607 ], [ -86.223219, 35.965107 ], [ -86.223369, 35.968211 ], [ -86.223047, 35.968194 ], [ -86.222588, 35.968171 ], [ -86.222995, 35.969276 ], [ -86.222974, 35.969277 ], [ -86.222917, 35.969286 ], [ -86.222898, 35.96929 ], [ -86.222553, 35.969292 ], [ -86.221522, 35.9693 ], [ -86.221179, 35.969304 ], [ -86.221034, 35.969316 ], [ -86.221015, 35.969318 ], [ -86.220527, 35.969348 ], [ -86.220365, 35.969359 ], [ -86.219806, 35.969347 ], [ -86.218134, 35.969314 ], [ -86.217565, 35.969303 ], [ -86.217522, 35.969311 ], [ -86.217358, 35.969342 ], [ -86.217304, 35.969353 ], [ -86.217216, 35.969354 ], [ -86.216955, 35.969362 ], [ -86.216868, 35.969366 ], [ -86.216887, 35.96855 ], [ -86.216909, 35.967654 ], [ -86.21537, 35.967493 ], [ -86.214561, 35.96741 ], [ -86.212591, 35.967218 ], [ -86.209846, 35.966952 ], [ -86.210225, 35.963798 ], [ -86.210327, 35.962945 ], [ -86.209212, 35.962854 ], [ -86.208476, 35.962795 ], [ -86.206269, 35.96262 ], [ -86.205534, 35.962562 ], [ -86.203268, 35.962379 ], [ -86.202505, 35.962318 ], [ -86.202435, 35.963415 ], [ -86.197497, 35.963047 ], [ -86.195231, 35.962879 ], [ -86.194431, 35.962818 ], [ -86.192536, 35.962677 ], [ -86.192035, 35.96264 ], [ -86.191238, 35.962581 ], [ -86.188455, 35.962373 ], [ -86.185922, 35.962184 ], [ -86.186495, 35.957877 ], [ -86.185011, 35.957819 ], [ -86.182225, 35.957713 ], [ -86.18117, 35.957672 ], [ -86.178005, 35.957549 ], [ -86.176951, 35.957508 ], [ -86.174201, 35.957403 ], [ -86.170476, 35.957262 ], [ -86.170358, 35.958116 ], [ -86.173974, 35.958714 ], [ -86.175286, 35.958931 ], [ -86.175406, 35.960348 ], [ -86.175366, 35.96036 ], [ -86.175249, 35.960396 ], [ -86.17521, 35.960409 ], [ -86.173656, 35.960463 ], [ -86.173266, 35.960477 ], [ -86.17152, 35.960271 ], [ -86.169351, 35.959721 ], [ -86.169093, 35.959613 ], [ -86.168309, 35.959286 ], [ -86.167774, 35.958828 ], [ -86.16774, 35.960281 ], [ -86.165062, 35.960143 ], [ -86.165123, 35.960307 ], [ -86.165242, 35.960526 ], [ -86.165181, 35.961036 ], [ -86.165269, 35.961305 ], [ -86.165347, 35.96185 ], [ -86.165325, 35.962678 ], [ -86.165213, 35.96319 ], [ -86.164953, 35.963522 ], [ -86.161596, 35.963254 ], [ -86.161094, 35.963214 ], [ -86.16132, 35.961554 ], [ -86.161404, 35.960937 ], [ -86.161625, 35.959235 ], [ -86.161615, 35.959172 ], [ -86.16126, 35.956751 ], [ -86.158375, 35.956609 ], [ -86.156601, 35.956524 ], [ -86.156604, 35.955916 ], [ -86.156606, 35.955448 ], [ -86.156612, 35.954549 ], [ -86.154288, 35.954446 ], [ -86.153214, 35.954399 ], [ -86.152889, 35.954385 ], [ -86.152873, 35.95386 ], [ -86.152798, 35.95131 ], [ -86.152774, 35.950461 ], [ -86.152751, 35.949697 ], [ -86.152724, 35.948749 ], [ -86.152793, 35.948007 ], [ -86.152854, 35.947531 ], [ -86.153468, 35.942822 ], [ -86.153942, 35.942798 ], [ -86.154419, 35.939242 ], [ -86.15481, 35.936331 ], [ -86.154817, 35.936273 ], [ -86.154842, 35.936102 ], [ -86.154851, 35.936045 ], [ -86.154854, 35.93602 ], [ -86.154861, 35.935965 ], [ -86.154864, 35.935946 ], [ -86.155254, 35.933038 ], [ -86.155319, 35.932559 ], [ -86.152829, 35.929218 ], [ -86.150347, 35.925889 ], [ -86.148632, 35.923588 ], [ -86.148594, 35.923537 ], [ -86.148337, 35.923193 ], [ -86.148161, 35.922958 ], [ -86.147568, 35.92216 ], [ -86.147313, 35.921816 ], [ -86.145656, 35.919593 ], [ -86.142452, 35.915295 ], [ -86.141766, 35.914374 ], [ -86.14299, 35.913044 ], [ -86.143495, 35.912497 ], [ -86.144255, 35.912151 ], [ -86.144882, 35.911136 ], [ -86.144927, 35.911063 ], [ -86.1456, 35.908547 ], [ -86.152904, 35.909125 ], [ -86.15344, 35.905411 ], [ -86.154297, 35.899491 ], [ -86.155916, 35.888296 ], [ -86.155934, 35.888146 ], [ -86.15605, 35.888156 ], [ -86.156909, 35.888245 ], [ -86.158577, 35.888377 ], [ -86.159526, 35.888492 ], [ -86.159937, 35.888519 ], [ -86.159962, 35.888088 ], [ -86.159963, 35.888049 ], [ -86.15997, 35.887933 ], [ -86.159973, 35.887895 ], [ -86.159281, 35.887846 ], [ -86.157775, 35.887743 ], [ -86.157836, 35.887179 ], [ -86.157912, 35.886492 ], [ -86.1581, 35.884838 ], [ -86.158565, 35.880778 ], [ -86.159469, 35.880838 ], [ -86.16113, 35.880951 ], [ -86.161196, 35.880955 ], [ -86.161311, 35.880963 ], [ -86.161396, 35.880968 ], [ -86.161463, 35.880973 ], [ -86.161551, 35.880979 ], [ -86.162269, 35.881027 ], [ -86.162914, 35.881071 ], [ -86.162784, 35.882844 ], [ -86.162726, 35.883651 ], [ -86.163907, 35.883797 ], [ -86.167107, 35.884194 ], [ -86.16745, 35.884231 ], [ -86.168634, 35.884362 ], [ -86.168725, 35.883237 ], [ -86.168726, 35.883034 ], [ -86.168736, 35.881439 ], [ -86.168814, 35.88011 ], [ -86.168961, 35.879051 ], [ -86.169132, 35.877826 ], [ -86.169145, 35.877733 ], [ -86.168449, 35.877586 ], [ -86.16839, 35.877586 ], [ -86.168077, 35.877586 ], [ -86.166477, 35.877877 ], [ -86.166105, 35.877861 ], [ -86.165667, 35.877844 ], [ -86.165337, 35.87787 ], [ -86.165335, 35.8778 ], [ -86.165329, 35.877625 ], [ -86.165328, 35.87757 ], [ -86.166644, 35.877229 ], [ -86.166981, 35.877136 ], [ -86.167589, 35.876969 ], [ -86.168057, 35.876799 ], [ -86.168599, 35.876559 ], [ -86.170696, 35.87558 ], [ -86.171, 35.875436 ], [ -86.171381, 35.875255 ], [ -86.171673, 35.875095 ], [ -86.171936, 35.874953 ], [ -86.172281, 35.874738 ], [ -86.172636, 35.874504 ], [ -86.173099, 35.874157 ], [ -86.172933, 35.873961 ], [ -86.172887, 35.873907 ], [ -86.172915, 35.873449 ], [ -86.17286, 35.873217 ], [ -86.172802, 35.872968 ], [ -86.173165, 35.870568 ], [ -86.174253, 35.863369 ], [ -86.174617, 35.86097 ], [ -86.17472, 35.860292 ], [ -86.175032, 35.858261 ], [ -86.175036, 35.858238 ], [ -86.175163, 35.857567 ], [ -86.175223, 35.857256 ], [ -86.175401, 35.856324 ], [ -86.175462, 35.856016 ], [ -86.175452, 35.855924 ], [ -86.175429, 35.855664 ], [ -86.175426, 35.855655 ], [ -86.175421, 35.855567 ], [ -86.175568, 35.85444 ], [ -86.175784, 35.854533 ], [ -86.175814, 35.854539 ], [ -86.177779, 35.854872 ], [ -86.177714, 35.852885 ], [ -86.175816, 35.85183 ], [ -86.175854, 35.850813 ], [ -86.178339, 35.850986 ], [ -86.178488, 35.850382 ], [ -86.176239, 35.850244 ], [ -86.177132, 35.843732 ], [ -86.177154, 35.843564 ], [ -86.177178, 35.843394 ], [ -86.177493, 35.841094 ], [ -86.177691, 35.839643 ], [ -86.178287, 35.835293 ], [ -86.178487, 35.833843 ], [ -86.178519, 35.833607 ], [ -86.178615, 35.832903 ], [ -86.178629, 35.832803 ], [ -86.178638, 35.832736 ], [ -86.178648, 35.83267 ], [ -86.178662, 35.832556 ], [ -86.178676, 35.832444 ], [ -86.17873, 35.832017 ], [ -86.178981, 35.83006 ], [ -86.179066, 35.829408 ], [ -86.179088, 35.829271 ], [ -86.179204, 35.828592 ], [ -86.179615, 35.826195 ], [ -86.179621, 35.826147 ], [ -86.17974, 35.825329 ], [ -86.179742, 35.825315 ], [ -86.179765, 35.825084 ], [ -86.179774, 35.824941 ], [ -86.179774, 35.82492 ], [ -86.179778, 35.824457 ], [ -86.179753, 35.824161 ], [ -86.179735, 35.824064 ], [ -86.179587, 35.823722 ], [ -86.179424, 35.823346 ], [ -86.179372, 35.823226 ], [ -86.179347, 35.823167 ], [ -86.179271, 35.822953 ], [ -86.179247, 35.822857 ], [ -86.179236, 35.822808 ], [ -86.179223, 35.82273 ], [ -86.179213, 35.822665 ], [ -86.179199, 35.822612 ], [ -86.179145, 35.822486 ], [ -86.1791, 35.822405 ], [ -86.179054, 35.822334 ], [ -86.178983, 35.822247 ], [ -86.178667, 35.821891 ], [ -86.178621, 35.821839 ], [ -86.178509, 35.821697 ], [ -86.1785, 35.821687 ], [ -86.178365, 35.821505 ], [ -86.178289, 35.821392 ], [ -86.178155, 35.821192 ], [ -86.177984, 35.820923 ], [ -86.177707, 35.820445 ], [ -86.177521, 35.820125 ], [ -86.177514, 35.820113 ], [ -86.177496, 35.820083 ], [ -86.177436, 35.81997 ], [ -86.177402, 35.81988 ], [ -86.177384, 35.81978 ], [ -86.177384, 35.819683 ], [ -86.177398, 35.819529 ], [ -86.177471, 35.818972 ], [ -86.177523, 35.818586 ], [ -86.177586, 35.818003 ], [ -86.177801, 35.816427 ], [ -86.177889, 35.815811 ], [ -86.177961, 35.815455 ], [ -86.177963, 35.815445 ], [ -86.178181, 35.814649 ], [ -86.178218, 35.81449 ], [ -86.178235, 35.814357 ], [ -86.178234, 35.814292 ], [ -86.178233, 35.814213 ], [ -86.17824, 35.813955 ], [ -86.178252, 35.813801 ], [ -86.178274, 35.813611 ], [ -86.1783, 35.813449 ], [ -86.178383, 35.812954 ], [ -86.178549, 35.811838 ], [ -86.178699, 35.810942 ], [ -86.17884, 35.810108 ], [ -86.178851, 35.810039 ], [ -86.178854, 35.810027 ], [ -86.178855, 35.809829 ], [ -86.178856, 35.809816 ], [ -86.178862, 35.80976 ], [ -86.178896, 35.809433 ], [ -86.17891, 35.80932 ], [ -86.179077, 35.808027 ], [ -86.17908, 35.808003 ], [ -86.179115, 35.807784 ], [ -86.179116, 35.807756 ], [ -86.179122, 35.807727 ], [ -86.179138, 35.807565 ] ] ] } },
{ "type": "Feature", "properties": { "STATEFP": "47", "COUNTYFP": "159", "COUNTYNS": "01639791", "GEOID": "47159", "GEOIDFQ": "0500000US47159", "NAME": "Smith", "NAMELSAD": "Smith County", "LSAD": "06", "CLASSFP": "H1", "MTFCC": "G4020", "CSAFP": "400", "CBSAFP": "34980", "METDIVFP": null, "FUNCSTAT": "A", "ALAND": 814020543, "AWATER": 28690306, "INTPTLAT": "+36.2566451", "INTPTLON": "-085.9419149" }, "geometry": { "type": "Polygon", "coordinates": [ [ [ -86.006425, 36.391721 ], [ -86.006042, 36.391847 ], [ -86.002267, 36.393006 ], [ -85.999985, 36.393147 ], [ -85.998453, 36.393353 ], [ -85.998215, 36.393385 ], [ -85.997584, 36.393543 ], [ -85.995695, 36.394017 ], [ -85.995065, 36.394176 ], [ -85.994885, 36.394221 ], [ -85.994667, 36.394275 ], [ -85.993473, 36.394575 ], [ -85.993076, 36.394675 ], [ -85.992784, 36.394747 ], [ -85.991909, 36.394967 ], [ -85.991618, 36.395041 ], [ -85.990417, 36.395343 ], [ -85.988854, 36.395341 ], [ -85.988501, 36.395341 ], [ -85.985046, 36.394934 ], [ -85.983961, 36.395268 ], [ -85.982708, 36.395903 ], [ -85.98258, 36.396608 ], [ -85.982412, 36.397909 ], [ -85.982407, 36.397949 ], [ -85.981444, 36.398853 ], [ -85.980982, 36.399724 ], [ -85.98108, 36.400167 ], [ -85.980042, 36.401363 ], [ -85.979981, 36.401434 ], [ -85.978602, 36.403186 ], [ -85.977143, 36.405076 ], [ -85.977126, 36.405114 ], [ -85.976495, 36.406567 ], [ -85.976449, 36.406672 ], [ -85.976439, 36.406696 ], [ -85.976261, 36.408087 ], [ -85.976313, 36.409104 ], [ -85.97633, 36.409437 ], [ -85.97629, 36.410132 ], [ -85.976241, 36.410377 ], [ -85.976151, 36.410672 ], [ -85.975755, 36.411066 ], [ -85.975665, 36.411321 ], [ -85.975794, 36.411438 ], [ -85.976102, 36.411651 ], [ -85.976469, 36.411824 ], [ -85.976796, 36.412331 ], [ -85.976905, 36.412966 ], [ -85.976923, 36.413036 ], [ -85.977094, 36.413689 ], [ -85.977024, 36.414199 ], [ -85.976647, 36.414916 ], [ -85.976329, 36.415407 ], [ -85.975985, 36.415633 ], [ -85.97413, 36.416857 ], [ -85.973846, 36.417044 ], [ -85.973581, 36.417219 ], [ -85.973204, 36.417455 ], [ -85.971785, 36.418348 ], [ -85.971354, 36.418783 ], [ -85.971279, 36.41886 ], [ -85.971133, 36.419033 ], [ -85.971071, 36.419107 ], [ -85.971063, 36.419439 ], [ -85.971168, 36.419477 ], [ -85.971622, 36.419889 ], [ -85.971645, 36.419925 ], [ -85.972217, 36.420804 ], [ -85.972642, 36.421285 ], [ -85.973124, 36.421667 ], [ -85.973726, 36.422145 ], [ -85.974027, 36.422246 ], [ -85.974349, 36.422376 ], [ -85.974742, 36.422535 ], [ -85.974804, 36.422538 ], [ -85.975049, 36.422552 ], [ -85.975506, 36.422451 ], [ -85.97619, 36.422152 ], [ -85.976597, 36.422002 ], [ -85.97745, 36.421957 ], [ -85.978153, 36.422004 ], [ -85.978373, 36.422019 ], [ -85.978859, 36.422093 ], [ -85.979035, 36.422495 ], [ -85.979313, 36.423242 ], [ -85.979323, 36.423267 ], [ -85.979694, 36.423937 ], [ -85.979774, 36.424709 ], [ -85.979325, 36.425402 ], [ -85.978893, 36.426073 ], [ -85.977811, 36.425925 ], [ -85.976603, 36.42576 ], [ -85.969738, 36.424822 ], [ -85.967558, 36.424525 ], [ -85.967445, 36.424515 ], [ -85.96737, 36.424506 ], [ -85.967134, 36.424485 ], [ -85.967057, 36.42448 ], [ -85.966137, 36.424396 ], [ -85.963381, 36.42415 ], [ -85.962464, 36.424069 ], [ -85.962088, 36.424035 ], [ -85.961153, 36.423951 ], [ -85.96096, 36.423934 ], [ -85.960585, 36.4239 ], [ -85.960431, 36.423887 ], [ -85.960164, 36.423862 ], [ -85.958906, 36.423749 ], [ -85.958609, 36.423723 ], [ -85.958487, 36.423712 ], [ -85.958328, 36.423699 ], [ -85.956079, 36.423499 ], [ -85.949391, 36.422908 ], [ -85.949018, 36.422528 ], [ -85.947634, 36.421121 ], [ -85.947281, 36.420861 ], [ -85.947086, 36.420732 ], [ -85.946817, 36.420554 ], [ -85.946568, 36.420277 ], [ -85.946416, 36.420106 ], [ -85.946351, 36.420183 ], [ -85.946194, 36.42031 ], [ -85.945984, 36.420436 ], [ -85.945827, 36.420486 ], [ -85.945664, 36.42054 ], [ -85.945378, 36.420661 ], [ -85.944284, 36.420997 ], [ -85.943812, 36.421193 ], [ -85.943719, 36.421233 ], [ -85.943271, 36.421502 ], [ -85.943197, 36.421551 ], [ -85.942971, 36.4217 ], [ -85.942956, 36.421712 ], [ -85.942584, 36.42203 ], [ -85.942261, 36.422227 ], [ -85.942014, 36.422378 ], [ -85.940227, 36.42218 ], [ -85.939137, 36.42206 ], [ -85.934869, 36.421589 ], [ -85.933095, 36.421394 ], [ -85.933079, 36.421386 ], [ -85.931687, 36.421244 ], [ -85.9275, 36.420802 ], [ -85.926106, 36.420655 ], [ -85.926065, 36.42065 ], [ -85.925949, 36.420638 ], [ -85.92591, 36.420634 ], [ -85.925467, 36.420588 ], [ -85.925279, 36.420568 ], [ -85.925192, 36.420559 ], [ -85.92408, 36.420441 ], [ -85.918594, 36.419861 ], [ -85.916779, 36.41967 ], [ -85.916764, 36.419668 ], [ -85.915166, 36.419499 ], [ -85.910372, 36.418992 ], [ -85.908918, 36.418839 ], [ -85.908774, 36.418827 ], [ -85.907808, 36.418747 ], [ -85.904912, 36.418507 ], [ -85.903948, 36.418427 ], [ -85.903948, 36.418404 ], [ -85.90395, 36.418336 ], [ -85.903952, 36.418314 ], [ -85.903973, 36.417617 ], [ -85.904031, 36.415785 ], [ -85.903778, 36.415773 ], [ -85.903084, 36.415743 ], [ -85.902105, 36.415698 ], [ -85.899175, 36.415569 ], [ -85.898201, 36.415528 ], [ -85.898211, 36.41556 ], [ -85.898289, 36.415816 ], [ -85.898526, 36.416585 ], [ -85.898606, 36.416842 ], [ -85.898642, 36.416921 ], [ -85.898648, 36.416935 ], [ -85.898666, 36.416988 ], [ -85.898672, 36.417022 ], [ -85.898676, 36.417103 ], [ -85.898667, 36.417182 ], [ -85.89865, 36.417259 ], [ -85.898647, 36.417275 ], [ -85.898602, 36.417547 ], [ -85.898558, 36.417747 ], [ -85.898523, 36.417848 ], [ -85.898516, 36.417862 ], [ -85.898435, 36.418038 ], [ -85.898377, 36.418134 ], [ -85.898306, 36.418225 ], [ -85.898232, 36.418311 ], [ -85.898152, 36.418393 ], [ -85.898066, 36.418473 ], [ -85.897791, 36.418707 ], [ -85.897255, 36.419129 ], [ -85.896968, 36.419356 ], [ -85.896788, 36.41951 ], [ -85.896576, 36.419721 ], [ -85.896507, 36.419792 ], [ -85.896154, 36.420125 ], [ -85.895931, 36.420345 ], [ -85.895719, 36.420556 ], [ -85.895732, 36.420446 ], [ -85.89573, 36.420382 ], [ -85.89572, 36.420319 ], [ -85.895679, 36.420199 ], [ -85.895654, 36.42014 ], [ -85.895574, 36.420038 ], [ -85.895527, 36.419978 ], [ -85.895319, 36.419747 ], [ -85.895237, 36.419633 ], [ -85.895159, 36.419496 ], [ -85.895093, 36.419348 ], [ -85.894985, 36.41903 ], [ -85.894857, 36.418553 ], [ -85.894756, 36.418176 ], [ -85.894731, 36.418102 ], [ -85.894696, 36.418036 ], [ -85.894686, 36.418024 ], [ -85.894648, 36.417979 ], [ -85.894588, 36.417935 ], [ -85.894571, 36.417928 ], [ -85.894514, 36.417905 ], [ -85.894429, 36.417889 ], [ -85.894336, 36.417886 ], [ -85.894238, 36.417891 ], [ -85.894126, 36.417903 ], [ -85.893977, 36.41792 ], [ -85.893646, 36.417861 ], [ -85.892655, 36.417684 ], [ -85.892325, 36.417625 ], [ -85.892194, 36.417622 ], [ -85.891803, 36.417613 ], [ -85.891704, 36.4176 ], [ -85.891673, 36.417595 ], [ -85.888887, 36.4172 ], [ -85.880532, 36.416015 ], [ -85.879836, 36.415917 ], [ -85.877914, 36.415643 ], [ -85.87775, 36.41562 ], [ -85.877709, 36.415613 ], [ -85.877659, 36.415605 ], [ -85.877599, 36.415594 ], [ -85.877563, 36.415588 ], [ -85.877535, 36.415583 ], [ -85.877479, 36.415573 ], [ -85.875773, 36.415569 ], [ -85.874981, 36.415568 ], [ -85.8704, 36.415504 ], [ -85.868616, 36.41548 ], [ -85.868555, 36.415477 ], [ -85.868377, 36.415474 ], [ -85.867686, 36.415466 ], [ -85.867457, 36.415467 ], [ -85.867321, 36.415464 ], [ -85.867002, 36.415459 ], [ -85.864452, 36.415385 ], [ -85.863919, 36.41537 ], [ -85.855444, 36.415136 ], [ -85.854832, 36.41512 ], [ -85.852622, 36.415058 ], [ -85.852443, 36.415056 ], [ -85.851248, 36.415035 ], [ -85.850714, 36.414961 ], [ -85.848061, 36.414598 ], [ -85.845561, 36.414256 ], [ -85.843987, 36.414041 ], [ -85.843875, 36.414026 ], [ -85.843843, 36.414021 ], [ -85.842612, 36.413851 ], [ -85.84136, 36.413679 ], [ -85.838919, 36.413342 ], [ -85.837689, 36.413173 ], [ -85.835756, 36.412906 ], [ -85.832271, 36.412426 ], [ -85.829958, 36.412104 ], [ -85.828026, 36.411836 ], [ -85.828193, 36.410252 ], [ -85.828697, 36.405503 ], [ -85.828751, 36.405004 ], [ -85.828844, 36.404129 ], [ -85.828858, 36.403998 ], [ -85.828866, 36.403921 ], [ -85.829092, 36.401785 ], [ -85.829773, 36.395378 ], [ -85.829975, 36.393484 ], [ -85.830005, 36.393244 ], [ -85.83001, 36.393185 ], [ -85.830025, 36.393012 ], [ -85.830031, 36.392955 ], [ -85.83005, 36.392774 ], [ -85.830069, 36.392592 ], [ -85.830184, 36.391506 ], [ -85.830223, 36.391145 ], [ -85.830232, 36.391051 ], [ -85.830263, 36.390771 ], [ -85.830274, 36.390678 ], [ -85.830278, 36.390638 ], [ -85.830295, 36.390508 ], [ -85.830698, 36.387459 ], [ -85.831978, 36.377806 ], [ -85.832343, 36.375056 ], [ -85.832409, 36.374589 ], [ -85.832434, 36.374408 ], [ -85.83251, 36.373867 ], [ -85.832536, 36.373687 ], [ -85.832553, 36.373568 ], [ -85.832633, 36.373201 ], [ -85.832638, 36.373179 ], [ -85.83265, 36.373079 ], [ -85.832651, 36.373058 ], [ -85.832656, 36.372998 ], [ -85.832658, 36.372977 ], [ -85.832677, 36.372785 ], [ -85.832735, 36.372208 ], [ -85.832755, 36.372017 ], [ -85.833226, 36.368876 ], [ -85.833341, 36.368106 ], [ -85.833472, 36.36724 ], [ -85.834635, 36.359455 ], [ -85.835096, 36.356377 ], [ -85.835105, 36.356315 ], [ -85.835114, 36.356244 ], [ -85.835143, 36.356037 ], [ -85.835155, 36.355968 ], [ -85.835165, 36.355868 ], [ -85.835241, 36.355384 ], [ -85.83525, 36.355321 ], [ -85.83526, 36.355257 ], [ -85.835543, 36.353355 ], [ -85.835768, 36.351848 ], [ -85.831245, 36.351187 ], [ -85.831497, 36.349377 ], [ -85.831605, 36.348607 ], [ -85.831512, 36.348604 ], [ -85.829747, 36.348543 ], [ -85.829732, 36.348355 ], [ -85.829706, 36.347998 ], [ -85.829218, 36.347902 ], [ -85.829295, 36.343787 ], [ -85.828975, 36.343759 ], [ -85.828569, 36.343724 ], [ -85.828584, 36.34228 ], [ -85.829887, 36.342463 ], [ -85.829879, 36.343124 ], [ -85.832585, 36.343515 ], [ -85.832889, 36.342054 ], [ -85.836157, 36.340878 ], [ -85.837353, 36.341731 ], [ -85.838021, 36.338351 ], [ -85.839084, 36.332975 ], [ -85.839113, 36.332825 ], [ -85.839202, 36.332375 ], [ -85.839216, 36.33231 ], [ -85.839233, 36.332226 ], [ -85.839238, 36.332197 ], [ -85.839256, 36.332111 ], [ -85.839263, 36.332083 ], [ -85.840048, 36.327308 ], [ -85.840225, 36.326227 ], [ -85.84311, 36.308662 ], [ -85.844063, 36.302867 ], [ -85.844076, 36.302808 ], [ -85.844095, 36.302682 ], [ -85.844143, 36.30238 ], [ -85.844155, 36.302304 ], [ -85.844176, 36.302179 ], [ -85.844201, 36.30203 ], [ -85.844203, 36.302006 ], [ -85.844224, 36.301881 ], [ -85.844267, 36.301601 ], [ -85.844285, 36.30149 ], [ -85.844313, 36.301318 ], [ -85.844404, 36.300762 ], [ -85.844719, 36.298844 ], [ -85.845943, 36.291426 ], [ -85.846351, 36.288955 ], [ -85.846355, 36.288941 ], [ -85.846377, 36.288797 ], [ -85.846437, 36.288443 ], [ -85.846456, 36.288324 ], [ -85.84646, 36.288305 ], [ -85.846483, 36.288167 ], [ -85.843524, 36.285922 ], [ -85.843168, 36.285649 ], [ -85.841744, 36.284556 ], [ -85.840316, 36.28346 ], [ -85.837995, 36.281787 ], [ -85.837587, 36.281425 ], [ -85.837098, 36.280805 ], [ -85.836233, 36.279086 ], [ -85.835978, 36.27858 ], [ -85.835921, 36.278406 ], [ -85.835506, 36.277137 ], [ -85.835097, 36.274722 ], [ -85.835081, 36.274629 ], [ -85.834914, 36.27216 ], [ -85.834878, 36.269764 ], [ -85.834832, 36.269315 ], [ -85.834591, 36.266957 ], [ -85.834359, 36.266038 ], [ -85.833527, 36.263992 ], [ -85.833408, 36.2637 ], [ -85.833346, 36.263604 ], [ -85.831711, 36.26109 ], [ -85.831272, 36.260506 ], [ -85.829836, 36.258592 ], [ -85.829506, 36.258036 ], [ -85.82766, 36.255272 ], [ -85.826294, 36.253734 ], [ -85.825148, 36.252389 ], [ -85.824402, 36.251723 ], [ -85.823903, 36.251278 ], [ -85.822988, 36.250876 ], [ -85.821794, 36.250338 ], [ -85.821098, 36.250057 ], [ -85.818635, 36.249425 ], [ -85.818328, 36.249373 ], [ -85.817007, 36.249152 ], [ -85.815131, 36.248942 ], [ -85.813443, 36.248814 ], [ -85.811626, 36.248879 ], [ -85.810027, 36.249064 ], [ -85.809828, 36.249136 ], [ -85.808238, 36.249717 ], [ -85.80752, 36.250067 ], [ -85.807265, 36.250323 ], [ -85.806436, 36.251166 ], [ -85.806035, 36.25181 ], [ -85.805443, 36.252932 ], [ -85.805028, 36.253828 ], [ -85.805013, 36.25386 ], [ -85.804544, 36.254854 ], [ -85.804269, 36.255822 ], [ -85.803693, 36.255669 ], [ -85.802321, 36.255305 ], [ -85.800948, 36.254941 ], [ -85.800857, 36.254917 ], [ -85.800419, 36.254827 ], [ -85.800379, 36.254819 ], [ -85.80026, 36.254786 ], [ -85.800221, 36.254776 ], [ -85.800084, 36.254738 ], [ -85.799927, 36.254695 ], [ -85.79977, 36.254652 ], [ -85.798301, 36.254249 ], [ -85.797914, 36.254143 ], [ -85.797849, 36.254125 ], [ -85.797772, 36.254104 ], [ -85.797172, 36.253939 ], [ -85.796007, 36.253377 ], [ -85.794974, 36.252829 ], [ -85.793383, 36.252195 ], [ -85.792329, 36.251696 ], [ -85.791603, 36.251326 ], [ -85.791403, 36.250915 ], [ -85.790844, 36.250058 ], [ -85.790124, 36.248687 ], [ -85.789847, 36.248194 ], [ -85.78961, 36.247629 ], [ -85.788478, 36.24741 ], [ -85.787742, 36.247183 ], [ -85.787426, 36.246675 ], [ -85.787299, 36.246118 ], [ -85.787091, 36.245731 ], [ -85.786347, 36.245286 ], [ -85.785375, 36.244672 ], [ -85.785262, 36.244574 ], [ -85.785182, 36.244505 ], [ -85.785102, 36.244435 ], [ -85.784641, 36.244034 ], [ -85.784225, 36.243638 ], [ -85.783829, 36.243016 ], [ -85.783553, 36.242266 ], [ -85.783526, 36.241596 ], [ -85.783727, 36.240911 ], [ -85.783908, 36.240363 ], [ -85.783721, 36.239806 ], [ -85.783066, 36.239611 ], [ -85.782003, 36.23915 ], [ -85.78113, 36.238665 ], [ -85.780446, 36.238188 ], [ -85.780148, 36.238011 ], [ -85.779891, 36.23768 ], [ -85.779723, 36.237316 ], [ -85.779934, 36.236776 ], [ -85.780165, 36.236075 ], [ -85.780192, 36.236022 ], [ -85.780455, 36.235526 ], [ -85.781362, 36.235027 ], [ -85.782338, 36.234625 ], [ -85.782887, 36.23415 ], [ -85.783845, 36.232981 ], [ -85.784998, 36.231727 ], [ -85.786487, 36.23011 ], [ -85.786461, 36.230112 ], [ -85.786308, 36.23014 ], [ -85.786275, 36.230167 ], [ -85.786207, 36.230209 ], [ -85.785851, 36.230477 ], [ -85.785792, 36.23049 ], [ -85.785768, 36.230491 ], [ -85.785703, 36.230494 ], [ -85.78564, 36.230491 ], [ -85.785538, 36.230477 ], [ -85.785487, 36.230449 ], [ -85.785339, 36.230433 ], [ -85.785233, 36.230402 ], [ -85.785209, 36.230388 ], [ -85.785089, 36.230353 ], [ -85.785013, 36.23034 ], [ -85.78487, 36.230267 ], [ -85.78476, 36.230195 ], [ -85.784709, 36.230178 ], [ -85.784607, 36.230161 ], [ -85.784446, 36.230141 ], [ -85.784311, 36.230141 ], [ -85.784116, 36.230154 ], [ -85.783706, 36.2302 ], [ -85.783435, 36.23024 ], [ -85.783371, 36.230258 ], [ -85.783343, 36.230261 ], [ -85.783299, 36.230268 ], [ -85.783261, 36.230278 ], [ -85.783105, 36.230303 ], [ -85.78283, 36.230375 ], [ -85.782694, 36.230396 ], [ -85.782617, 36.230444 ], [ -85.782567, 36.230458 ], [ -85.782541, 36.23045 ], [ -85.782516, 36.230427 ], [ -85.7825, 36.230402 ], [ -85.782457, 36.230361 ], [ -85.78244, 36.230306 ], [ -85.782435, 36.23011 ], [ -85.782482, 36.229736 ], [ -85.782482, 36.229695 ], [ -85.782449, 36.229592 ], [ -85.782423, 36.229544 ], [ -85.782391, 36.229502 ], [ -85.782381, 36.229489 ], [ -85.78225, 36.22936 ], [ -85.782186, 36.229283 ], [ -85.782136, 36.229193 ], [ -85.78211, 36.229166 ], [ -85.782031, 36.228903 ], [ -85.781971, 36.228641 ], [ -85.781924, 36.228499 ], [ -85.781814, 36.228259 ], [ -85.781806, 36.228231 ], [ -85.781695, 36.22806 ], [ -85.781526, 36.227668 ], [ -85.781488, 36.227479 ], [ -85.781463, 36.227328 ], [ -85.781445, 36.227095 ], [ -85.781431, 36.226705 ], [ -85.781424, 36.226507 ], [ -85.781391, 36.226301 ], [ -85.781319, 36.225974 ], [ -85.781264, 36.225806 ], [ -85.78123, 36.225744 ], [ -85.781217, 36.22573 ], [ -85.781171, 36.225682 ], [ -85.781145, 36.225558 ], [ -85.781146, 36.225538 ], [ -85.781188, 36.22549 ], [ -85.781213, 36.225469 ], [ -85.781281, 36.225428 ], [ -85.781383, 36.2254 ], [ -85.781472, 36.22539 ], [ -85.781501, 36.22538 ], [ -85.781586, 36.225366 ], [ -85.781607, 36.225352 ], [ -85.781874, 36.225235 ], [ -85.781933, 36.225201 ], [ -85.782076, 36.225084 ], [ -85.78211, 36.225043 ], [ -85.782114, 36.225028 ], [ -85.782136, 36.224946 ], [ -85.782128, 36.224843 ], [ -85.782102, 36.224727 ], [ -85.782077, 36.224671 ], [ -85.782, 36.224541 ], [ -85.781907, 36.224432 ], [ -85.781848, 36.224376 ], [ -85.781818, 36.224351 ], [ -85.781819, 36.224316 ], [ -85.781748, 36.224226 ], [ -85.781682, 36.224134 ], [ -85.781603, 36.224047 ], [ -85.781425, 36.223889 ], [ -85.78129, 36.223797 ], [ -85.781266, 36.223767 ], [ -85.781205, 36.223724 ], [ -85.780486, 36.223092 ], [ -85.78041, 36.222975 ], [ -85.780376, 36.222893 ], [ -85.780316, 36.222783 ], [ -85.780249, 36.222693 ], [ -85.780088, 36.222532 ], [ -85.780029, 36.22246 ], [ -85.779816, 36.222288 ], [ -85.779584, 36.22213 ], [ -85.779549, 36.222105 ], [ -85.779275, 36.221903 ], [ -85.779064, 36.221732 ], [ -85.779047, 36.221697 ], [ -85.779004, 36.221643 ], [ -85.778911, 36.221546 ], [ -85.778894, 36.221505 ], [ -85.778734, 36.221292 ], [ -85.778657, 36.221203 ], [ -85.778634, 36.221152 ], [ -85.780152, 36.220697 ], [ -85.783127, 36.219808 ], [ -85.783102, 36.218468 ], [ -85.782922, 36.218214 ], [ -85.782509, 36.217629 ], [ -85.7823, 36.216786 ], [ -85.781839, 36.215958 ], [ -85.781573, 36.215086 ], [ -85.781554, 36.215022 ], [ -85.781477, 36.214312 ], [ -85.781748, 36.213627 ], [ -85.782939, 36.211426 ], [ -85.783367, 36.21133 ], [ -85.784484, 36.211378 ], [ -85.7845, 36.211379 ], [ -85.785077, 36.211146 ], [ -85.786212, 36.210696 ], [ -85.787183, 36.21073 ], [ -85.790096, 36.210835 ], [ -85.791068, 36.210871 ], [ -85.791159, 36.210893 ], [ -85.791433, 36.21096 ], [ -85.791525, 36.210983 ], [ -85.792986, 36.211094 ], [ -85.797371, 36.211428 ], [ -85.798833, 36.21154 ], [ -85.799102, 36.211387 ], [ -85.799321, 36.211129 ], [ -85.799728, 36.211057 ], [ -85.800076, 36.211098 ], [ -85.80009, 36.211102 ], [ -85.800582, 36.211243 ], [ -85.801068, 36.211461 ], [ -85.801614, 36.211389 ], [ -85.80234, 36.211309 ], [ -85.802797, 36.211156 ], [ -85.803323, 36.211245 ], [ -85.80393, 36.211197 ], [ -85.804247, 36.211096 ], [ -85.804565, 36.210996 ], [ -85.804854, 36.210722 ], [ -85.805119, 36.210079 ], [ -85.805124, 36.210069 ], [ -85.805132, 36.210042 ], [ -85.805146, 36.210033 ], [ -85.805236, 36.20988 ], [ -85.805358, 36.209655 ], [ -85.805404, 36.209594 ], [ -85.805488, 36.20951 ], [ -85.805557, 36.209465 ], [ -85.805769, 36.209323 ], [ -85.805931, 36.209205 ], [ -85.806373, 36.20883 ], [ -85.806709, 36.20853 ], [ -85.807533, 36.207874 ], [ -85.807708, 36.207733 ], [ -85.808017, 36.207498 ], [ -85.808151, 36.207397 ], [ -85.808471, 36.207115 ], [ -85.8087, 36.206871 ], [ -85.808721, 36.206841 ], [ -85.809141, 36.206612 ], [ -85.809168, 36.206598 ], [ -85.809349, 36.206211 ], [ -85.809143, 36.20579 ], [ -85.808905, 36.205571 ], [ -85.808726, 36.205519 ], [ -85.808537, 36.205464 ], [ -85.808268, 36.205385 ], [ -85.807832, 36.205255 ], [ -85.807276, 36.204884 ], [ -85.806879, 36.204515 ], [ -85.806823, 36.204368 ], [ -85.806661, 36.203944 ], [ -85.804572, 36.204169 ], [ -85.803989, 36.204232 ], [ -85.803313, 36.204595 ], [ -85.802417, 36.205287 ], [ -85.80175, 36.205827 ], [ -85.801083, 36.206278 ], [ -85.799454, 36.206309 ], [ -85.799454, 36.205788 ], [ -85.799458, 36.203688 ], [ -85.799458, 36.203654 ], [ -85.799458, 36.203554 ], [ -85.799459, 36.203521 ], [ -85.799366, 36.203551 ], [ -85.799308, 36.203571 ], [ -85.799083, 36.203618 ], [ -85.799057, 36.203624 ], [ -85.799009, 36.203627 ], [ -85.798987, 36.203629 ], [ -85.798751, 36.202165 ], [ -85.798803, 36.201351 ], [ -85.799123, 36.200609 ], [ -85.799166, 36.200328 ], [ -85.799235, 36.199884 ], [ -85.799464, 36.199465 ], [ -85.799754, 36.199006 ], [ -85.799616, 36.198433 ], [ -85.799589, 36.197764 ], [ -85.799779, 36.197047 ], [ -85.800189, 36.196298 ], [ -85.800508, 36.195685 ], [ -85.800828, 36.195032 ], [ -85.800623, 36.193928 ], [ -85.800189, 36.192783 ], [ -85.799706, 36.191751 ], [ -85.799329, 36.191412 ], [ -85.798895, 36.191449 ], [ -85.795607, 36.19173 ], [ -85.795517, 36.191738 ], [ -85.795513, 36.191687 ], [ -85.795478, 36.191444 ], [ -85.795486, 36.191261 ], [ -85.795517, 36.191078 ], [ -85.795654, 36.19062 ], [ -85.795776, 36.190151 ], [ -85.795808, 36.18995 ], [ -85.795845, 36.189731 ], [ -85.79586, 36.189407 ], [ -85.795837, 36.189182 ], [ -85.795738, 36.188758 ], [ -85.795723, 36.188698 ], [ -85.795623, 36.188312 ], [ -85.795448, 36.187854 ], [ -85.79544, 36.187774 ], [ -85.795463, 36.187698 ], [ -85.795509, 36.187629 ], [ -85.795829, 36.187355 ], [ -85.796203, 36.18708 ], [ -85.796485, 36.186904 ], [ -85.796653, 36.186855 ], [ -85.796821, 36.186832 ], [ -85.796989, 36.186828 ], [ -85.797256, 36.186855 ], [ -85.797431, 36.186855 ], [ -85.797599, 36.186832 ], [ -85.797767, 36.18679 ], [ -85.798019, 36.186657 ], [ -85.79824, 36.186466 ], [ -85.798484, 36.186245 ], [ -85.798652, 36.186061 ], [ -85.79895, 36.185707 ], [ -85.799385, 36.185264 ], [ -85.799469, 36.185119 ], [ -85.799564, 36.184896 ], [ -85.799851, 36.18423 ], [ -85.799948, 36.184008 ], [ -85.800042, 36.183797 ], [ -85.800325, 36.183167 ], [ -85.80042, 36.182957 ], [ -85.800487, 36.182812 ], [ -85.801341, 36.182858 ], [ -85.804383, 36.183022 ], [ -85.80479, 36.183044 ], [ -85.804822, 36.182436 ], [ -85.804835, 36.182189 ], [ -85.804873, 36.18145 ], [ -85.804887, 36.181204 ], [ -85.804891, 36.181116 ], [ -85.804905, 36.180854 ], [ -85.80491, 36.180767 ], [ -85.804911, 36.180744 ], [ -85.805241, 36.17993 ], [ -85.804935, 36.179907 ], [ -85.803603, 36.179808 ], [ -85.803356, 36.177535 ], [ -85.803226, 36.176335 ], [ -85.803052, 36.174731 ], [ -85.799806, 36.174404 ], [ -85.800185, 36.172875 ], [ -85.800399, 36.172019 ], [ -85.799683, 36.171876 ], [ -85.798782, 36.171695 ], [ -85.798712, 36.171765 ], [ -85.797776, 36.172718 ], [ -85.796393, 36.173741 ], [ -85.795786, 36.174192 ], [ -85.795545, 36.174089 ], [ -85.794249, 36.173538 ], [ -85.793753, 36.17344 ], [ -85.793009, 36.173504 ], [ -85.793002, 36.173818 ], [ -85.792915, 36.178277 ], [ -85.793617, 36.179059 ], [ -85.792891, 36.179711 ], [ -85.791253, 36.179541 ], [ -85.790833, 36.180212 ], [ -85.790664, 36.180483 ], [ -85.788013, 36.180332 ], [ -85.787806, 36.180319 ], [ -85.786863, 36.180198 ], [ -85.787005, 36.178447 ], [ -85.787172, 36.17641 ], [ -85.786021, 36.176258 ], [ -85.784165, 36.176012 ], [ -85.783732, 36.174819 ], [ -85.783956, 36.173086 ], [ -85.7846, 36.173004 ], [ -85.785314, 36.172914 ], [ -85.785346, 36.17291 ], [ -85.785735, 36.172354 ], [ -85.787202, 36.172125 ], [ -85.787431, 36.172089 ], [ -85.788121, 36.17198 ], [ -85.788351, 36.171946 ], [ -85.790546, 36.171602 ], [ -85.797136, 36.170575 ], [ -85.799212, 36.170252 ], [ -85.799336, 36.170254 ], [ -85.799448, 36.170256 ], [ -85.799784, 36.170262 ], [ -85.799896, 36.170265 ], [ -85.801449, 36.170297 ], [ -85.803631, 36.170344 ], [ -85.804047, 36.167898 ], [ -85.804308, 36.166366 ], [ -85.80451, 36.165194 ], [ -85.805284, 36.165154 ], [ -85.805564, 36.162681 ], [ -85.80667, 36.152919 ], [ -85.807067, 36.149408 ], [ -85.807249, 36.147807 ], [ -85.806979, 36.14748 ], [ -85.806648, 36.147079 ], [ -85.806582, 36.146999 ], [ -85.806517, 36.14692 ], [ -85.80622, 36.146461 ], [ -85.806142, 36.14634 ], [ -85.805975, 36.146217 ], [ -85.805736, 36.146041 ], [ -85.805319, 36.145772 ], [ -85.80505, 36.145598 ], [ -85.804243, 36.145077 ], [ -85.803975, 36.144904 ], [ -85.804058, 36.144881 ], [ -85.804142, 36.144841 ], [ -85.804177, 36.144819 ], [ -85.804219, 36.144813 ], [ -85.804319, 36.144726 ], [ -85.804338, 36.144707 ], [ -85.804387, 36.144646 ], [ -85.8044, 36.144613 ], [ -85.804385, 36.144577 ], [ -85.804363, 36.144541 ], [ -85.804346, 36.14452 ], [ -85.804253, 36.144439 ], [ -85.804246, 36.144419 ], [ -85.804225, 36.144399 ], [ -85.804195, 36.144304 ], [ -85.804197, 36.144224 ], [ -85.804248, 36.144067 ], [ -85.804267, 36.144046 ], [ -85.804272, 36.144018 ], [ -85.804346, 36.143925 ], [ -85.804483, 36.14379 ], [ -85.804596, 36.143667 ], [ -85.804626, 36.143619 ], [ -85.804687, 36.143546 ], [ -85.804717, 36.143532 ], [ -85.804759, 36.14349 ], [ -85.8048, 36.143385 ], [ -85.804852, 36.143282 ], [ -85.80487, 36.143225 ], [ -85.805061, 36.143086 ], [ -85.805126, 36.142821 ], [ -85.805137, 36.142771 ], [ -85.80517, 36.142639 ], [ -85.805166, 36.142623 ], [ -85.805157, 36.142574 ], [ -85.805142, 36.1425 ], [ -85.805127, 36.142425 ], [ -85.805121, 36.142397 ], [ -85.805006, 36.142348 ], [ -85.804754, 36.142239 ], [ -85.804407, 36.14209 ], [ -85.803702, 36.141766 ], [ -85.803252, 36.141393 ], [ -85.803098, 36.141266 ], [ -85.802798, 36.141035 ], [ -85.802588, 36.14087 ], [ -85.802248, 36.140604 ], [ -85.802095, 36.140359 ], [ -85.802059, 36.140288 ], [ -85.802018, 36.140207 ], [ -85.801939, 36.140051 ], [ -85.801793, 36.139705 ], [ -85.801616, 36.139285 ], [ -85.801617, 36.138689 ], [ -85.801684, 36.138664 ], [ -85.801932, 36.138576 ], [ -85.802035, 36.138533 ], [ -85.802062, 36.138524 ], [ -85.802145, 36.138499 ], [ -85.802173, 36.138491 ], [ -85.80237, 36.138421 ], [ -85.802761, 36.138284 ], [ -85.802838, 36.138084 ], [ -85.802914, 36.137889 ], [ -85.802954, 36.137786 ], [ -85.802985, 36.137706 ], [ -85.803056, 36.137524 ], [ -85.803261, 36.136996 ], [ -85.803331, 36.136818 ], [ -85.803474, 36.136395 ], [ -85.803676, 36.135802 ], [ -85.803719, 36.135674 ], [ -85.803762, 36.135547 ], [ -85.803909, 36.135114 ], [ -85.804571, 36.134127 ], [ -85.805263, 36.133355 ], [ -85.805893, 36.132652 ], [ -85.806109, 36.132499 ], [ -85.807398, 36.131594 ], [ -85.807415, 36.131582 ], [ -85.807464, 36.131548 ], [ -85.809794, 36.13075 ], [ -85.809992, 36.130681 ], [ -85.810612, 36.13047 ], [ -85.811983, 36.12977 ], [ -85.81203, 36.129741 ], [ -85.812102, 36.129711 ], [ -85.812273, 36.129621 ], [ -85.812504, 36.129483 ], [ -85.812595, 36.129435 ], [ -85.812819, 36.129299 ], [ -85.812916, 36.12924 ], [ -85.813177, 36.129081 ], [ -85.813321, 36.129001 ], [ -85.813345, 36.128988 ], [ -85.814479, 36.127989 ], [ -85.816545, 36.126918 ], [ -85.817051, 36.126606 ], [ -85.819188, 36.125293 ], [ -85.819379, 36.125174 ], [ -85.819625, 36.125021 ], [ -85.819889, 36.124881 ], [ -85.820399, 36.124606 ], [ -85.820908, 36.12433 ], [ -85.821191, 36.124177 ], [ -85.821649, 36.123988 ], [ -85.823817, 36.123099 ], [ -85.82524, 36.122758 ], [ -85.826564, 36.122441 ], [ -85.827332, 36.122362 ], [ -85.827526, 36.122342 ], [ -85.827628, 36.122369 ], [ -85.828094, 36.122491 ], [ -85.82855, 36.122613 ], [ -85.828647, 36.122639 ], [ -85.828944, 36.122905 ], [ -85.830158, 36.123992 ], [ -85.83091, 36.124548 ], [ -85.831555, 36.125108 ], [ -85.832325, 36.125806 ], [ -85.833165, 36.126628 ], [ -85.833572, 36.126958 ], [ -85.835125, 36.128217 ], [ -85.835799, 36.128548 ], [ -85.836503, 36.128935 ], [ -85.836635, 36.128958 ], [ -85.836936, 36.12901 ], [ -85.837207, 36.129057 ], [ -85.837772, 36.129003 ], [ -85.83805, 36.128976 ], [ -85.83827, 36.128855 ], [ -85.838432, 36.128672 ], [ -85.838524, 36.128567 ], [ -85.838617, 36.128462 ], [ -85.839026, 36.128001 ], [ -85.839283, 36.127246 ], [ -85.839468, 36.1267 ], [ -85.839514, 36.126567 ], [ -85.839781, 36.125319 ], [ -85.839837, 36.125059 ], [ -85.840806, 36.122854 ], [ -85.841551, 36.121344 ], [ -85.841635, 36.121169 ], [ -85.84242, 36.119548 ], [ -85.842608, 36.119545 ], [ -85.842764, 36.119542 ], [ -85.843009, 36.119572 ], [ -85.843292, 36.119607 ], [ -85.843328, 36.119611 ], [ -85.852916, 36.120287 ], [ -85.853104, 36.120037 ], [ -85.853749, 36.119882 ], [ -85.854403, 36.11959 ], [ -85.85466, 36.119315 ], [ -85.854758, 36.118508 ], [ -85.854795, 36.117766 ], [ -85.855101, 36.117104 ], [ -85.85513, 36.116749 ], [ -85.85497, 36.11641 ], [ -85.853559, 36.115421 ], [ -85.852686, 36.115237 ], [ -85.852348, 36.114971 ], [ -85.852297, 36.114544 ], [ -85.852681, 36.113228 ], [ -85.852739, 36.112744 ], [ -85.852628, 36.111985 ], [ -85.852784, 36.111235 ], [ -85.853358, 36.110508 ], [ -85.853893, 36.110184 ], [ -85.854804, 36.10969 ], [ -85.855486, 36.108962 ], [ -85.855983, 36.108236 ], [ -85.856128, 36.108025 ], [ -85.856255, 36.107356 ], [ -85.856392, 36.106637 ], [ -85.85658, 36.106459 ], [ -85.857552, 36.106239 ], [ -85.858297, 36.105893 ], [ -85.858443, 36.105826 ], [ -85.859171, 36.105558 ], [ -85.859395, 36.105477 ], [ -85.859939, 36.105057 ], [ -85.861379, 36.102141 ], [ -85.861487, 36.101584 ], [ -85.861502, 36.100721 ], [ -85.861504, 36.100632 ], [ -85.861611, 36.09997 ], [ -85.862273, 36.098912 ], [ -85.862946, 36.09837 ], [ -85.864034, 36.097658 ], [ -85.863736, 36.097174 ], [ -85.863586, 36.096795 ], [ -85.86356, 36.094625 ], [ -85.863628, 36.094222 ], [ -85.864024, 36.093809 ], [ -85.864539, 36.093663 ], [ -85.865045, 36.093751 ], [ -85.86574, 36.094145 ], [ -85.866494, 36.094143 ], [ -85.866782, 36.094255 ], [ -85.867557, 36.094698 ], [ -85.86848, 36.095035 ], [ -85.868956, 36.095001 ], [ -85.870226, 36.095442 ], [ -85.870515, 36.095724 ], [ -85.871026, 36.097148 ], [ -85.871045, 36.0972 ], [ -85.871303, 36.097522 ], [ -85.874985, 36.097436 ], [ -85.875914, 36.097497 ], [ -85.87645, 36.097497 ], [ -85.876976, 36.097497 ], [ -85.877067, 36.097497 ], [ -85.87909, 36.097497 ], [ -85.879573, 36.097497 ], [ -85.87977, 36.097497 ], [ -85.883749, 36.09803 ], [ -85.884097, 36.098927 ], [ -85.885996, 36.100208 ], [ -85.887055, 36.100923 ], [ -85.886627, 36.101317 ], [ -85.88717, 36.101891 ], [ -85.887166, 36.102074 ], [ -85.887147, 36.102307 ], [ -85.887102, 36.102517 ], [ -85.887092, 36.10254 ], [ -85.886977, 36.102838 ], [ -85.886725, 36.103154 ], [ -85.886666, 36.103301 ], [ -85.886513, 36.103831 ], [ -85.886381, 36.10435 ], [ -85.886368, 36.104405 ], [ -85.886197, 36.104786 ], [ -85.886093, 36.104936 ], [ -85.886076, 36.104959 ], [ -85.886063, 36.10498 ], [ -85.886022, 36.105027 ], [ -85.886004, 36.10505 ], [ -85.885992, 36.105064 ], [ -85.885955, 36.105106 ], [ -85.885944, 36.105121 ], [ -85.885924, 36.105143 ], [ -85.885876, 36.1052 ], [ -85.885861, 36.105209 ], [ -85.885836, 36.105227 ], [ -85.885925, 36.105264 ], [ -85.886162, 36.105364 ], [ -85.886196, 36.105378 ], [ -85.886224, 36.10539 ], [ -85.886287, 36.105416 ], [ -85.886321, 36.105368 ], [ -85.886334, 36.105352 ], [ -85.88642, 36.105221 ], [ -85.886455, 36.105173 ], [ -85.886527, 36.105071 ], [ -85.886633, 36.104957 ], [ -85.886856, 36.104737 ], [ -85.887005, 36.104605 ], [ -85.88725, 36.104309 ], [ -85.88745, 36.10403 ], [ -85.887485, 36.103965 ], [ -85.887573, 36.103841 ], [ -85.887687, 36.103648 ], [ -85.887756, 36.103517 ], [ -85.887959, 36.103083 ], [ -85.888056, 36.102922 ], [ -85.888256, 36.102686 ], [ -85.88834, 36.102603 ], [ -85.88839, 36.102544 ], [ -85.888624, 36.102241 ], [ -85.888736, 36.10213 ], [ -85.888746, 36.102119 ], [ -85.888831, 36.102162 ], [ -85.888916, 36.102205 ], [ -85.893625, 36.104591 ], [ -85.893692, 36.104626 ], [ -85.894357, 36.104963 ], [ -85.892456, 36.107803 ], [ -85.892436, 36.107833 ], [ -85.892081, 36.108365 ], [ -85.892332, 36.108983 ], [ -85.893039, 36.110723 ], [ -85.893027, 36.110847 ], [ -85.892963, 36.111512 ], [ -85.892767, 36.113578 ], [ -85.893308, 36.113886 ], [ -85.894234, 36.114253 ], [ -85.894668, 36.114319 ], [ -85.895607, 36.11446 ], [ -85.896235, 36.114963 ], [ -85.896547, 36.116201 ], [ -85.896706, 36.116308 ], [ -85.896938, 36.116275 ], [ -85.897491, 36.116113 ], [ -85.898105, 36.116058 ], [ -85.898647, 36.115961 ], [ -85.898758, 36.116002 ], [ -85.898849, 36.115937 ], [ -85.89908, 36.115873 ], [ -85.899664, 36.115759 ], [ -85.900761, 36.115435 ], [ -85.901478, 36.115027 ], [ -85.902293, 36.11475 ], [ -85.902646, 36.114694 ], [ -85.903947, 36.114865 ], [ -85.904169, 36.114968 ], [ -85.904311, 36.115318 ], [ -85.90424, 36.115759 ], [ -85.904089, 36.116154 ], [ -85.904014, 36.116422 ], [ -85.90722, 36.116706 ], [ -85.907391, 36.116718 ], [ -85.910118, 36.116925 ], [ -85.910103, 36.11672 ], [ -85.910263, 36.116544 ], [ -85.910442, 36.116367 ], [ -85.910652, 36.116069 ], [ -85.911103, 36.115727 ], [ -85.911501, 36.115685 ], [ -85.91058, 36.112972 ], [ -85.910625, 36.112833 ], [ -85.910875, 36.112061 ], [ -85.914381, 36.112249 ], [ -85.914291, 36.111861 ], [ -85.914318, 36.111637 ], [ -85.914542, 36.111075 ], [ -85.915163, 36.110166 ], [ -85.915583, 36.109628 ], [ -85.915858, 36.108645 ], [ -85.915644, 36.108184 ], [ -85.915241, 36.107973 ], [ -85.914524, 36.107365 ], [ -85.914438, 36.107074 ], [ -85.913548, 36.105941 ], [ -85.913296, 36.105368 ], [ -85.913201, 36.104835 ], [ -85.913333, 36.103359 ], [ -85.911617, 36.09936 ], [ -85.912906, 36.100067 ], [ -85.911267, 36.097528 ], [ -85.915005, 36.097158 ], [ -85.914999, 36.097192 ], [ -85.91497, 36.097459 ], [ -85.914972, 36.097606 ], [ -85.914975, 36.097773 ], [ -85.915022, 36.098189 ], [ -85.915027, 36.098232 ], [ -85.915029, 36.098279 ], [ -85.915041, 36.098648 ], [ -85.915077, 36.098948 ], [ -85.915077, 36.099183 ], [ -85.915127, 36.099348 ], [ -85.915157, 36.099386 ], [ -85.915234, 36.099483 ], [ -85.91537, 36.099626 ], [ -85.915431, 36.099724 ], [ -85.915473, 36.099833 ], [ -85.915505, 36.099989 ], [ -85.915545, 36.100133 ], [ -85.91558, 36.10024 ], [ -85.915672, 36.100392 ], [ -85.915837, 36.100618 ], [ -85.915944, 36.100797 ], [ -85.916073, 36.101125 ], [ -85.91612, 36.101228 ], [ -85.916195, 36.101325 ], [ -85.916301, 36.101425 ], [ -85.916682, 36.10169 ], [ -85.916846, 36.101832 ], [ -85.916987, 36.101982 ], [ -85.917092, 36.102167 ], [ -85.91721, 36.102377 ], [ -85.917219, 36.10239 ], [ -85.917289, 36.102506 ], [ -85.91746, 36.102515 ], [ -85.917486, 36.102516 ], [ -85.923535, 36.102834 ], [ -85.924889, 36.101928 ], [ -85.927063, 36.103146 ], [ -85.927672, 36.103617 ], [ -85.928272, 36.104047 ], [ -85.930167, 36.106805 ], [ -85.930511, 36.109452 ], [ -85.932001, 36.108554 ], [ -85.93789, 36.109093 ], [ -85.937085, 36.10713 ], [ -85.935515, 36.10693 ], [ -85.935551, 36.105018 ], [ -85.937237, 36.10425 ], [ -85.937285, 36.104227 ], [ -85.937978, 36.103917 ], [ -85.938143, 36.103844 ], [ -85.93819, 36.103823 ], [ -85.938434, 36.103713 ], [ -85.93916, 36.104681 ], [ -85.940037, 36.105849 ], [ -85.942893, 36.104533 ], [ -85.944287, 36.103892 ], [ -85.944313, 36.10388 ], [ -85.948414, 36.101991 ], [ -85.948778, 36.102138 ], [ -85.94925, 36.102462 ], [ -85.949812, 36.102714 ], [ -85.950266, 36.102805 ], [ -85.950686, 36.103443 ], [ -85.95095, 36.103767 ], [ -85.95151, 36.104164 ], [ -85.951913, 36.104472 ], [ -85.952165, 36.105078 ], [ -85.952448, 36.105603 ], [ -85.952849, 36.106073 ], [ -85.953597, 36.106519 ], [ -85.954177, 36.106908 ], [ -85.954807, 36.10733 ], [ -85.955387, 36.107727 ], [ -85.955949, 36.107883 ], [ -85.956711, 36.107853 ], [ -85.957086, 36.107959 ], [ -85.957715, 36.108445 ], [ -85.958126, 36.108899 ], [ -85.958488, 36.109465 ], [ -85.958947, 36.110103 ], [ -85.959279, 36.110621 ], [ -85.959584, 36.11088 ], [ -85.960157, 36.110955 ], [ -85.961315, 36.110733 ], [ -85.961589, 36.108629 ], [ -85.964313, 36.108812 ], [ -85.964574, 36.108826 ], [ -85.964666, 36.108831 ], [ -85.964757, 36.108533 ], [ -85.965041, 36.107607 ], [ -85.965194, 36.107067 ], [ -85.965505, 36.106479 ], [ -85.966431, 36.105579 ], [ -85.967305, 36.104993 ], [ -85.96735, 36.104364 ], [ -85.967403, 36.103897 ], [ -85.967723, 36.103415 ], [ -85.967875, 36.10298 ], [ -85.967667, 36.101753 ], [ -85.967739, 36.101406 ], [ -85.968783, 36.100507 ], [ -85.969087, 36.099693 ], [ -85.969221, 36.099081 ], [ -85.970035, 36.098536 ], [ -85.970918, 36.098143 ], [ -85.971652, 36.097791 ], [ -85.972286, 36.097567 ], [ -85.973355, 36.097344 ], [ -85.974068, 36.097226 ], [ -85.974946, 36.097374 ], [ -85.975904, 36.097546 ], [ -85.976967, 36.098002 ], [ -85.977961, 36.098609 ], [ -85.978511, 36.099095 ], [ -85.978647, 36.098144 ], [ -85.9788, 36.09754 ], [ -85.978982, 36.097 ], [ -85.979204, 36.096453 ], [ -85.979545, 36.095695 ], [ -85.979903, 36.095398 ], [ -85.980508, 36.095134 ], [ -85.981252, 36.094774 ], [ -85.981866, 36.094622 ], [ -85.982402, 36.094253 ], [ -85.98294, 36.09365 ], [ -85.98324, 36.09328 ], [ -85.98346, 36.091652 ], [ -85.983444, 36.091128 ], [ -85.983496, 36.09083 ], [ -85.984706, 36.09018 ], [ -85.986083, 36.087095 ], [ -85.992138, 36.087542 ], [ -85.991434, 36.09312 ], [ -85.991725, 36.093896 ], [ -85.993394, 36.093924 ], [ -85.994816, 36.090815 ], [ -85.996538, 36.087048 ], [ -85.999988, 36.087319 ], [ -86.002209, 36.087555 ], [ -86.002566, 36.086813 ], [ -86.002109, 36.08557 ], [ -86.002013, 36.085309 ], [ -86.001645, 36.084304 ], [ -86.004918, 36.082019 ], [ -86.005053, 36.08208 ], [ -86.005669, 36.08236 ], [ -86.006425, 36.082705 ], [ -86.006231, 36.083891 ], [ -86.006196, 36.084109 ], [ -86.006182, 36.084566 ], [ -86.006137, 36.08465 ], [ -86.006123, 36.084701 ], [ -86.006011, 36.085134 ], [ -86.005997, 36.085189 ], [ -86.005974, 36.085279 ], [ -86.005968, 36.085304 ], [ -86.005829, 36.085635 ], [ -86.005812, 36.087486 ], [ -86.005798, 36.089154 ], [ -86.008128, 36.08925 ], [ -86.008545, 36.08883 ], [ -86.008833, 36.088766 ], [ -86.0092, 36.088741 ], [ -86.009715, 36.088887 ], [ -86.01059, 36.089165 ], [ -86.010677, 36.089193 ], [ -86.010915, 36.089395 ], [ -86.011272, 36.089814 ], [ -86.011341, 36.090065 ], [ -86.012283, 36.09004 ], [ -86.012302, 36.089962 ], [ -86.012484, 36.089213 ], [ -86.0128, 36.087917 ], [ -86.012929, 36.086947 ], [ -86.013031, 36.086184 ], [ -86.013212, 36.084825 ], [ -86.013396, 36.083446 ], [ -86.016114, 36.08353 ], [ -86.016222, 36.083534 ], [ -86.017444, 36.083855 ], [ -86.018911, 36.084241 ], [ -86.019256, 36.084332 ], [ -86.022132, 36.084606 ], [ -86.023439, 36.084665 ], [ -86.02355, 36.08467 ], [ -86.024619, 36.084694 ], [ -86.024941, 36.084592 ], [ -86.025057, 36.084556 ], [ -86.025402, 36.08435 ], [ -86.025424, 36.084338 ], [ -86.025691, 36.084088 ], [ -86.026039, 36.083692 ], [ -86.026653, 36.083905 ], [ -86.027148, 36.084077 ], [ -86.027188, 36.08409 ], [ -86.027198, 36.084094 ], [ -86.027282, 36.084122 ], [ -86.027537, 36.084209 ], [ -86.027622, 36.084238 ], [ -86.027625, 36.084225 ], [ -86.027637, 36.084201 ], [ -86.02768, 36.084116 ], [ -86.027691, 36.084095 ], [ -86.02771, 36.084061 ], [ -86.027764, 36.083962 ], [ -86.027782, 36.08393 ], [ -86.027816, 36.083854 ], [ -86.027842, 36.083828 ], [ -86.027867, 36.083779 ], [ -86.027942, 36.083679 ], [ -86.02801, 36.08359 ], [ -86.028014, 36.083309 ], [ -86.0281, 36.083352 ], [ -86.028198, 36.083383 ], [ -86.030222, 36.084039 ], [ -86.030372, 36.084098 ], [ -86.030917, 36.084312 ], [ -86.031549, 36.084559 ], [ -86.031712, 36.084624 ], [ -86.031872, 36.084686 ], [ -86.032245, 36.084833 ], [ -86.032354, 36.084875 ], [ -86.032515, 36.084939 ], [ -86.03289, 36.085086 ], [ -86.033868, 36.08547 ], [ -86.034017, 36.085528 ], [ -86.034393, 36.085676 ], [ -86.03466, 36.085781 ], [ -86.035463, 36.086096 ], [ -86.035731, 36.086201 ], [ -86.039297, 36.087601 ], [ -86.039555, 36.086035 ], [ -86.039733, 36.086052 ], [ -86.04292, 36.086379 ], [ -86.042743, 36.088554 ], [ -86.042684, 36.089279 ], [ -86.053036, 36.090205 ], [ -86.055905, 36.090462 ], [ -86.056086, 36.090441 ], [ -86.056174, 36.09043 ], [ -86.058698, 36.08728 ], [ -86.059615, 36.086136 ], [ -86.059706, 36.086024 ], [ -86.059743, 36.086152 ], [ -86.059857, 36.086539 ], [ -86.059895, 36.086668 ], [ -86.060796, 36.089735 ], [ -86.063499, 36.098939 ], [ -86.0644, 36.102007 ], [ -86.064473, 36.102256 ], [ -86.064692, 36.103003 ], [ -86.064766, 36.103253 ], [ -86.064832, 36.103477 ], [ -86.064993, 36.104025 ], [ -86.06503, 36.104152 ], [ -86.065096, 36.104377 ], [ -86.065221, 36.104803 ], [ -86.065596, 36.106081 ], [ -86.065722, 36.106508 ], [ -86.065925, 36.1072 ], [ -86.066535, 36.109277 ], [ -86.066739, 36.10997 ], [ -86.066989, 36.110824 ], [ -86.067145, 36.111352 ], [ -86.067452, 36.111376 ], [ -86.069002, 36.110436 ], [ -86.069764, 36.109975 ], [ -86.07012, 36.10976 ], [ -86.069467, 36.114393 ], [ -86.067047, 36.114185 ], [ -86.066953, 36.115204 ], [ -86.066882, 36.115651 ], [ -86.066871, 36.11572 ], [ -86.066867, 36.115749 ], [ -86.066852, 36.115923 ], [ -86.066837, 36.116095 ], [ -86.066132, 36.124178 ], [ -86.066176, 36.124182 ], [ -86.066339, 36.124201 ], [ -86.066431, 36.124214 ], [ -86.066744, 36.124257 ], [ -86.066906, 36.124289 ], [ -86.066998, 36.124305 ], [ -86.067382, 36.124361 ], [ -86.067588, 36.124382 ], [ -86.0682, 36.12444 ], [ -86.068587, 36.124466 ], [ -86.068683, 36.124473 ], [ -86.069871, 36.124561 ], [ -86.069998, 36.124564 ], [ -86.070156, 36.124555 ], [ -86.070085, 36.124794 ], [ -86.07009, 36.12492 ], [ -86.070089, 36.12507 ], [ -86.070004, 36.125803 ], [ -86.069994, 36.125889 ], [ -86.069999, 36.12678 ], [ -86.07001, 36.127251 ], [ -86.070107, 36.127341 ], [ -86.07017, 36.127451 ], [ -86.071746, 36.129422 ], [ -86.07249, 36.130351 ], [ -86.072729, 36.130649 ], [ -86.074568, 36.130822 ], [ -86.07437, 36.132153 ], [ -86.074196, 36.133332 ], [ -86.073983, 36.134772 ], [ -86.077223, 36.135139 ], [ -86.079636, 36.141781 ], [ -86.080316, 36.143653 ], [ -86.080841, 36.145093 ], [ -86.087593, 36.163731 ], [ -86.088075, 36.165061 ], [ -86.089524, 36.169054 ], [ -86.090005, 36.170371 ], [ -86.090094, 36.170613 ], [ -86.090165, 36.17081 ], [ -86.090675, 36.172225 ], [ -86.092087, 36.176119 ], [ -86.092234, 36.176527 ], [ -86.092262, 36.176605 ], [ -86.092289, 36.17668 ], [ -86.09506, 36.184361 ], [ -86.09511, 36.1845 ], [ -86.09516, 36.184638 ], [ -86.096585, 36.188585 ], [ -86.096675, 36.188833 ], [ -86.096683, 36.188854 ], [ -86.096639, 36.189022 ], [ -86.096629, 36.189061 ], [ -86.096709, 36.189125 ], [ -86.096854, 36.189288 ], [ -86.096916, 36.189546 ], [ -86.096774, 36.1899 ], [ -86.096663, 36.190271 ], [ -86.096802, 36.190533 ], [ -86.097033, 36.190719 ], [ -86.09716, 36.190822 ], [ -86.097309, 36.190927 ], [ -86.097654, 36.191172 ], [ -86.098176, 36.191667 ], [ -86.098131, 36.191957 ], [ -86.098069, 36.192359 ], [ -86.098147, 36.192529 ], [ -86.098186, 36.192614 ], [ -86.09839, 36.192675 ], [ -86.098774, 36.19279 ], [ -86.099293, 36.192837 ], [ -86.099502, 36.192857 ], [ -86.099596, 36.192886 ], [ -86.100013, 36.193013 ], [ -86.100246, 36.193298 ], [ -86.100389, 36.193473 ], [ -86.100451, 36.193724 ], [ -86.100456, 36.194173 ], [ -86.100381, 36.194624 ], [ -86.100094, 36.194991 ], [ -86.099983, 36.195172 ], [ -86.099834, 36.195484 ], [ -86.099819, 36.195518 ], [ -86.099474, 36.195912 ], [ -86.099317, 36.196019 ], [ -86.099267, 36.19604 ], [ -86.098953, 36.196039 ], [ -86.098876, 36.196039 ], [ -86.098656, 36.196039 ], [ -86.098488, 36.196107 ], [ -86.0982, 36.196128 ], [ -86.097965, 36.196165 ], [ -86.097782, 36.196327 ], [ -86.097758, 36.19635 ], [ -86.097496, 36.196593 ], [ -86.09702, 36.196757 ], [ -86.096532, 36.196926 ], [ -86.096041, 36.197106 ], [ -86.095605, 36.197286 ], [ -86.095395, 36.197374 ], [ -86.095142, 36.197482 ], [ -86.095131, 36.197534 ], [ -86.094286, 36.197846 ], [ -86.093528, 36.197947 ], [ -86.092544, 36.197967 ], [ -86.091159, 36.197995 ], [ -86.091732, 36.200693 ], [ -86.092066, 36.202265 ], [ -86.092103, 36.202363 ], [ -86.092527, 36.203502 ], [ -86.092543, 36.203505 ], [ -86.092593, 36.203517 ], [ -86.093597, 36.20373 ], [ -86.093745, 36.203761 ], [ -86.094423, 36.203905 ], [ -86.094547, 36.203935 ], [ -86.094587, 36.203945 ], [ -86.094641, 36.203956 ], [ -86.094893, 36.204011 ], [ -86.094926, 36.204017 ], [ -86.095022, 36.204036 ], [ -86.094164, 36.205678 ], [ -86.095829, 36.206118 ], [ -86.097047, 36.206437 ], [ -86.097591, 36.205573 ], [ -86.097788, 36.205544 ], [ -86.09802, 36.205515 ], [ -86.100165, 36.205236 ], [ -86.10029, 36.205219 ], [ -86.1028, 36.205147 ], [ -86.106242, 36.214668 ], [ -86.108242, 36.220198 ], [ -86.108455, 36.220787 ], [ -86.109174, 36.222775 ], [ -86.111275, 36.228566 ], [ -86.116959, 36.229133 ], [ -86.117044, 36.228456 ], [ -86.11977, 36.22946 ], [ -86.119969, 36.229533 ], [ -86.120724, 36.229812 ], [ -86.119259, 36.229925 ], [ -86.119215, 36.231449 ], [ -86.121367, 36.231389 ], [ -86.120984, 36.233888 ], [ -86.120705, 36.235707 ], [ -86.120543, 36.236766 ], [ -86.117524, 36.237951 ], [ -86.116321, 36.237838 ], [ -86.114489, 36.237667 ], [ -86.114863, 36.238754 ], [ -86.115515, 36.240646 ], [ -86.114241, 36.241342 ], [ -86.113232, 36.241895 ], [ -86.113064, 36.241987 ], [ -86.112992, 36.242017 ], [ -86.112637, 36.242171 ], [ -86.113056, 36.242132 ], [ -86.113112, 36.242127 ], [ -86.113322, 36.242165 ], [ -86.113384, 36.242177 ], [ -86.113249, 36.243118 ], [ -86.1164, 36.243278 ], [ -86.11731, 36.245663 ], [ -86.117407, 36.245916 ], [ -86.118057, 36.247618 ], [ -86.11818, 36.24796 ], [ -86.11828, 36.248239 ], [ -86.118938, 36.250071 ], [ -86.119341, 36.251147 ], [ -86.121084, 36.25581 ], [ -86.121143, 36.255967 ], [ -86.1212, 36.256123 ], [ -86.123021, 36.260995 ], [ -86.122645, 36.261061 ], [ -86.122541, 36.261079 ], [ -86.11919, 36.261878 ], [ -86.119013, 36.264628 ], [ -86.118982, 36.265 ], [ -86.117677, 36.265103 ], [ -86.117664, 36.26521 ], [ -86.117659, 36.265297 ], [ -86.117658, 36.26532 ], [ -86.117463, 36.266774 ], [ -86.116118, 36.26664 ], [ -86.115607, 36.268886 ], [ -86.120145, 36.270117 ], [ -86.12075, 36.269445 ], [ -86.121227, 36.268976 ], [ -86.121594, 36.268571 ], [ -86.122022, 36.268402 ], [ -86.122147, 36.268362 ], [ -86.122523, 36.268244 ], [ -86.122649, 36.268205 ], [ -86.122787, 36.267645 ], [ -86.123202, 36.265967 ], [ -86.123341, 36.265408 ], [ -86.123719, 36.265428 ], [ -86.124885, 36.265489 ], [ -86.125261, 36.266584 ], [ -86.126054, 36.269657 ], [ -86.127956, 36.274535 ], [ -86.129273, 36.277913 ], [ -86.129286, 36.277946 ], [ -86.131497, 36.283722 ], [ -86.131674, 36.284181 ], [ -86.132013, 36.285074 ], [ -86.132537, 36.286444 ], [ -86.132842, 36.28724 ], [ -86.133757, 36.28963 ], [ -86.134062, 36.290427 ], [ -86.134503, 36.291579 ], [ -86.135661, 36.294603 ], [ -86.135972, 36.294946 ], [ -86.136803, 36.295859 ], [ -86.135839, 36.295587 ], [ -86.132949, 36.294771 ], [ -86.131986, 36.2945 ], [ -86.13167, 36.294411 ], [ -86.128611, 36.29423 ], [ -86.126152, 36.294086 ], [ -86.124989, 36.297028 ], [ -86.123166, 36.301194 ], [ -86.122725, 36.302204 ], [ -86.121902, 36.303911 ], [ -86.12173, 36.304267 ], [ -86.121643, 36.304515 ], [ -86.120437, 36.307093 ], [ -86.117752, 36.31208 ], [ -86.115365, 36.316086 ], [ -86.114472, 36.317586 ], [ -86.113445, 36.319195 ], [ -86.111753, 36.321848 ], [ -86.111571, 36.322132 ], [ -86.111028, 36.322984 ], [ -86.110847, 36.323269 ], [ -86.110712, 36.323482 ], [ -86.106304, 36.329426 ], [ -86.105798, 36.330057 ], [ -86.101179, 36.335825 ], [ -86.099781, 36.337294 ], [ -86.099672, 36.337408 ], [ -86.097561, 36.339628 ], [ -86.097182, 36.340058 ], [ -86.096667, 36.340644 ], [ -86.09663, 36.340687 ], [ -86.096583, 36.34074 ], [ -86.096393, 36.340957 ], [ -86.096321, 36.34103 ], [ -86.096145, 36.341207 ], [ -86.095742, 36.341618 ], [ -86.095626, 36.341747 ], [ -86.095461, 36.341934 ], [ -86.095308, 36.342105 ], [ -86.094878, 36.342589 ], [ -86.094849, 36.342619 ], [ -86.094692, 36.342786 ], [ -86.093638, 36.34391 ], [ -86.092701, 36.344911 ], [ -86.0909, 36.34655 ], [ -86.090294, 36.347099 ], [ -86.089574, 36.347755 ], [ -86.087993, 36.349194 ], [ -86.087964, 36.34922 ], [ -86.087228, 36.349891 ], [ -86.087063, 36.350039 ], [ -86.086538, 36.350515 ], [ -86.085651, 36.351317 ], [ -86.083741, 36.352946 ], [ -86.083413, 36.353225 ], [ -86.081183, 36.355126 ], [ -86.0809, 36.355367 ], [ -86.08026, 36.35585 ], [ -86.079775, 36.356216 ], [ -86.079729, 36.35625 ], [ -86.079638, 36.356315 ], [ -86.078948, 36.356857 ], [ -86.07869, 36.357055 ], [ -86.077366, 36.358072 ], [ -86.077183, 36.358211 ], [ -86.076637, 36.35863 ], [ -86.076455, 36.35877 ], [ -86.076034, 36.359093 ], [ -86.075987, 36.359125 ], [ -86.07468, 36.360042 ], [ -86.074543, 36.360137 ], [ -86.074062, 36.360475 ], [ -86.074018, 36.360505 ], [ -86.073887, 36.360598 ], [ -86.073844, 36.360629 ], [ -86.073445, 36.360878 ], [ -86.072248, 36.361628 ], [ -86.07185, 36.361878 ], [ -86.071354, 36.362262 ], [ -86.069866, 36.363417 ], [ -86.069371, 36.363802 ], [ -86.069239, 36.363904 ], [ -86.069101, 36.363999 ], [ -86.068277, 36.364569 ], [ -86.068003, 36.364759 ], [ -86.06757, 36.365057 ], [ -86.066815, 36.36558 ], [ -86.066229, 36.365879 ], [ -86.065762, 36.366119 ], [ -86.065034, 36.366492 ], [ -86.064176, 36.367066 ], [ -86.059973, 36.369881 ], [ -86.059545, 36.370124 ], [ -86.057938, 36.371041 ], [ -86.057618, 36.371223 ], [ -86.053976, 36.373301 ], [ -86.050568, 36.375051 ], [ -86.047819, 36.376419 ], [ -86.043668, 36.378516 ], [ -86.042645, 36.379004 ], [ -86.042253, 36.37919 ], [ -86.041901, 36.379359 ], [ -86.041372, 36.379594 ], [ -86.040759, 36.379864 ], [ -86.039377, 36.380477 ], [ -86.036831, 36.381578 ], [ -86.036178, 36.381914 ], [ -86.036052, 36.38198 ], [ -86.034775, 36.382309 ], [ -86.031842, 36.382998 ], [ -86.028081, 36.383976 ], [ -86.025237, 36.384705 ], [ -86.021586, 36.385631 ], [ -86.021166, 36.385738 ], [ -86.018029, 36.38766 ], [ -86.018515, 36.388426 ], [ -86.016332, 36.388953 ], [ -86.011622, 36.390091 ], [ -86.009817, 36.390648 ], [ -86.007826, 36.391264 ], [ -86.007672, 36.391311 ], [ -86.007197, 36.391467 ], [ -86.006425, 36.391721 ] ] ] } },
{ "type": "Feature", "properties": { "STATEFP": "47", "COUNTYFP": "169", "COUNTYNS": "01648581", "GEOID": "47169", "GEOIDFQ": "0500000US47169", "NAME": "Trousdale", "NAMELSAD": "Trousdale County", "LSAD": "06", "CLASSFP": "H6", "MTFCC": "G4020", "CSAFP": "400", "CBSAFP": "34980", "METDIVFP": null, "FUNCSTAT": "C", "ALAND": 296143586, "AWATER": 5960709, "INTPTLAT": "+36.3930297", "INTPTLON": "-086.1566909" }, "geometry": { "type": "Polygon", "coordinates": [ [ [ -86.094692, 36.342786 ], [ -86.094849, 36.342619 ], [ -86.094878, 36.342589 ], [ -86.095308, 36.342105 ], [ -86.095461, 36.341934 ], [ -86.095626, 36.341747 ], [ -86.095742, 36.341618 ], [ -86.096145, 36.341207 ], [ -86.096321, 36.34103 ], [ -86.096393, 36.340957 ], [ -86.096583, 36.34074 ], [ -86.09663, 36.340687 ], [ -86.096667, 36.340644 ], [ -86.097182, 36.340058 ], [ -86.097561, 36.339628 ], [ -86.099672, 36.337408 ], [ -86.099781, 36.337294 ], [ -86.101179, 36.335825 ], [ -86.105798, 36.330057 ], [ -86.106304, 36.329426 ], [ -86.110712, 36.323482 ], [ -86.110847, 36.323269 ], [ -86.111028, 36.322984 ], [ -86.111571, 36.322132 ], [ -86.111753, 36.321848 ], [ -86.113445, 36.319195 ], [ -86.114472, 36.317586 ], [ -86.115365, 36.316086 ], [ -86.117752, 36.31208 ], [ -86.120437, 36.307093 ], [ -86.121643, 36.304515 ], [ -86.12173, 36.304267 ], [ -86.121902, 36.303911 ], [ -86.122725, 36.302204 ], [ -86.123166, 36.301194 ], [ -86.124989, 36.297028 ], [ -86.126152, 36.294086 ], [ -86.128611, 36.29423 ], [ -86.13167, 36.294411 ], [ -86.131986, 36.2945 ], [ -86.132949, 36.294771 ], [ -86.135839, 36.295587 ], [ -86.136803, 36.295859 ], [ -86.137825, 36.296984 ], [ -86.140893, 36.300359 ], [ -86.141916, 36.301484 ], [ -86.142043, 36.301624 ], [ -86.142426, 36.302044 ], [ -86.142554, 36.302184 ], [ -86.143982, 36.303757 ], [ -86.144659, 36.304502 ], [ -86.14879, 36.307931 ], [ -86.150426, 36.309289 ], [ -86.150788, 36.309598 ], [ -86.151877, 36.310525 ], [ -86.15224, 36.310835 ], [ -86.152291, 36.310827 ], [ -86.152942, 36.31072 ], [ -86.154895, 36.310399 ], [ -86.155546, 36.310292 ], [ -86.155561, 36.310342 ], [ -86.155603, 36.31048 ], [ -86.155608, 36.310493 ], [ -86.155628, 36.310542 ], [ -86.155694, 36.31071 ], [ -86.155717, 36.310768 ], [ -86.155907, 36.31114 ], [ -86.155928, 36.311198 ], [ -86.155991, 36.311368 ], [ -86.156012, 36.311423 ], [ -86.156096, 36.311738 ], [ -86.156111, 36.311859 ], [ -86.156139, 36.3121 ], [ -86.15613, 36.312374 ], [ -86.156092, 36.312722 ], [ -86.155993, 36.313095 ], [ -86.155916, 36.313359 ], [ -86.155777, 36.313837 ], [ -86.155776, 36.31385 ], [ -86.156549, 36.31451 ], [ -86.158871, 36.31649 ], [ -86.159645, 36.31715 ], [ -86.162469, 36.319556 ], [ -86.164045, 36.320899 ], [ -86.166683, 36.322663 ], [ -86.17158, 36.325937 ], [ -86.173746, 36.327385 ], [ -86.174463, 36.327865 ], [ -86.174666, 36.328 ], [ -86.174736, 36.328046 ], [ -86.174946, 36.328187 ], [ -86.175016, 36.328234 ], [ -86.175916, 36.328836 ], [ -86.175953, 36.328676 ], [ -86.1762, 36.327617 ], [ -86.176942, 36.326103 ], [ -86.177011, 36.325961 ], [ -86.178202, 36.324402 ], [ -86.179277, 36.323398 ], [ -86.179415, 36.323269 ], [ -86.180716, 36.321717 ], [ -86.180825, 36.321587 ], [ -86.180862, 36.321559 ], [ -86.180932, 36.321506 ], [ -86.181494, 36.321089 ], [ -86.182127, 36.320619 ], [ -86.182665, 36.320219 ], [ -86.184277, 36.319287 ], [ -86.185175, 36.319228 ], [ -86.186203, 36.319225 ], [ -86.187652, 36.319552 ], [ -86.18858, 36.319868 ], [ -86.189251, 36.320088 ], [ -86.191952, 36.322078 ], [ -86.193588, 36.323284 ], [ -86.195225, 36.32449 ], [ -86.195714, 36.32485 ], [ -86.196202, 36.325209 ], [ -86.197593, 36.326234 ], [ -86.199587, 36.327931 ], [ -86.204069, 36.332321 ], [ -86.204575, 36.333208 ], [ -86.205066, 36.33407 ], [ -86.20575, 36.335269 ], [ -86.206404, 36.336509 ], [ -86.206493, 36.34002 ], [ -86.206527, 36.341364 ], [ -86.20656, 36.342659 ], [ -86.207016, 36.342601 ], [ -86.207384, 36.342611 ], [ -86.207752, 36.342621 ], [ -86.207837, 36.342614 ], [ -86.207982, 36.342602 ], [ -86.208177, 36.342603 ], [ -86.208354, 36.34262 ], [ -86.208489, 36.342633 ], [ -86.208533, 36.342633 ], [ -86.208744, 36.342661 ], [ -86.208822, 36.342677 ], [ -86.208897, 36.342697 ], [ -86.209032, 36.342745 ], [ -86.209065, 36.342766 ], [ -86.209159, 36.342801 ], [ -86.209192, 36.342822 ], [ -86.209252, 36.342842 ], [ -86.20939, 36.342919 ], [ -86.209614, 36.343085 ], [ -86.209706, 36.343161 ], [ -86.209753, 36.343206 ], [ -86.209807, 36.343258 ], [ -86.209891, 36.343331 ], [ -86.21, 36.343441 ], [ -86.210025, 36.343472 ], [ -86.210125, 36.343569 ], [ -86.210201, 36.34362 ], [ -86.21028, 36.343673 ], [ -86.210429, 36.343773 ], [ -86.210505, 36.343825 ], [ -86.210547, 36.34386 ], [ -86.21059, 36.343881 ], [ -86.210645, 36.343922 ], [ -86.210849, 36.344054 ], [ -86.210977, 36.344137 ], [ -86.211214, 36.344262 ], [ -86.21131, 36.344331 ], [ -86.211627, 36.344505 ], [ -86.211728, 36.344546 ], [ -86.211874, 36.344617 ], [ -86.211943, 36.344642 ], [ -86.211974, 36.344654 ], [ -86.21224, 36.344677 ], [ -86.212355, 36.344674 ], [ -86.212457, 36.344654 ], [ -86.212703, 36.344593 ], [ -86.21284, 36.344518 ], [ -86.212891, 36.344505 ], [ -86.213019, 36.344451 ], [ -86.213095, 36.344406 ], [ -86.213189, 36.344311 ], [ -86.213318, 36.344157 ], [ -86.213419, 36.344086 ], [ -86.213448, 36.34407 ], [ -86.213464, 36.344062 ], [ -86.213514, 36.344049 ], [ -86.213575, 36.344018 ], [ -86.213745, 36.343912 ], [ -86.213813, 36.343886 ], [ -86.213899, 36.343831 ], [ -86.213967, 36.343777 ], [ -86.214069, 36.343722 ], [ -86.214206, 36.343665 ], [ -86.214324, 36.3436 ], [ -86.214402, 36.343566 ], [ -86.214444, 36.343553 ], [ -86.214546, 36.343512 ], [ -86.21458, 36.343506 ], [ -86.214666, 36.343437 ], [ -86.214691, 36.343379 ], [ -86.214785, 36.343383 ], [ -86.214824, 36.343386 ], [ -86.214921, 36.343356 ], [ -86.21501, 36.34334 ], [ -86.215133, 36.343309 ], [ -86.215269, 36.343269 ], [ -86.215295, 36.343255 ], [ -86.21533, 36.343248 ], [ -86.215543, 36.34314 ], [ -86.215619, 36.343092 ], [ -86.215756, 36.34298 ], [ -86.215952, 36.34284 ], [ -86.216038, 36.342772 ], [ -86.216217, 36.34267 ], [ -86.21629, 36.342623 ], [ -86.216529, 36.342452 ], [ -86.216787, 36.342288 ], [ -86.216947, 36.342187 ], [ -86.216977, 36.342174 ], [ -86.217191, 36.342016 ], [ -86.217318, 36.341949 ], [ -86.21737, 36.341915 ], [ -86.217438, 36.341881 ], [ -86.217468, 36.34186 ], [ -86.217531, 36.341826 ], [ -86.217728, 36.341703 ], [ -86.217884, 36.341625 ], [ -86.218456, 36.341681 ], [ -86.220173, 36.341852 ], [ -86.220746, 36.341909 ], [ -86.221212, 36.341954 ], [ -86.222611, 36.342092 ], [ -86.223078, 36.342138 ], [ -86.223251, 36.342165 ], [ -86.223773, 36.342247 ], [ -86.223947, 36.342275 ], [ -86.223978, 36.34228 ], [ -86.224072, 36.342295 ], [ -86.224104, 36.3423 ], [ -86.224873, 36.342404 ], [ -86.226996, 36.342692 ], [ -86.226978, 36.34289 ], [ -86.226908, 36.343664 ], [ -86.226885, 36.343957 ], [ -86.226726, 36.345206 ], [ -86.226251, 36.348957 ], [ -86.227124, 36.34905 ], [ -86.228669, 36.349217 ], [ -86.228967, 36.349249 ], [ -86.229863, 36.349345 ], [ -86.229897, 36.349349 ], [ -86.230096, 36.349172 ], [ -86.235117, 36.344708 ], [ -86.240115, 36.340263 ], [ -86.240237, 36.340156 ], [ -86.240747, 36.339703 ], [ -86.241172, 36.339324 ], [ -86.244456, 36.336405 ], [ -86.245568, 36.334847 ], [ -86.245715, 36.334643 ], [ -86.245956, 36.33404 ], [ -86.247123, 36.331121 ], [ -86.247327, 36.330492 ], [ -86.247811, 36.328994 ], [ -86.248295, 36.327497 ], [ -86.248322, 36.327415 ], [ -86.248312, 36.32734 ], [ -86.248126, 36.325922 ], [ -86.247941, 36.324503 ], [ -86.24775, 36.323038 ], [ -86.247397, 36.317682 ], [ -86.247391, 36.317587 ], [ -86.247395, 36.314694 ], [ -86.247397, 36.313669 ], [ -86.247398, 36.312644 ], [ -86.247399, 36.311521 ], [ -86.247782, 36.309687 ], [ -86.247851, 36.309359 ], [ -86.24792, 36.309031 ], [ -86.248042, 36.308446 ], [ -86.249275, 36.30582 ], [ -86.249316, 36.305772 ], [ -86.24999, 36.304979 ], [ -86.251115, 36.304032 ], [ -86.252546, 36.302829 ], [ -86.254989, 36.301681 ], [ -86.257999, 36.300393 ], [ -86.260942, 36.299665 ], [ -86.263177, 36.299375 ], [ -86.263446, 36.299448 ], [ -86.263473, 36.299455 ], [ -86.264436, 36.299718 ], [ -86.26478, 36.29995 ], [ -86.266136, 36.300863 ], [ -86.269869, 36.304243 ], [ -86.272664, 36.307286 ], [ -86.27347, 36.309364 ], [ -86.27321, 36.312684 ], [ -86.273072, 36.313277 ], [ -86.27258, 36.315441 ], [ -86.272292, 36.316014 ], [ -86.271176, 36.318233 ], [ -86.270166, 36.319739 ], [ -86.26851, 36.322208 ], [ -86.266855, 36.324678 ], [ -86.266212, 36.325639 ], [ -86.26617, 36.325709 ], [ -86.264643, 36.328292 ], [ -86.264531, 36.329205 ], [ -86.264503, 36.329432 ], [ -86.264475, 36.32966 ], [ -86.264422, 36.330093 ], [ -86.264578, 36.331102 ], [ -86.264889, 36.33317 ], [ -86.265761, 36.337369 ], [ -86.267291, 36.341395 ], [ -86.26913, 36.344862 ], [ -86.270912, 36.346306 ], [ -86.272764, 36.347579 ], [ -86.275903, 36.348476 ], [ -86.27911, 36.348523 ], [ -86.283062, 36.347564 ], [ -86.283256, 36.3475 ], [ -86.283268, 36.347562 ], [ -86.28328, 36.347625 ], [ -86.28337, 36.34825 ], [ -86.283445, 36.348545 ], [ -86.283571, 36.349085 ], [ -86.283361, 36.349187 ], [ -86.283236, 36.349249 ], [ -86.2829, 36.349448 ], [ -86.282815, 36.349614 ], [ -86.283062, 36.349818 ], [ -86.28397, 36.350396 ], [ -86.284185, 36.350524 ], [ -86.284425, 36.350668 ], [ -86.284893, 36.350868 ], [ -86.285198, 36.350843 ], [ -86.285215, 36.350842 ], [ -86.285372, 36.351481 ], [ -86.28535, 36.351723 ], [ -86.285323, 36.352029 ], [ -86.285319, 36.352099 ], [ -86.285308, 36.352223 ], [ -86.285297, 36.352339 ], [ -86.285288, 36.352431 ], [ -86.285274, 36.352586 ], [ -86.285262, 36.353432 ], [ -86.28526, 36.35359 ], [ -86.285152, 36.35373 ], [ -86.284921, 36.354023 ], [ -86.284411, 36.35479 ], [ -86.284173, 36.355083 ], [ -86.284115, 36.355156 ], [ -86.283815, 36.35579 ], [ -86.283633, 36.356962 ], [ -86.283286, 36.357931 ], [ -86.282597, 36.359634 ], [ -86.282526, 36.359783 ], [ -86.281869, 36.36117 ], [ -86.28182, 36.361298 ], [ -86.281806, 36.361347 ], [ -86.281782, 36.361437 ], [ -86.281722, 36.361435 ], [ -86.281671, 36.361434 ], [ -86.281032, 36.361397 ], [ -86.280408, 36.361391 ], [ -86.279549, 36.36126 ], [ -86.278537, 36.361107 ], [ -86.277541, 36.360863 ], [ -86.277003, 36.36059 ], [ -86.276758, 36.360253 ], [ -86.276683, 36.359649 ], [ -86.276275, 36.359008 ], [ -86.274694, 36.35886 ], [ -86.274321, 36.358839 ], [ -86.272488, 36.35874 ], [ -86.272496, 36.359036 ], [ -86.272493, 36.359064 ], [ -86.272484, 36.359147 ], [ -86.272482, 36.359176 ], [ -86.272351, 36.361905 ], [ -86.27196, 36.370093 ], [ -86.27183, 36.372823 ], [ -86.271831, 36.373098 ], [ -86.271837, 36.373924 ], [ -86.271839, 36.3742 ], [ -86.27187, 36.374871 ], [ -86.271879, 36.375048 ], [ -86.271857, 36.376887 ], [ -86.271849, 36.377559 ], [ -86.27179, 36.379061 ], [ -86.271617, 36.383567 ], [ -86.271559, 36.38507 ], [ -86.271543, 36.385483 ], [ -86.271496, 36.386724 ], [ -86.271481, 36.387138 ], [ -86.27142, 36.388411 ], [ -86.271238, 36.392231 ], [ -86.271178, 36.393505 ], [ -86.271088, 36.395432 ], [ -86.270818, 36.401213 ], [ -86.270728, 36.40314 ], [ -86.270658, 36.404743 ], [ -86.270448, 36.409556 ], [ -86.270379, 36.41116 ], [ -86.270304, 36.41285 ], [ -86.270083, 36.41792 ], [ -86.270009, 36.419611 ], [ -86.269992, 36.420006 ], [ -86.269989, 36.420048 ], [ -86.269917, 36.421728 ], [ -86.269266, 36.436608 ], [ -86.269244, 36.437098 ], [ -86.269178, 36.439019 ], [ -86.269243, 36.441953 ], [ -86.268898, 36.450442 ], [ -86.268898, 36.450492 ], [ -86.268875, 36.450633 ], [ -86.26887, 36.450746 ], [ -86.268869, 36.450807 ], [ -86.268867, 36.450992 ], [ -86.268867, 36.451054 ], [ -86.268836, 36.451764 ], [ -86.268788, 36.452897 ], [ -86.267794, 36.452799 ], [ -86.267087, 36.45273 ], [ -86.266674, 36.452689 ], [ -86.265435, 36.452567 ], [ -86.265023, 36.452527 ], [ -86.264935, 36.452518 ], [ -86.264671, 36.452491 ], [ -86.264584, 36.452483 ], [ -86.264485, 36.452473 ], [ -86.264189, 36.452443 ], [ -86.264091, 36.452434 ], [ -86.262734, 36.4523 ], [ -86.262303, 36.452258 ], [ -86.262228, 36.452251 ], [ -86.262154, 36.452243 ], [ -86.258667, 36.451899 ], [ -86.257311, 36.451766 ], [ -86.25638, 36.451674 ], [ -86.253588, 36.451399 ], [ -86.252658, 36.451308 ], [ -86.252124, 36.45125 ], [ -86.250522, 36.451077 ], [ -86.249989, 36.45102 ], [ -86.249989, 36.451299 ], [ -86.249989, 36.452139 ], [ -86.249989, 36.452419 ], [ -86.24926, 36.45239 ], [ -86.247072, 36.452306 ], [ -86.24649, 36.452284 ], [ -86.246344, 36.452278 ], [ -86.246327, 36.452276 ], [ -86.246277, 36.452272 ], [ -86.246261, 36.452271 ], [ -86.243999, 36.452181 ], [ -86.23722, 36.45192 ], [ -86.236933, 36.454165 ], [ -86.236692, 36.456052 ], [ -86.235972, 36.461717 ], [ -86.235732, 36.463605 ], [ -86.235696, 36.463897 ], [ -86.235589, 36.464773 ], [ -86.235554, 36.465066 ], [ -86.235444, 36.465911 ], [ -86.235118, 36.468447 ], [ -86.235009, 36.469293 ], [ -86.234983, 36.469493 ], [ -86.234907, 36.470096 ], [ -86.234882, 36.470297 ], [ -86.234788, 36.47103 ], [ -86.234509, 36.473232 ], [ -86.234416, 36.473966 ], [ -86.234353, 36.474454 ], [ -86.234168, 36.475918 ], [ -86.234106, 36.476407 ], [ -86.234097, 36.476472 ], [ -86.234073, 36.476669 ], [ -86.234065, 36.476735 ], [ -86.2337, 36.479601 ], [ -86.233488, 36.481278 ], [ -86.235197, 36.481552 ], [ -86.235217, 36.482804 ], [ -86.235916, 36.482659 ], [ -86.236785, 36.482311 ], [ -86.237794, 36.481761 ], [ -86.238978, 36.481941 ], [ -86.239272, 36.481986 ], [ -86.239614, 36.48407 ], [ -86.239692, 36.484545 ], [ -86.239992, 36.486384 ], [ -86.238316, 36.486659 ], [ -86.238164, 36.486684 ], [ -86.237964, 36.485115 ], [ -86.235247, 36.485618 ], [ -86.235766, 36.487638 ], [ -86.234198, 36.489159 ], [ -86.233489, 36.488892 ], [ -86.233429, 36.488124 ], [ -86.23305, 36.488036 ], [ -86.230312, 36.487407 ], [ -86.229561, 36.487432 ], [ -86.229335, 36.487439 ], [ -86.228659, 36.487463 ], [ -86.228434, 36.487472 ], [ -86.228464, 36.487108 ], [ -86.228574, 36.486656 ], [ -86.228724, 36.486405 ], [ -86.228469, 36.48638 ], [ -86.224351, 36.485987 ], [ -86.222979, 36.485856 ], [ -86.222704, 36.48583 ], [ -86.22188, 36.485752 ], [ -86.221605, 36.485726 ], [ -86.22158, 36.485723 ], [ -86.221506, 36.485717 ], [ -86.221492, 36.485716 ], [ -86.22116, 36.485684 ], [ -86.220198, 36.485592 ], [ -86.219878, 36.485562 ], [ -86.219828, 36.485557 ], [ -86.219684, 36.485543 ], [ -86.219654, 36.485541 ], [ -86.219635, 36.485539 ], [ -86.217025, 36.48529 ], [ -86.209197, 36.484545 ], [ -86.206588, 36.484297 ], [ -86.204827, 36.484129 ], [ -86.199545, 36.483626 ], [ -86.198368, 36.483514 ], [ -86.197785, 36.483459 ], [ -86.197632, 36.483444 ], [ -86.197177, 36.483401 ], [ -86.197085, 36.483393 ], [ -86.197025, 36.483387 ], [ -86.196682, 36.483354 ], [ -86.195748, 36.483265 ], [ -86.195659, 36.483256 ], [ -86.195453, 36.483237 ], [ -86.195317, 36.483224 ], [ -86.191951, 36.482904 ], [ -86.190066, 36.482725 ], [ -86.188221, 36.477794 ], [ -86.18703, 36.47506 ], [ -86.185926, 36.472523 ], [ -86.185665, 36.471969 ], [ -86.184711, 36.46995 ], [ -86.183324, 36.46701 ], [ -86.181643, 36.464001 ], [ -86.180554, 36.462053 ], [ -86.180471, 36.461906 ], [ -86.180225, 36.461465 ], [ -86.180143, 36.461318 ], [ -86.180082, 36.46121 ], [ -86.179901, 36.460886 ], [ -86.179841, 36.460778 ], [ -86.179792, 36.460691 ], [ -86.179543, 36.460244 ], [ -86.179369, 36.459967 ], [ -86.177873, 36.457585 ], [ -86.177375, 36.456792 ], [ -86.177319, 36.456703 ], [ -86.177163, 36.456458 ], [ -86.177111, 36.456375 ], [ -86.177077, 36.456321 ], [ -86.176977, 36.456163 ], [ -86.176947, 36.456115 ], [ -86.176842, 36.455949 ], [ -86.176708, 36.455737 ], [ -86.176539, 36.455473 ], [ -86.176439, 36.455314 ], [ -86.176155, 36.454866 ], [ -86.175742, 36.454213 ], [ -86.175262, 36.453556 ], [ -86.174951, 36.453129 ], [ -86.174548, 36.452577 ], [ -86.173339, 36.450921 ], [ -86.172937, 36.450369 ], [ -86.171713, 36.448691 ], [ -86.171029, 36.44782 ], [ -86.168261, 36.444293 ], [ -86.163216, 36.443802 ], [ -86.161085, 36.443595 ], [ -86.161018, 36.443589 ], [ -86.160952, 36.443582 ], [ -86.160048, 36.443494 ], [ -86.160016, 36.443491 ], [ -86.159924, 36.44349 ], [ -86.159889, 36.44349 ], [ -86.1595, 36.443483 ], [ -86.156004, 36.443159 ], [ -86.146037, 36.442238 ], [ -86.14593, 36.442228 ], [ -86.145805, 36.442217 ], [ -86.145684, 36.442205 ], [ -86.144341, 36.44208 ], [ -86.141781, 36.441844 ], [ -86.141708, 36.441838 ], [ -86.141635, 36.441831 ], [ -86.14047, 36.441723 ], [ -86.140454, 36.441721 ], [ -86.136954, 36.441415 ], [ -86.126457, 36.4405 ], [ -86.124981, 36.440372 ], [ -86.124215, 36.440319 ], [ -86.122976, 36.440234 ], [ -86.122956, 36.440232 ], [ -86.122445, 36.440197 ], [ -86.121961, 36.440148 ], [ -86.118983, 36.439848 ], [ -86.117992, 36.439748 ], [ -86.116469, 36.439594 ], [ -86.111906, 36.439134 ], [ -86.110478, 36.438991 ], [ -86.110388, 36.438982 ], [ -86.110332, 36.438975 ], [ -86.110308, 36.438974 ], [ -86.110175, 36.438959 ], [ -86.11013, 36.438956 ], [ -86.109412, 36.438883 ], [ -86.105708, 36.43851 ], [ -86.102318, 36.438169 ], [ -86.092468, 36.437176 ], [ -86.088057, 36.436733 ], [ -86.08776, 36.436701 ], [ -86.08708, 36.436636 ], [ -86.086877, 36.436618 ], [ -86.086609, 36.436598 ], [ -86.086583, 36.436595 ], [ -86.086185, 36.436566 ], [ -86.085423, 36.436505 ], [ -86.084883, 36.436463 ], [ -86.081949, 36.436194 ], [ -86.080794, 36.43609 ], [ -86.080265, 36.436041 ], [ -86.080045, 36.436022 ], [ -86.078688, 36.435902 ], [ -86.078178, 36.435858 ], [ -86.078163, 36.435856 ], [ -86.077814, 36.435825 ], [ -86.077706, 36.435815 ], [ -86.076339, 36.43569 ], [ -86.075884, 36.43565 ], [ -86.07521, 36.435587 ], [ -86.073195, 36.435404 ], [ -86.072548, 36.435347 ], [ -86.072523, 36.435344 ], [ -86.072115, 36.435307 ], [ -86.071866, 36.435281 ], [ -86.069898, 36.43508 ], [ -86.069244, 36.435015 ], [ -86.063768, 36.434518 ], [ -86.047342, 36.433031 ], [ -86.041869, 36.432537 ], [ -86.040801, 36.43244 ], [ -86.0376, 36.432152 ], [ -86.036533, 36.432056 ], [ -86.032533, 36.431695 ], [ -86.020535, 36.430613 ], [ -86.016536, 36.430253 ], [ -86.016522, 36.430251 ], [ -86.016483, 36.430248 ], [ -86.016094, 36.430213 ], [ -86.00291, 36.429015 ], [ -86.002575, 36.428985 ], [ -86.002232, 36.428952 ], [ -86.001932, 36.428928 ], [ -85.999985, 36.428645 ], [ -85.997928, 36.428431 ], [ -85.991757, 36.42779 ], [ -85.990209, 36.42763 ], [ -85.989893, 36.427579 ], [ -85.989708, 36.427549 ], [ -85.987541, 36.427252 ], [ -85.987345, 36.427226 ], [ -85.987289, 36.427219 ], [ -85.987208, 36.427207 ], [ -85.987142, 36.427199 ], [ -85.98707, 36.427189 ], [ -85.981054, 36.426368 ], [ -85.978893, 36.426073 ], [ -85.979325, 36.425402 ], [ -85.979774, 36.424709 ], [ -85.979694, 36.423937 ], [ -85.979323, 36.423267 ], [ -85.979313, 36.423242 ], [ -85.979035, 36.422495 ], [ -85.978859, 36.422093 ], [ -85.978373, 36.422019 ], [ -85.978153, 36.422004 ], [ -85.97745, 36.421957 ], [ -85.976597, 36.422002 ], [ -85.97619, 36.422152 ], [ -85.975506, 36.422451 ], [ -85.975049, 36.422552 ], [ -85.974804, 36.422538 ], [ -85.974742, 36.422535 ], [ -85.974349, 36.422376 ], [ -85.974027, 36.422246 ], [ -85.973726, 36.422145 ], [ -85.973124, 36.421667 ], [ -85.972642, 36.421285 ], [ -85.972217, 36.420804 ], [ -85.971645, 36.419925 ], [ -85.971622, 36.419889 ], [ -85.971168, 36.419477 ], [ -85.971063, 36.419439 ], [ -85.971071, 36.419107 ], [ -85.971133, 36.419033 ], [ -85.971279, 36.41886 ], [ -85.971354, 36.418783 ], [ -85.971785, 36.418348 ], [ -85.973204, 36.417455 ], [ -85.973581, 36.417219 ], [ -85.973846, 36.417044 ], [ -85.97413, 36.416857 ], [ -85.975985, 36.415633 ], [ -85.976329, 36.415407 ], [ -85.976647, 36.414916 ], [ -85.977024, 36.414199 ], [ -85.977094, 36.413689 ], [ -85.976923, 36.413036 ], [ -85.976905, 36.412966 ], [ -85.976796, 36.412331 ], [ -85.976469, 36.411824 ], [ -85.976102, 36.411651 ], [ -85.975794, 36.411438 ], [ -85.975665, 36.411321 ], [ -85.975755, 36.411066 ], [ -85.976151, 36.410672 ], [ -85.976241, 36.410377 ], [ -85.97629, 36.410132 ], [ -85.97633, 36.409437 ], [ -85.976313, 36.409104 ], [ -85.976261, 36.408087 ], [ -85.976439, 36.406696 ], [ -85.976449, 36.406672 ], [ -85.976495, 36.406567 ], [ -85.977126, 36.405114 ], [ -85.977143, 36.405076 ], [ -85.978602, 36.403186 ], [ -85.979981, 36.401434 ], [ -85.980042, 36.401363 ], [ -85.98108, 36.400167 ], [ -85.980982, 36.399724 ], [ -85.981444, 36.398853 ], [ -85.982407, 36.397949 ], [ -85.982412, 36.397909 ], [ -85.98258, 36.396608 ], [ -85.982708, 36.395903 ], [ -85.983961, 36.395268 ], [ -85.985046, 36.394934 ], [ -85.988501, 36.395341 ], [ -85.988854, 36.395341 ], [ -85.990417, 36.395343 ], [ -85.991618, 36.395041 ], [ -85.991909, 36.394967 ], [ -85.992784, 36.394747 ], [ -85.993076, 36.394675 ], [ -85.993473, 36.394575 ], [ -85.994667, 36.394275 ], [ -85.994885, 36.394221 ], [ -85.995065, 36.394176 ], [ -85.995695, 36.394017 ], [ -85.997584, 36.393543 ], [ -85.998215, 36.393385 ], [ -85.998453, 36.393353 ], [ -85.999985, 36.393147 ], [ -86.002267, 36.393006 ], [ -86.006042, 36.391847 ], [ -86.006425, 36.391721 ], [ -86.007197, 36.391467 ], [ -86.007672, 36.391311 ], [ -86.007826, 36.391264 ], [ -86.009817, 36.390648 ], [ -86.011622, 36.390091 ], [ -86.016332, 36.388953 ], [ -86.018515, 36.388426 ], [ -86.018029, 36.38766 ], [ -86.021166, 36.385738 ], [ -86.021586, 36.385631 ], [ -86.025237, 36.384705 ], [ -86.028081, 36.383976 ], [ -86.031842, 36.382998 ], [ -86.034775, 36.382309 ], [ -86.036052, 36.38198 ], [ -86.036178, 36.381914 ], [ -86.036831, 36.381578 ], [ -86.039377, 36.380477 ], [ -86.040759, 36.379864 ], [ -86.041372, 36.379594 ], [ -86.041901, 36.379359 ], [ -86.042253, 36.37919 ], [ -86.042645, 36.379004 ], [ -86.043668, 36.378516 ], [ -86.047819, 36.376419 ], [ -86.050568, 36.375051 ], [ -86.053976, 36.373301 ], [ -86.057618, 36.371223 ], [ -86.057938, 36.371041 ], [ -86.059545, 36.370124 ], [ -86.059973, 36.369881 ], [ -86.064176, 36.367066 ], [ -86.065034, 36.366492 ], [ -86.065762, 36.366119 ], [ -86.066229, 36.365879 ], [ -86.066815, 36.36558 ], [ -86.06757, 36.365057 ], [ -86.068003, 36.364759 ], [ -86.068277, 36.364569 ], [ -86.069101, 36.363999 ], [ -86.069239, 36.363904 ], [ -86.069371, 36.363802 ], [ -86.069866, 36.363417 ], [ -86.071354, 36.362262 ], [ -86.07185, 36.361878 ], [ -86.072248, 36.361628 ], [ -86.073445, 36.360878 ], [ -86.073844, 36.360629 ], [ -86.073887, 36.360598 ], [ -86.074018, 36.360505 ], [ -86.074062, 36.360475 ], [ -86.074543, 36.360137 ], [ -86.07468, 36.360042 ], [ -86.075987, 36.359125 ], [ -86.076034, 36.359093 ], [ -86.076455, 36.35877 ], [ -86.076637, 36.35863 ], [ -86.077183, 36.358211 ], [ -86.077366, 36.358072 ], [ -86.07869, 36.357055 ], [ -86.078948, 36.356857 ], [ -86.079638, 36.356315 ], [ -86.079729, 36.35625 ], [ -86.079775, 36.356216 ], [ -86.08026, 36.35585 ], [ -86.0809, 36.355367 ], [ -86.081183, 36.355126 ], [ -86.083413, 36.353225 ], [ -86.083741, 36.352946 ], [ -86.085651, 36.351317 ], [ -86.086538, 36.350515 ], [ -86.087063, 36.350039 ], [ -86.087228, 36.349891 ], [ -86.087964, 36.34922 ], [ -86.087993, 36.349194 ], [ -86.089574, 36.347755 ], [ -86.090294, 36.347099 ], [ -86.0909, 36.34655 ], [ -86.092701, 36.344911 ], [ -86.093638, 36.34391 ], [ -86.094692, 36.342786 ] ] ] } },
{ "type": "Feature", "properties": { "STATEFP": "47", "COUNTYFP": "165", "COUNTYNS": "01639794", "GEOID": "47165", "GEOIDFQ": "0500000US47165", "NAME": "Sumner", "NAMELSAD": "Sumner County", "LSAD": "06", "CLASSFP": "H1", "MTFCC": "G4020", "CSAFP": "400", "CBSAFP": "34980", "METDIVFP": null, "FUNCSTAT": "A", "ALAND": 1371278935, "AWATER": 38053791, "INTPTLAT": "+36.4724225", "INTPTLON": "-086.4584051" }, "geometry": { "type": "Polygon", "coordinates": [ [ [ -86.565832, 36.305152 ], [ -86.565868, 36.304935 ], [ -86.56588, 36.30474 ], [ -86.565876, 36.304546 ], [ -86.565865, 36.304429 ], [ -86.565849, 36.304313 ], [ -86.565827, 36.304197 ], [ -86.565805, 36.304108 ], [ -86.56578, 36.30402 ], [ -86.565756, 36.303944 ], [ -86.565722, 36.303851 ], [ -86.56569, 36.30377 ], [ -86.565652, 36.303685 ], [ -86.565613, 36.303606 ], [ -86.565572, 36.303529 ], [ -86.565514, 36.303429 ], [ -86.565328, 36.303121 ], [ -86.565132, 36.302588 ], [ -86.565082, 36.302241 ], [ -86.565104, 36.302044 ], [ -86.565114, 36.301864 ], [ -86.565137, 36.301621 ], [ -86.565145, 36.30156 ], [ -86.565169, 36.301331 ], [ -86.56518, 36.301235 ], [ -86.565191, 36.301129 ], [ -86.565214, 36.30092 ], [ -86.565233, 36.300737 ], [ -86.565292, 36.300193 ], [ -86.565296, 36.300159 ], [ -86.565307, 36.300063 ], [ -86.565318, 36.29994 ], [ -86.565326, 36.299796 ], [ -86.56533, 36.299666 ], [ -86.56533, 36.299556 ], [ -86.565328, 36.299433 ], [ -86.56532, 36.299276 ], [ -86.565313, 36.299187 ], [ -86.565302, 36.299071 ], [ -86.565289, 36.298968 ], [ -86.565266, 36.298812 ], [ -86.565236, 36.298649 ], [ -86.565207, 36.298514 ], [ -86.56517, 36.298366 ], [ -86.565119, 36.298186 ], [ -86.565074, 36.298047 ], [ -86.565002, 36.29785 ], [ -86.564925, 36.297661 ], [ -86.564834, 36.297462 ], [ -86.564724, 36.297247 ], [ -86.564639, 36.297097 ], [ -86.564515, 36.296894 ], [ -86.564402, 36.296698 ], [ -86.564295, 36.296507 ], [ -86.564177, 36.296287 ], [ -86.564058, 36.296058 ], [ -86.563892, 36.29572 ], [ -86.563807, 36.295541 ], [ -86.563719, 36.295398 ], [ -86.563617, 36.295236 ], [ -86.56339, 36.294889 ], [ -86.563272, 36.294712 ], [ -86.563067, 36.294412 ], [ -86.562876, 36.294141 ], [ -86.562706, 36.293906 ], [ -86.562515, 36.293646 ], [ -86.562379, 36.293466 ], [ -86.562287, 36.293346 ], [ -86.562208, 36.293243 ], [ -86.562135, 36.293149 ], [ -86.562048, 36.293039 ], [ -86.561947, 36.292912 ], [ -86.561873, 36.292819 ], [ -86.561784, 36.292709 ], [ -86.561688, 36.292592 ], [ -86.561577, 36.292458 ], [ -86.561514, 36.292383 ], [ -86.561431, 36.292285 ], [ -86.561345, 36.292184 ], [ -86.561245, 36.292068 ], [ -86.561138, 36.291944 ], [ -86.561044, 36.291838 ], [ -86.560971, 36.291756 ], [ -86.560869, 36.291642 ], [ -86.560752, 36.291511 ], [ -86.560633, 36.291382 ], [ -86.560551, 36.291293 ], [ -86.560448, 36.291195 ], [ -86.560313, 36.291061 ], [ -86.560212, 36.290954 ], [ -86.560107, 36.290834 ], [ -86.560005, 36.290708 ], [ -86.559898, 36.290566 ], [ -86.559797, 36.290421 ], [ -86.559721, 36.290301 ], [ -86.559632, 36.290147 ], [ -86.559566, 36.290024 ], [ -86.559516, 36.289921 ], [ -86.55858, 36.28769 ], [ -86.558541, 36.287585 ], [ -86.558491, 36.287448 ], [ -86.558468, 36.287384 ], [ -86.558442, 36.287311 ], [ -86.558394, 36.287174 ], [ -86.558345, 36.287032 ], [ -86.5583, 36.286899 ], [ -86.558268, 36.286802 ], [ -86.558225, 36.286672 ], [ -86.558186, 36.28655 ], [ -86.558157, 36.286456 ], [ -86.558115, 36.286322 ], [ -86.558083, 36.286216 ], [ -86.558036, 36.286057 ], [ -86.558007, 36.285954 ], [ -86.557979, 36.285856 ], [ -86.557949, 36.28575 ], [ -86.557926, 36.285664 ], [ -86.557716, 36.284499 ], [ -86.557449, 36.282989 ], [ -86.557421, 36.282831 ], [ -86.557273, 36.282004 ], [ -86.557239, 36.281872 ], [ -86.557211, 36.281723 ], [ -86.557195, 36.2816 ], [ -86.557185, 36.281473 ], [ -86.557183, 36.281352 ], [ -86.557185, 36.281252 ], [ -86.557197, 36.281107 ], [ -86.55722, 36.28095 ], [ -86.557252, 36.280801 ], [ -86.557279, 36.280665 ], [ -86.557345, 36.280327 ], [ -86.557427, 36.279909 ], [ -86.559469, 36.27529 ], [ -86.559896, 36.274324 ], [ -86.559949, 36.274201 ], [ -86.559981, 36.274121 ], [ -86.560032, 36.273988 ], [ -86.560079, 36.273858 ], [ -86.560126, 36.273715 ], [ -86.560172, 36.273565 ], [ -86.560209, 36.273429 ], [ -86.560248, 36.273269 ], [ -86.560293, 36.273055 ], [ -86.560326, 36.272863 ], [ -86.560407, 36.272687 ], [ -86.560865, 36.272033 ], [ -86.561507, 36.271131 ], [ -86.565462, 36.265463 ], [ -86.565966, 36.264742 ], [ -86.566424, 36.264087 ], [ -86.566665, 36.263743 ], [ -86.5667, 36.263693 ], [ -86.566752, 36.263617 ], [ -86.566806, 36.263538 ], [ -86.566868, 36.263445 ], [ -86.566933, 36.263347 ], [ -86.567004, 36.263238 ], [ -86.567075, 36.263125 ], [ -86.567157, 36.262993 ], [ -86.567243, 36.262853 ], [ -86.567346, 36.262679 ], [ -86.567443, 36.26251 ], [ -86.567514, 36.262382 ], [ -86.567583, 36.262261 ], [ -86.567655, 36.26214 ], [ -86.567774, 36.261953 ], [ -86.567876, 36.261802 ], [ -86.567954, 36.261692 ], [ -86.568063, 36.261544 ], [ -86.568181, 36.261394 ], [ -86.568304, 36.261245 ], [ -86.568403, 36.26113 ], [ -86.568467, 36.261058 ], [ -86.568537, 36.260981 ], [ -86.568623, 36.26089 ], [ -86.568711, 36.2608 ], [ -86.56882, 36.260691 ], [ -86.568932, 36.260585 ], [ -86.569042, 36.260484 ], [ -86.569148, 36.26039 ], [ -86.569272, 36.260284 ], [ -86.569404, 36.260175 ], [ -86.569551, 36.260059 ], [ -86.569672, 36.259968 ], [ -86.569806, 36.25987 ], [ -86.570856, 36.259005 ], [ -86.571048, 36.258844 ], [ -86.571149, 36.258761 ], [ -86.571211, 36.25868 ], [ -86.571262, 36.258614 ], [ -86.571362, 36.258481 ], [ -86.571474, 36.258327 ], [ -86.571521, 36.258259 ], [ -86.57162, 36.258117 ], [ -86.571689, 36.258014 ], [ -86.571859, 36.257753 ], [ -86.57192, 36.257656 ], [ -86.571975, 36.257565 ], [ -86.572029, 36.257474 ], [ -86.572111, 36.257333 ], [ -86.572171, 36.257227 ], [ -86.572238, 36.257106 ], [ -86.572303, 36.256985 ], [ -86.572377, 36.256842 ], [ -86.572435, 36.256726 ], [ -86.572481, 36.256632 ], [ -86.572506, 36.256581 ], [ -86.572567, 36.256451 ], [ -86.572637, 36.256297 ], [ -86.572707, 36.256136 ], [ -86.572768, 36.255988 ], [ -86.572824, 36.255848 ], [ -86.572886, 36.255684 ], [ -86.572943, 36.255527 ], [ -86.572995, 36.255378 ], [ -86.573052, 36.255205 ], [ -86.573121, 36.255004 ], [ -86.573181, 36.254855 ], [ -86.573254, 36.254698 ], [ -86.573353, 36.254514 ], [ -86.573455, 36.254347 ], [ -86.573528, 36.254238 ], [ -86.573656, 36.254067 ], [ -86.573799, 36.253897 ], [ -86.573916, 36.253771 ], [ -86.574058, 36.25363 ], [ -86.574196, 36.253506 ], [ -86.574324, 36.253401 ], [ -86.574449, 36.253305 ], [ -86.5746, 36.253199 ], [ -86.574666, 36.253154 ], [ -86.574767, 36.253086 ], [ -86.574888, 36.253006 ], [ -86.574966, 36.252954 ], [ -86.575074, 36.252883 ], [ -86.575151, 36.252833 ], [ -86.575228, 36.252783 ], [ -86.575339, 36.252711 ], [ -86.575427, 36.252655 ], [ -86.575516, 36.252598 ], [ -86.575627, 36.252527 ], [ -86.575728, 36.252464 ], [ -86.575873, 36.252373 ], [ -86.575979, 36.252308 ], [ -86.576076, 36.252248 ], [ -86.576166, 36.252193 ], [ -86.576324, 36.252097 ], [ -86.576449, 36.252022 ], [ -86.576597, 36.251934 ], [ -86.576746, 36.251846 ], [ -86.576849, 36.251786 ], [ -86.576987, 36.251706 ], [ -86.577113, 36.251633 ], [ -86.577217, 36.251574 ], [ -86.577368, 36.251488 ], [ -86.577496, 36.251417 ], [ -86.577659, 36.251326 ], [ -86.577764, 36.251268 ], [ -86.577916, 36.251185 ], [ -86.578075, 36.251099 ], [ -86.578175, 36.251045 ], [ -86.578281, 36.250989 ], [ -86.578364, 36.250945 ], [ -86.578506, 36.25087 ], [ -86.578673, 36.250783 ], [ -86.57878, 36.250728 ], [ -86.578876, 36.250679 ], [ -86.578936, 36.250648 ], [ -86.579019, 36.250606 ], [ -86.579091, 36.25057 ], [ -86.579199, 36.250515 ], [ -86.579308, 36.250461 ], [ -86.579428, 36.250402 ], [ -86.579549, 36.250342 ], [ -86.579695, 36.250272 ], [ -86.579804, 36.250219 ], [ -86.579914, 36.250166 ], [ -86.579974, 36.250137 ], [ -86.580048, 36.250103 ], [ -86.580145, 36.250057 ], [ -86.580231, 36.250017 ], [ -86.580329, 36.249971 ], [ -86.580434, 36.249923 ], [ -86.580522, 36.249882 ], [ -86.580611, 36.249841 ], [ -86.580734, 36.249785 ], [ -86.580834, 36.249739 ], [ -86.580945, 36.249688 ], [ -86.581079, 36.249627 ], [ -86.581202, 36.249572 ], [ -86.581336, 36.249511 ], [ -86.581447, 36.249461 ], [ -86.581559, 36.249411 ], [ -86.581693, 36.249351 ], [ -86.581817, 36.249296 ], [ -86.581951, 36.249237 ], [ -86.582063, 36.249187 ], [ -86.582176, 36.249138 ], [ -86.582333, 36.249069 ], [ -86.582434, 36.249025 ], [ -86.582581, 36.248961 ], [ -86.582682, 36.248917 ], [ -86.582795, 36.248869 ], [ -86.582919, 36.248815 ], [ -86.583009, 36.248776 ], [ -86.583122, 36.248728 ], [ -86.583258, 36.24867 ], [ -86.583382, 36.248617 ], [ -86.583484, 36.248574 ], [ -86.58362, 36.248517 ], [ -86.583734, 36.248469 ], [ -86.583881, 36.248407 ], [ -86.584006, 36.248355 ], [ -86.584165, 36.248289 ], [ -86.584325, 36.248223 ], [ -86.584496, 36.248153 ], [ -86.584633, 36.248097 ], [ -86.58477, 36.248041 ], [ -86.584918, 36.247981 ], [ -86.585055, 36.247925 ], [ -86.58525, 36.247847 ], [ -86.58541, 36.247783 ], [ -86.585548, 36.247728 ], [ -86.585685, 36.247673 ], [ -86.585858, 36.247605 ], [ -86.586007, 36.247547 ], [ -86.586737, 36.24726 ], [ -86.587415, 36.246995 ], [ -86.587517, 36.246955 ], [ -86.587612, 36.246919 ], [ -86.587735, 36.246873 ], [ -86.587845, 36.246832 ], [ -86.587983, 36.246783 ], [ -86.588149, 36.246725 ], [ -86.588351, 36.246657 ], [ -86.58854, 36.246595 ], [ -86.588758, 36.246527 ], [ -86.589055, 36.246439 ], [ -86.589297, 36.246371 ], [ -86.589483, 36.246321 ], [ -86.589656, 36.246276 ], [ -86.58985, 36.246228 ], [ -86.590053, 36.24618 ], [ -86.590242, 36.246137 ], [ -86.590417, 36.246099 ], [ -86.590541, 36.246074 ], [ -86.59068, 36.246046 ], [ -86.590856, 36.246012 ], [ -86.590951, 36.245994 ], [ -86.591099, 36.245967 ], [ -86.594359, 36.245376 ], [ -86.594938, 36.245268 ], [ -86.59517, 36.245225 ], [ -86.596537, 36.244975 ], [ -86.597918, 36.244725 ], [ -86.598281, 36.244659 ], [ -86.602202, 36.244479 ], [ -86.608803, 36.244177 ], [ -86.611881, 36.244035 ], [ -86.612325, 36.244015 ], [ -86.612461, 36.24401 ], [ -86.612627, 36.24401 ], [ -86.612821, 36.244018 ], [ -86.613001, 36.244032 ], [ -86.613193, 36.244055 ], [ -86.613384, 36.244085 ], [ -86.613526, 36.244114 ], [ -86.613689, 36.244152 ], [ -86.613814, 36.244185 ], [ -86.613946, 36.244225 ], [ -86.614108, 36.24428 ], [ -86.614244, 36.244332 ], [ -86.61437, 36.244385 ], [ -86.614501, 36.244445 ], [ -86.614576, 36.244482 ], [ -86.614625, 36.244507 ], [ -86.616269, 36.245456 ], [ -86.617184, 36.245983 ], [ -86.61785, 36.246335 ], [ -86.618475, 36.246662 ], [ -86.619123, 36.246993 ], [ -86.619765, 36.247315 ], [ -86.620367, 36.247609 ], [ -86.621036, 36.247928 ], [ -86.621472, 36.248132 ], [ -86.621909, 36.248334 ], [ -86.622321, 36.248521 ], [ -86.622827, 36.248754 ], [ -86.62777, 36.250976 ], [ -86.627893, 36.251031 ], [ -86.628002, 36.251077 ], [ -86.628166, 36.251143 ], [ -86.628317, 36.251201 ], [ -86.628442, 36.251246 ], [ -86.628623, 36.251308 ], [ -86.628806, 36.251367 ], [ -86.629009, 36.251427 ], [ -86.629161, 36.251468 ], [ -86.630421, 36.251801 ], [ -86.635078, 36.25303 ], [ -86.635197, 36.253062 ], [ -86.635335, 36.253097 ], [ -86.635589, 36.253161 ], [ -86.635839, 36.253223 ], [ -86.636125, 36.25329 ], [ -86.636385, 36.25335 ], [ -86.636687, 36.253417 ], [ -86.63698, 36.253479 ], [ -86.637197, 36.253523 ], [ -86.637382, 36.253562 ], [ -86.637498, 36.253591 ], [ -86.637583, 36.253616 ], [ -86.637681, 36.253649 ], [ -86.637748, 36.253675 ], [ -86.63786, 36.253722 ], [ -86.637998, 36.253789 ], [ -86.638123, 36.253861 ], [ -86.638212, 36.253918 ], [ -86.638312, 36.253991 ], [ -86.638384, 36.254049 ], [ -86.638479, 36.254134 ], [ -86.638569, 36.254226 ], [ -86.638643, 36.254313 ], [ -86.638707, 36.254397 ], [ -86.638788, 36.254521 ], [ -86.638901, 36.254712 ], [ -86.639036, 36.254944 ], [ -86.639161, 36.255163 ], [ -86.639331, 36.255465 ], [ -86.639479, 36.255736 ], [ -86.639585, 36.255933 ], [ -86.639668, 36.256093 ], [ -86.639762, 36.256279 ], [ -86.639846, 36.256448 ], [ -86.639927, 36.256613 ], [ -86.640009, 36.256783 ], [ -86.640116, 36.257008 ], [ -86.6402, 36.257187 ], [ -86.640327, 36.257464 ], [ -86.640414, 36.257659 ], [ -86.640514, 36.257886 ], [ -86.640609, 36.258104 ], [ -86.640672, 36.258253 ], [ -86.640738, 36.258412 ], [ -86.640801, 36.258564 ], [ -86.640894, 36.258793 ], [ -86.640974, 36.258994 ], [ -86.641039, 36.259159 ], [ -86.641098, 36.259313 ], [ -86.641159, 36.259473 ], [ -86.641218, 36.259633 ], [ -86.64129, 36.259829 ], [ -86.641359, 36.26002 ], [ -86.641418, 36.260187 ], [ -86.641478, 36.26036 ], [ -86.641529, 36.260509 ], [ -86.641597, 36.260713 ], [ -86.641648, 36.260868 ], [ -86.641698, 36.261024 ], [ -86.641742, 36.261162 ], [ -86.64179, 36.261319 ], [ -86.641827, 36.261439 ], [ -86.641874, 36.261594 ], [ -86.641922, 36.261771 ], [ -86.641951, 36.261892 ], [ -86.641984, 36.262041 ], [ -86.642011, 36.262176 ], [ -86.642041, 36.262354 ], [ -86.642077, 36.262571 ], [ -86.642109, 36.262778 ], [ -86.642138, 36.262973 ], [ -86.642163, 36.263145 ], [ -86.642187, 36.263318 ], [ -86.642211, 36.263502 ], [ -86.642236, 36.263697 ], [ -86.642262, 36.263916 ], [ -86.64229, 36.264157 ], [ -86.642311, 36.264353 ], [ -86.642335, 36.264595 ], [ -86.642357, 36.264837 ], [ -86.642375, 36.264997 ], [ -86.642394, 36.265287 ], [ -86.642409, 36.265495 ], [ -86.642426, 36.26576 ], [ -86.642445, 36.266107 ], [ -86.64246, 36.26643 ], [ -86.64247, 36.266719 ], [ -86.642476, 36.266939 ], [ -86.642482, 36.267228 ], [ -86.642486, 36.267563 ], [ -86.642486, 36.267748 ], [ -86.642485, 36.26802 ], [ -86.642481, 36.268227 ], [ -86.642464, 36.268588 ], [ -86.642444, 36.268852 ], [ -86.642418, 36.269116 ], [ -86.642396, 36.26929 ], [ -86.642371, 36.269476 ], [ -86.64235, 36.269644 ], [ -86.642334, 36.269827 ], [ -86.642324, 36.269984 ], [ -86.642322, 36.270084 ], [ -86.642321, 36.270173 ], [ -86.642321, 36.270254 ], [ -86.642323, 36.270342 ], [ -86.642326, 36.270423 ], [ -86.64233, 36.270512 ], [ -86.642335, 36.270579 ], [ -86.642343, 36.270681 ], [ -86.642354, 36.270782 ], [ -86.642365, 36.270877 ], [ -86.642379, 36.270978 ], [ -86.642396, 36.271079 ], [ -86.642409, 36.271152 ], [ -86.642424, 36.271233 ], [ -86.642444, 36.271326 ], [ -86.642461, 36.2714 ], [ -86.642477, 36.271466 ], [ -86.642499, 36.271553 ], [ -86.642524, 36.271645 ], [ -86.642548, 36.271725 ], [ -86.642566, 36.271783 ], [ -86.642606, 36.271908 ], [ -86.642629, 36.271974 ], [ -86.642682, 36.272117 ], [ -86.642747, 36.272278 ], [ -86.642829, 36.272463 ], [ -86.642902, 36.272615 ], [ -86.642959, 36.272727 ], [ -86.643034, 36.272875 ], [ -86.643104, 36.273035 ], [ -86.643164, 36.2732 ], [ -86.643219, 36.273385 ], [ -86.643263, 36.273592 ], [ -86.643291, 36.273784 ], [ -86.643304, 36.273991 ], [ -86.643302, 36.274204 ], [ -86.643285, 36.274397 ], [ -86.642994, 36.276783 ], [ -86.64278, 36.278528 ], [ -86.642668, 36.279446 ], [ -86.642554, 36.280378 ], [ -86.642476, 36.281019 ], [ -86.64246, 36.281149 ], [ -86.642277, 36.28264 ], [ -86.642132, 36.283826 ], [ -86.642117, 36.283954 ], [ -86.642055, 36.284459 ], [ -86.641802, 36.286529 ], [ -86.641776, 36.286625 ], [ -86.641754, 36.286721 ], [ -86.641732, 36.286828 ], [ -86.641719, 36.286903 ], [ -86.641704, 36.287 ], [ -86.641695, 36.287076 ], [ -86.641687, 36.287163 ], [ -86.64168, 36.28726 ], [ -86.641677, 36.287336 ], [ -86.641675, 36.287401 ], [ -86.641675, 36.287455 ], [ -86.641676, 36.287521 ], [ -86.641681, 36.287651 ], [ -86.641696, 36.287824 ], [ -86.641712, 36.287943 ], [ -86.641733, 36.288072 ], [ -86.641765, 36.288222 ], [ -86.6418, 36.28836 ], [ -86.641842, 36.288497 ], [ -86.641893, 36.288643 ], [ -86.64195, 36.288788 ], [ -86.642009, 36.288921 ], [ -86.642074, 36.289052 ], [ -86.642133, 36.289161 ], [ -86.642208, 36.289289 ], [ -86.642269, 36.289385 ], [ -86.642346, 36.2895 ], [ -86.642435, 36.289621 ], [ -86.642537, 36.289749 ], [ -86.642652, 36.289883 ], [ -86.642748, 36.289987 ], [ -86.642866, 36.290105 ], [ -86.64298, 36.290212 ], [ -86.64308, 36.2903 ], [ -86.643193, 36.290393 ], [ -86.643318, 36.290491 ], [ -86.643438, 36.290578 ], [ -86.643593, 36.290682 ], [ -86.643709, 36.290755 ], [ -86.643839, 36.290832 ], [ -86.643961, 36.2909 ], [ -86.64413, 36.290987 ], [ -86.644257, 36.291048 ], [ -86.644387, 36.291106 ], [ -86.650945, 36.294128 ], [ -86.655005, 36.295998 ], [ -86.655992, 36.296454 ], [ -86.658132, 36.297438 ], [ -86.66246, 36.299432 ], [ -86.662513, 36.299456 ], [ -86.662582, 36.299487 ], [ -86.6627, 36.299537 ], [ -86.662815, 36.299584 ], [ -86.662947, 36.299633 ], [ -86.663075, 36.299678 ], [ -86.663215, 36.299724 ], [ -86.663351, 36.299765 ], [ -86.663505, 36.299807 ], [ -86.663687, 36.299851 ], [ -86.663859, 36.299889 ], [ -86.664006, 36.299916 ], [ -86.664226, 36.299952 ], [ -86.664402, 36.299974 ], [ -86.664585, 36.299993 ], [ -86.664713, 36.300003 ], [ -86.66488, 36.300012 ], [ -86.665059, 36.300018 ], [ -86.665234, 36.300029 ], [ -86.665419, 36.300047 ], [ -86.665596, 36.300067 ], [ -86.665788, 36.300092 ], [ -86.665965, 36.300117 ], [ -86.666185, 36.300152 ], [ -86.666345, 36.30018 ], [ -86.666614, 36.300231 ], [ -86.666744, 36.300259 ], [ -86.66696, 36.300307 ], [ -86.667146, 36.300352 ], [ -86.667367, 36.300409 ], [ -86.667572, 36.300466 ], [ -86.66781, 36.300538 ], [ -86.667984, 36.300593 ], [ -86.668136, 36.300644 ], [ -86.6683, 36.300702 ], [ -86.66847, 36.300764 ], [ -86.668511, 36.300779 ], [ -86.668538, 36.30079 ], [ -86.668568, 36.3008 ], [ -86.668672, 36.300842 ], [ -86.669006, 36.300886 ], [ -86.670607, 36.301095 ], [ -86.670647, 36.3011 ], [ -86.670736, 36.301112 ], [ -86.669987, 36.301658 ], [ -86.669945, 36.301683 ], [ -86.669991, 36.301693 ], [ -86.669051, 36.302244 ], [ -86.669026, 36.30226 ], [ -86.668972, 36.302289 ], [ -86.668932, 36.302331 ], [ -86.66891, 36.302346 ], [ -86.668881, 36.302363 ], [ -86.668838, 36.302383 ], [ -86.668788, 36.302402 ], [ -86.668755, 36.302409 ], [ -86.668689, 36.302421 ], [ -86.668597, 36.302436 ], [ -86.668539, 36.302444 ], [ -86.668451, 36.302452 ], [ -86.668378, 36.302453 ], [ -86.668348, 36.302452 ], [ -86.668315, 36.30245 ], [ -86.668253, 36.302444 ], [ -86.668173, 36.30243 ], [ -86.668115, 36.302415 ], [ -86.668036, 36.302393 ], [ -86.66794, 36.302374 ], [ -86.667881, 36.302366 ], [ -86.667787, 36.302356 ], [ -86.667717, 36.302354 ], [ -86.66763, 36.302366 ], [ -86.667566, 36.302383 ], [ -86.667497, 36.302429 ], [ -86.667458, 36.302468 ], [ -86.667411, 36.302504 ], [ -86.667345, 36.302554 ], [ -86.667269, 36.302605 ], [ -86.667208, 36.302648 ], [ -86.667061, 36.30277 ], [ -86.666998, 36.302817 ], [ -86.666953, 36.302846 ], [ -86.66691, 36.302899 ], [ -86.666853, 36.302961 ], [ -86.666826, 36.302999 ], [ -86.666757, 36.303068 ], [ -86.666703, 36.303096 ], [ -86.666634, 36.303151 ], [ -86.666599, 36.303192 ], [ -86.666569, 36.303243 ], [ -86.666551, 36.303296 ], [ -86.666546, 36.303328 ], [ -86.666548, 36.303377 ], [ -86.666556, 36.303489 ], [ -86.666559, 36.303518 ], [ -86.66656, 36.30353 ], [ -86.666561, 36.303553 ], [ -86.666556, 36.303618 ], [ -86.666548, 36.303737 ], [ -86.666562, 36.303833 ], [ -86.666574, 36.303895 ], [ -86.666607, 36.303978 ], [ -86.666687, 36.304085 ], [ -86.666766, 36.304161 ], [ -86.666884, 36.30425 ], [ -86.666979, 36.304314 ], [ -86.667109, 36.304401 ], [ -86.667196, 36.304454 ], [ -86.667298, 36.304527 ], [ -86.667429, 36.304593 ], [ -86.667526, 36.304643 ], [ -86.66766, 36.304747 ], [ -86.667733, 36.304795 ], [ -86.667751, 36.30481 ], [ -86.667832, 36.304893 ], [ -86.669843, 36.30684 ], [ -86.670226, 36.307174 ], [ -86.67076, 36.307641 ], [ -86.670815, 36.307699 ], [ -86.670849, 36.307739 ], [ -86.670908, 36.307785 ], [ -86.670948, 36.307818 ], [ -86.670998, 36.307857 ], [ -86.671095, 36.307949 ], [ -86.671155, 36.307996 ], [ -86.671244, 36.308083 ], [ -86.671384, 36.308203 ], [ -86.671459, 36.308267 ], [ -86.671538, 36.308335 ], [ -86.671625, 36.308407 ], [ -86.671761, 36.308529 ], [ -86.671816, 36.308598 ], [ -86.671892, 36.30868 ], [ -86.67196, 36.308786 ], [ -86.672023, 36.308876 ], [ -86.672076, 36.30895 ], [ -86.672119, 36.30902 ], [ -86.672184, 36.309083 ], [ -86.672213, 36.309121 ], [ -86.672226, 36.309142 ], [ -86.67222, 36.309392 ], [ -86.672219, 36.309455 ], [ -86.672217, 36.309698 ], [ -86.672216, 36.309708 ], [ -86.672213, 36.309733 ], [ -86.672221, 36.309743 ], [ -86.672213, 36.309801 ], [ -86.672186, 36.309871 ], [ -86.672168, 36.309927 ], [ -86.672144, 36.310009 ], [ -86.672128, 36.310073 ], [ -86.6721, 36.310165 ], [ -86.672083, 36.310218 ], [ -86.672067, 36.310286 ], [ -86.672048, 36.310376 ], [ -86.672035, 36.310434 ], [ -86.672028, 36.3105 ], [ -86.672028, 36.310579 ], [ -86.672031, 36.310641 ], [ -86.672033, 36.310681 ], [ -86.672035, 36.310726 ], [ -86.672036, 36.310742 ], [ -86.672041, 36.31078 ], [ -86.672046, 36.310815 ], [ -86.672052, 36.310865 ], [ -86.672063, 36.310964 ], [ -86.672066, 36.310996 ], [ -86.672083, 36.31106 ], [ -86.672102, 36.311112 ], [ -86.672127, 36.311167 ], [ -86.672155, 36.311237 ], [ -86.672204, 36.311331 ], [ -86.672215, 36.311346 ], [ -86.672282, 36.31144 ], [ -86.672335, 36.311519 ], [ -86.672372, 36.311574 ], [ -86.672414, 36.311635 ], [ -86.672453, 36.311687 ], [ -86.672507, 36.311758 ], [ -86.672562, 36.311829 ], [ -86.672587, 36.311879 ], [ -86.67263, 36.311946 ], [ -86.672676, 36.312028 ], [ -86.672753, 36.312213 ], [ -86.672807, 36.312342 ], [ -86.672927, 36.312631 ], [ -86.672999, 36.31263 ], [ -86.673049, 36.312628 ], [ -86.673107, 36.312627 ], [ -86.673156, 36.312703 ], [ -86.673192, 36.312746 ], [ -86.673231, 36.312789 ], [ -86.673282, 36.312848 ], [ -86.673395, 36.312982 ], [ -86.673435, 36.313024 ], [ -86.673475, 36.313054 ], [ -86.673538, 36.313098 ], [ -86.673585, 36.31314 ], [ -86.67367, 36.313223 ], [ -86.673736, 36.313291 ], [ -86.673809, 36.313359 ], [ -86.673867, 36.313416 ], [ -86.673949, 36.313509 ], [ -86.674074, 36.313644 ], [ -86.67414, 36.31373 ], [ -86.674178, 36.313787 ], [ -86.674225, 36.313853 ], [ -86.674258, 36.313907 ], [ -86.674312, 36.314018 ], [ -86.674343, 36.314154 ], [ -86.674365, 36.314326 ], [ -86.674374, 36.314394 ], [ -86.674379, 36.314432 ], [ -86.674392, 36.314561 ], [ -86.674395, 36.314589 ], [ -86.67439, 36.314894 ], [ -86.674404, 36.315076 ], [ -86.674407, 36.315123 ], [ -86.674449, 36.315392 ], [ -86.674571, 36.315769 ], [ -86.674771, 36.316061 ], [ -86.674793, 36.316094 ], [ -86.674903, 36.316185 ], [ -86.674793, 36.316224 ], [ -86.674921, 36.316309 ], [ -86.674988, 36.316353 ], [ -86.675121, 36.316409 ], [ -86.675206, 36.316442 ], [ -86.675247, 36.316456 ], [ -86.675307, 36.316466 ], [ -86.675349, 36.316474 ], [ -86.675468, 36.31648 ], [ -86.675616, 36.316466 ], [ -86.675823, 36.316396 ], [ -86.676131, 36.316198 ], [ -86.676445, 36.316008 ], [ -86.676566, 36.315975 ], [ -86.676804, 36.315955 ], [ -86.67712, 36.316061 ], [ -86.677582, 36.316312 ], [ -86.677964, 36.316505 ], [ -86.678029, 36.316539 ], [ -86.678193, 36.316621 ], [ -86.678247, 36.316644 ], [ -86.678316, 36.316643 ], [ -86.678387, 36.316633 ], [ -86.678456, 36.316637 ], [ -86.678586, 36.316656 ], [ -86.678717, 36.316548 ], [ -86.678744, 36.316598 ], [ -86.678772, 36.316632 ], [ -86.678803, 36.316662 ], [ -86.678895, 36.316735 ], [ -86.678914, 36.316487 ], [ -86.67913, 36.316264 ], [ -86.679173, 36.31623 ], [ -86.679216, 36.31621 ], [ -86.679281, 36.316205 ], [ -86.679385, 36.316217 ], [ -86.679494, 36.316184 ], [ -86.679622, 36.316128 ], [ -86.679761, 36.316109 ], [ -86.679863, 36.316086 ], [ -86.680028, 36.315997 ], [ -86.680149, 36.315947 ], [ -86.680288, 36.315862 ], [ -86.680375, 36.31585 ], [ -86.680445, 36.315877 ], [ -86.680559, 36.315943 ], [ -86.680598, 36.315954 ], [ -86.683548, 36.316866 ], [ -86.684127, 36.31702 ], [ -86.685331, 36.317397 ], [ -86.685466, 36.317518 ], [ -86.686186, 36.31765 ], [ -86.686684, 36.317789 ], [ -86.686995, 36.317924 ], [ -86.687374, 36.318183 ], [ -86.687387, 36.3182 ], [ -86.687439, 36.318245 ], [ -86.687508, 36.318363 ], [ -86.688418, 36.31991 ], [ -86.691558, 36.320714 ], [ -86.691578, 36.320718 ], [ -86.691829, 36.320866 ], [ -86.692087, 36.321042 ], [ -86.692346, 36.321092 ], [ -86.692638, 36.321147 ], [ -86.693025, 36.321174 ], [ -86.693942, 36.32113 ], [ -86.694349, 36.321185 ], [ -86.694831, 36.321306 ], [ -86.695239, 36.321377 ], [ -86.695544, 36.32135 ], [ -86.696081, 36.321355 ], [ -86.696318, 36.321421 ], [ -86.69657, 36.321559 ], [ -86.696869, 36.321756 ], [ -86.697181, 36.321921 ], [ -86.697419, 36.322152 ], [ -86.697555, 36.322377 ], [ -86.697684, 36.322685 ], [ -86.697711, 36.323097 ], [ -86.697684, 36.323405 ], [ -86.697616, 36.323515 ], [ -86.697297, 36.323806 ], [ -86.696957, 36.324087 ], [ -86.696726, 36.324307 ], [ -86.69655, 36.324603 ], [ -86.696448, 36.324917 ], [ -86.696407, 36.325241 ], [ -86.69655, 36.325944 ], [ -86.696645, 36.326219 ], [ -86.69674, 36.32645 ], [ -86.696876, 36.32673 ], [ -86.697114, 36.326944 ], [ -86.697385, 36.327098 ], [ -86.697739, 36.32717 ], [ -86.698139, 36.327181 ], [ -86.698486, 36.327192 ], [ -86.698723, 36.327296 ], [ -86.699022, 36.327505 ], [ -86.699304, 36.327723 ], [ -86.699322, 36.327737 ], [ -86.699669, 36.327924 ], [ -86.700214, 36.328108 ], [ -86.700499, 36.328058 ], [ -86.701134, 36.327806 ], [ -86.70152, 36.32762 ], [ -86.701898, 36.327411 ], [ -86.702376, 36.327243 ], [ -86.702782, 36.327189 ], [ -86.702966, 36.327206 ], [ -86.703036, 36.327213 ], [ -86.703328, 36.327307 ], [ -86.703559, 36.327449 ], [ -86.703709, 36.327559 ], [ -86.703939, 36.327752 ], [ -86.704177, 36.327977 ], [ -86.704501, 36.328447 ], [ -86.704687, 36.328658 ], [ -86.704897, 36.328779 ], [ -86.706011, 36.329004 ], [ -86.70631, 36.329136 ], [ -86.706494, 36.329268 ], [ -86.706643, 36.329411 ], [ -86.706691, 36.329526 ], [ -86.706759, 36.329746 ], [ -86.706881, 36.329977 ], [ -86.706983, 36.330213 ], [ -86.707119, 36.330631 ], [ -86.707165, 36.330696 ], [ -86.707255, 36.330823 ], [ -86.707425, 36.33112 ], [ -86.707533, 36.33134 ], [ -86.707567, 36.33162 ], [ -86.707493, 36.331774 ], [ -86.707323, 36.331999 ], [ -86.707228, 36.332329 ], [ -86.707208, 36.332642 ], [ -86.707235, 36.332994 ], [ -86.707394, 36.333256 ], [ -86.70752, 36.333461 ], [ -86.707704, 36.333697 ], [ -86.707819, 36.333873 ], [ -86.707962, 36.333972 ], [ -86.708145, 36.333961 ], [ -86.708498, 36.33384 ], [ -86.70877, 36.333719 ], [ -86.709076, 36.333626 ], [ -86.70918, 36.333613 ], [ -86.709508, 36.333571 ], [ -86.709697, 36.333606 ], [ -86.709716, 36.33361 ], [ -86.709781, 36.333615 ], [ -86.709929, 36.333657 ], [ -86.710074, 36.333726 ], [ -86.710376, 36.334004 ], [ -86.710723, 36.334259 ], [ -86.711076, 36.334445 ], [ -86.711495, 36.334613 ], [ -86.712021, 36.334733 ], [ -86.712496, 36.334797 ], [ -86.712821, 36.3349 ], [ -86.713095, 36.335027 ], [ -86.713687, 36.335521 ], [ -86.713983, 36.335807 ], [ -86.714272, 36.335992 ], [ -86.714502, 36.336049 ], [ -86.714863, 36.336177 ], [ -86.715259, 36.336362 ], [ -86.715455, 36.336507 ], [ -86.715851, 36.336856 ], [ -86.716047, 36.337117 ], [ -86.716344, 36.337624 ], [ -86.716553, 36.337815 ], [ -86.716591, 36.337845 ], [ -86.716793, 36.338004 ], [ -86.716986, 36.338177 ], [ -86.717128, 36.338347 ], [ -86.717262, 36.33851 ], [ -86.717578, 36.33884 ], [ -86.717588, 36.33885 ], [ -86.717758, 36.338971 ], [ -86.717771, 36.338974 ], [ -86.717813, 36.338983 ], [ -86.717827, 36.338987 ], [ -86.717936, 36.339013 ], [ -86.718059, 36.339041 ], [ -86.71818, 36.33907 ], [ -86.71839, 36.339169 ], [ -86.718662, 36.339345 ], [ -86.718689, 36.33937 ], [ -86.718866, 36.339532 ], [ -86.718941, 36.339707 ], [ -86.718938, 36.339731 ], [ -86.718934, 36.339779 ], [ -86.719097, 36.340059 ], [ -86.719297, 36.340243 ], [ -86.719342, 36.340284 ], [ -86.719464, 36.340379 ], [ -86.719553, 36.340449 ], [ -86.719715, 36.340576 ], [ -86.719818, 36.340667 ], [ -86.719904, 36.340743 ], [ -86.719919, 36.340757 ], [ -86.720053, 36.340918 ], [ -86.720157, 36.341043 ], [ -86.720516, 36.341431 ], [ -86.720673, 36.341601 ], [ -86.720959, 36.341911 ], [ -86.721054, 36.342076 ], [ -86.721058, 36.342102 ], [ -86.721095, 36.342345 ], [ -86.721129, 36.34268 ], [ -86.72119, 36.342993 ], [ -86.721299, 36.343329 ], [ -86.72149, 36.343719 ], [ -86.721636, 36.343893 ], [ -86.722047, 36.344383 ], [ -86.722081, 36.344713 ], [ -86.722006, 36.344939 ], [ -86.722054, 36.345048 ], [ -86.722129, 36.34512 ], [ -86.722185, 36.34516 ], [ -86.722299, 36.345241 ], [ -86.722312, 36.345483 ], [ -86.722197, 36.345598 ], [ -86.721762, 36.345648 ], [ -86.721626, 36.345697 ], [ -86.721586, 36.345812 ], [ -86.721715, 36.345972 ], [ -86.722122, 36.346175 ], [ -86.722313, 36.346307 ], [ -86.722428, 36.346477 ], [ -86.722409, 36.346523 ], [ -86.722367, 36.346631 ], [ -86.722394, 36.346889 ], [ -86.722598, 36.347109 ], [ -86.722904, 36.347301 ], [ -86.723244, 36.347488 ], [ -86.723495, 36.34768 ], [ -86.723618, 36.347867 ], [ -86.723672, 36.348032 ], [ -86.723679, 36.348323 ], [ -86.723672, 36.348347 ], [ -86.723632, 36.348488 ], [ -86.722993, 36.349335 ], [ -86.722898, 36.349593 ], [ -86.722824, 36.349857 ], [ -86.722763, 36.350148 ], [ -86.722722, 36.35067 ], [ -86.722768, 36.351313 ], [ -86.722791, 36.351627 ], [ -86.722879, 36.351775 ], [ -86.723049, 36.35194 ], [ -86.723436, 36.352225 ], [ -86.723586, 36.352401 ], [ -86.723695, 36.352583 ], [ -86.723851, 36.352797 ], [ -86.724055, 36.352962 ], [ -86.724306, 36.353115 ], [ -86.72468, 36.353429 ], [ -86.724775, 36.353571 ], [ -86.724905, 36.353995 ], [ -86.724803, 36.354242 ], [ -86.724782, 36.35439 ], [ -86.72483, 36.354491 ], [ -86.724837, 36.354506 ], [ -86.724946, 36.354687 ], [ -86.724939, 36.354792 ], [ -86.724905, 36.354907 ], [ -86.72483, 36.355072 ], [ -86.72483, 36.355209 ], [ -86.725068, 36.355462 ], [ -86.725068, 36.355621 ], [ -86.725007, 36.355946 ], [ -86.724994, 36.356253 ], [ -86.725035, 36.356869 ], [ -86.725069, 36.35716 ], [ -86.725042, 36.35738 ], [ -86.724956, 36.357736 ], [ -86.725835, 36.359994 ], [ -86.725846, 36.360023 ], [ -86.726126, 36.360741 ], [ -86.72619, 36.360906 ], [ -86.726192, 36.360972 ], [ -86.726138, 36.361045 ], [ -86.725934, 36.361238 ], [ -86.725696, 36.36143 ], [ -86.725499, 36.361623 ], [ -86.725397, 36.361842 ], [ -86.725384, 36.362002 ], [ -86.725438, 36.362392 ], [ -86.72552, 36.362628 ], [ -86.725534, 36.362837 ], [ -86.725432, 36.363348 ], [ -86.725459, 36.363612 ], [ -86.725527, 36.363898 ], [ -86.725636, 36.364277 ], [ -86.725732, 36.364535 ], [ -86.725779, 36.364695 ], [ -86.725868, 36.364898 ], [ -86.726201, 36.365497 ], [ -86.726269, 36.36575 ], [ -86.726344, 36.365958 ], [ -86.726371, 36.366173 ], [ -86.726337, 36.366447 ], [ -86.726317, 36.366755 ], [ -86.726311, 36.367206 ], [ -86.726413, 36.367453 ], [ -86.726576, 36.367805 ], [ -86.72661, 36.367975 ], [ -86.72663, 36.368624 ], [ -86.726665, 36.368849 ], [ -86.72678, 36.369184 ], [ -86.727046, 36.369871 ], [ -86.727216, 36.370168 ], [ -86.727345, 36.370525 ], [ -86.72742, 36.370954 ], [ -86.727488, 36.371146 ], [ -86.727502, 36.371454 ], [ -86.72742, 36.371767 ], [ -86.72742, 36.37208 ], [ -86.727529, 36.372316 ], [ -86.72772, 36.372459 ], [ -86.727876, 36.372641 ], [ -86.728298, 36.373031 ], [ -86.728372, 36.373106 ], [ -86.728484, 36.373224 ], [ -86.728549, 36.373382 ], [ -86.728597, 36.373597 ], [ -86.728605, 36.373697 ], [ -86.728619, 36.373861 ], [ -86.728624, 36.373926 ], [ -86.728614, 36.374238 ], [ -86.728611, 36.374366 ], [ -86.728571, 36.375049 ], [ -86.728561, 36.375372 ], [ -86.728558, 36.375472 ], [ -86.728599, 36.375637 ], [ -86.728626, 36.375742 ], [ -86.728715, 36.375875 ], [ -86.728776, 36.375967 ], [ -86.729054, 36.376213 ], [ -86.729187, 36.376303 ], [ -86.729217, 36.376324 ], [ -86.729415, 36.376555 ], [ -86.729474, 36.376684 ], [ -86.729632, 36.377027 ], [ -86.729837, 36.377742 ], [ -86.729852, 36.377844 ], [ -86.729886, 36.378066 ], [ -86.729912, 36.378236 ], [ -86.729934, 36.378547 ], [ -86.729946, 36.37872 ], [ -86.729988, 36.378888 ], [ -86.730075, 36.379231 ], [ -86.730069, 36.379605 ], [ -86.730108, 36.379918 ], [ -86.730151, 36.380264 ], [ -86.730236, 36.380454 ], [ -86.730334, 36.380671 ], [ -86.730375, 36.38083 ], [ -86.730413, 36.381052 ], [ -86.73045, 36.381259 ], [ -86.730611, 36.381529 ], [ -86.730682, 36.381649 ], [ -86.731049, 36.382165 ], [ -86.731176, 36.382282 ], [ -86.731409, 36.382495 ], [ -86.731736, 36.382632 ], [ -86.732028, 36.382835 ], [ -86.732375, 36.383192 ], [ -86.732688, 36.383659 ], [ -86.732783, 36.383962 ], [ -86.732804, 36.384396 ], [ -86.73296, 36.385061 ], [ -86.733097, 36.385335 ], [ -86.73343, 36.385835 ], [ -86.733987, 36.386231 ], [ -86.734552, 36.386868 ], [ -86.734651, 36.386988 ], [ -86.735113, 36.387319 ], [ -86.73514, 36.387349 ], [ -86.73516, 36.387372 ], [ -86.735187, 36.387391 ], [ -86.735213, 36.387411 ], [ -86.735263, 36.387453 ], [ -86.735333, 36.387519 ], [ -86.735396, 36.38759 ], [ -86.735451, 36.387665 ], [ -86.735497, 36.387744 ], [ -86.735558, 36.387842 ], [ -86.735641, 36.387956 ], [ -86.735703, 36.388028 ], [ -86.735765, 36.388094 ], [ -86.735831, 36.388157 ], [ -86.735901, 36.388218 ], [ -86.735974, 36.388275 ], [ -86.736051, 36.388329 ], [ -86.736104, 36.388364 ], [ -86.736153, 36.388404 ], [ -86.736227, 36.388465 ], [ -86.736302, 36.388525 ], [ -86.736378, 36.388584 ], [ -86.736454, 36.388642 ], [ -86.736531, 36.388701 ], [ -86.736583, 36.388739 ], [ -86.736635, 36.388777 ], [ -86.736687, 36.388815 ], [ -86.736715, 36.388831 ], [ -86.736744, 36.388847 ], [ -86.736801, 36.388878 ], [ -86.736859, 36.388909 ], [ -86.736918, 36.388939 ], [ -86.736977, 36.388968 ], [ -86.737097, 36.389023 ], [ -86.737189, 36.389063 ], [ -86.737282, 36.389101 ], [ -86.737313, 36.389113 ], [ -86.737344, 36.389125 ], [ -86.737375, 36.389137 ], [ -86.737407, 36.389149 ], [ -86.737438, 36.38916 ], [ -86.73747, 36.389171 ], [ -86.737502, 36.389183 ], [ -86.737534, 36.389193 ], [ -86.737566, 36.389204 ], [ -86.737598, 36.389215 ], [ -86.73763, 36.389225 ], [ -86.737663, 36.389235 ], [ -86.737695, 36.389245 ], [ -86.737727, 36.389254 ], [ -86.73776, 36.389264 ], [ -86.737793, 36.389273 ], [ -86.737826, 36.389282 ], [ -86.737858, 36.389291 ], [ -86.737891, 36.389299 ], [ -86.737924, 36.389308 ], [ -86.737958, 36.389316 ], [ -86.737991, 36.389324 ], [ -86.738024, 36.389331 ], [ -86.738058, 36.389339 ], [ -86.738091, 36.389347 ], [ -86.738124, 36.389355 ], [ -86.738156, 36.389364 ], [ -86.738189, 36.389374 ], [ -86.738222, 36.389384 ], [ -86.738254, 36.389394 ], [ -86.738286, 36.389405 ], [ -86.738317, 36.389417 ], [ -86.738349, 36.389427 ], [ -86.73838, 36.38944 ], [ -86.738411, 36.389452 ], [ -86.738442, 36.389465 ], [ -86.738472, 36.389478 ], [ -86.738503, 36.389492 ], [ -86.738533, 36.389506 ], [ -86.738562, 36.389521 ], [ -86.738591, 36.389536 ], [ -86.738619, 36.389554 ], [ -86.738649, 36.389567 ], [ -86.738677, 36.389583 ], [ -86.738705, 36.389599 ], [ -86.738733, 36.389616 ], [ -86.73876, 36.389633 ], [ -86.738813, 36.389668 ], [ -86.738867, 36.389709 ], [ -86.738916, 36.389744 ], [ -86.739098, 36.389875 ], [ -86.73916, 36.389926 ], [ -86.73922, 36.389962 ], [ -86.739291, 36.389995 ], [ -86.739395, 36.390045 ], [ -86.739482, 36.390086 ], [ -86.739553, 36.390112 ], [ -86.739591, 36.390147 ], [ -86.739624, 36.39018 ], [ -86.73966, 36.390197 ], [ -86.739711, 36.390208 ], [ -86.739758, 36.390225 ], [ -86.739804, 36.390253 ], [ -86.739829, 36.390279 ], [ -86.739839, 36.390288 ], [ -86.739867, 36.390314 ], [ -86.73996, 36.390378 ], [ -86.740009, 36.390412 ], [ -86.740059, 36.390439 ], [ -86.740097, 36.390465 ], [ -86.740132, 36.390486 ], [ -86.740155, 36.390526 ], [ -86.740169, 36.390572 ], [ -86.740196, 36.390635 ], [ -86.740205, 36.390671 ], [ -86.740213, 36.390717 ], [ -86.740241, 36.390765 ], [ -86.74028, 36.390817 ], [ -86.740315, 36.390865 ], [ -86.740353, 36.390933 ], [ -86.740415, 36.391014 ], [ -86.740439, 36.391049 ], [ -86.740462, 36.391097 ], [ -86.740465, 36.391139 ], [ -86.740469, 36.391153 ], [ -86.740487, 36.391209 ], [ -86.740496, 36.39124 ], [ -86.740507, 36.391271 ], [ -86.740484, 36.391423 ], [ -86.740468, 36.391508 ], [ -86.74046, 36.391552 ], [ -86.74045, 36.391607 ], [ -86.740434, 36.391647 ], [ -86.740451, 36.391669 ], [ -86.740451, 36.391735 ], [ -86.740484, 36.391787 ], [ -86.740526, 36.39184 ], [ -86.740542, 36.391871 ], [ -86.740581, 36.391912 ], [ -86.740611, 36.39196 ], [ -86.740617, 36.392017 ], [ -86.740628, 36.392037 ], [ -86.740631, 36.392094 ], [ -86.740643, 36.392138 ], [ -86.740659, 36.392162 ], [ -86.740659, 36.392186 ], [ -86.74067, 36.392213 ], [ -86.740671, 36.392263 ], [ -86.74065, 36.392338 ], [ -86.740651, 36.392435 ], [ -86.740649, 36.392485 ], [ -86.740636, 36.39254 ], [ -86.740638, 36.392583 ], [ -86.740639, 36.392604 ], [ -86.740636, 36.392643 ], [ -86.740631, 36.392672 ], [ -86.740632, 36.392707 ], [ -86.740637, 36.392736 ], [ -86.74064, 36.392771 ], [ -86.740638, 36.392802 ], [ -86.740701, 36.392874 ], [ -86.740742, 36.392893 ], [ -86.740794, 36.392902 ], [ -86.740846, 36.392928 ], [ -86.740884, 36.392941 ], [ -86.740917, 36.392954 ], [ -86.74096, 36.392962 ], [ -86.740985, 36.392962 ], [ -86.741023, 36.392966 ], [ -86.741066, 36.392973 ], [ -86.741113, 36.392988 ], [ -86.741151, 36.393005 ], [ -86.741214, 36.393033 ], [ -86.741241, 36.393062 ], [ -86.741263, 36.39308 ], [ -86.741307, 36.393123 ], [ -86.741334, 36.393156 ], [ -86.741343, 36.393184 ], [ -86.741338, 36.393217 ], [ -86.741346, 36.393276 ], [ -86.74136, 36.393298 ], [ -86.741366, 36.393342 ], [ -86.741358, 36.393393 ], [ -86.74137, 36.39343 ], [ -86.741367, 36.393452 ], [ -86.741365, 36.393478 ], [ -86.741351, 36.393529 ], [ -86.741341, 36.393571 ], [ -86.741341, 36.393591 ], [ -86.741333, 36.393626 ], [ -86.741328, 36.393663 ], [ -86.741312, 36.393685 ], [ -86.741296, 36.393712 ], [ -86.741275, 36.393769 ], [ -86.741235, 36.393846 ], [ -86.741213, 36.393871 ], [ -86.741184, 36.39393 ], [ -86.741187, 36.393998 ], [ -86.741196, 36.394031 ], [ -86.741221, 36.394073 ], [ -86.741234, 36.394095 ], [ -86.741275, 36.394103 ], [ -86.741305, 36.394127 ], [ -86.741333, 36.394151 ], [ -86.74136, 36.39416 ], [ -86.741402, 36.394234 ], [ -86.741418, 36.394267 ], [ -86.741432, 36.394293 ], [ -86.741446, 36.394317 ], [ -86.741454, 36.394339 ], [ -86.74146, 36.39437 ], [ -86.741466, 36.394405 ], [ -86.741474, 36.39444 ], [ -86.74148, 36.394471 ], [ -86.741486, 36.394504 ], [ -86.741491, 36.394539 ], [ -86.741489, 36.394572 ], [ -86.741497, 36.394596 ], [ -86.7415, 36.394623 ], [ -86.741503, 36.394658 ], [ -86.741506, 36.394675 ], [ -86.741507, 36.39471 ], [ -86.741504, 36.39473 ], [ -86.741504, 36.394754 ], [ -86.741499, 36.394794 ], [ -86.741497, 36.394836 ], [ -86.741492, 36.394866 ], [ -86.741484, 36.394906 ], [ -86.741466, 36.39497 ], [ -86.74145, 36.395021 ], [ -86.74142, 36.395071 ], [ -86.741416, 36.395146 ], [ -86.741416, 36.395192 ], [ -86.741407, 36.395223 ], [ -86.741397, 36.395247 ], [ -86.741397, 36.395282 ], [ -86.741799, 36.396342 ], [ -86.741795, 36.396373 ], [ -86.74174, 36.396778 ], [ -86.741679, 36.397296 ], [ -86.741674, 36.397337 ], [ -86.741712, 36.397346 ], [ -86.743483, 36.397743 ], [ -86.743508, 36.397728 ], [ -86.74356, 36.397693 ], [ -86.743603, 36.397708 ], [ -86.743631, 36.397723 ], [ -86.743656, 36.397776 ], [ -86.743686, 36.397826 ], [ -86.7437, 36.397846 ], [ -86.743716, 36.397868 ], [ -86.743744, 36.397896 ], [ -86.743763, 36.397909 ], [ -86.74379, 36.397929 ], [ -86.743812, 36.397942 ], [ -86.743845, 36.397946 ], [ -86.743913, 36.397983 ], [ -86.744039, 36.398033 ], [ -86.744069, 36.398066 ], [ -86.74408, 36.398099 ], [ -86.744094, 36.398123 ], [ -86.744119, 36.398187 ], [ -86.744122, 36.398213 ], [ -86.744128, 36.398248 ], [ -86.744131, 36.398336 ], [ -86.744159, 36.398366 ], [ -86.744216, 36.398432 ], [ -86.744276, 36.398464 ], [ -86.744438, 36.398586 ], [ -86.744484, 36.398608 ], [ -86.744525, 36.398643 ], [ -86.744556, 36.398678 ], [ -86.744602, 36.398728 ], [ -86.744674, 36.398807 ], [ -86.744687, 36.398845 ], [ -86.744696, 36.398873 ], [ -86.744713, 36.398952 ], [ -86.744893, 36.3991 ], [ -86.744913, 36.399098 ], [ -86.744978, 36.39908 ], [ -86.745038, 36.399049 ], [ -86.745105, 36.399042 ], [ -86.745209, 36.399052 ], [ -86.745241, 36.39906 ], [ -86.745312, 36.399095 ], [ -86.745383, 36.399128 ], [ -86.745446, 36.399178 ], [ -86.745474, 36.399208 ], [ -86.745493, 36.399222 ], [ -86.745545, 36.39927 ], [ -86.745586, 36.399307 ], [ -86.74563, 36.399339 ], [ -86.745661, 36.399368 ], [ -86.745734, 36.399405 ], [ -86.745756, 36.399415 ], [ -86.745832, 36.399463 ], [ -86.745852, 36.399481 ], [ -86.745896, 36.399522 ], [ -86.745978, 36.399575 ], [ -86.74606, 36.399644 ], [ -86.746118, 36.399734 ], [ -86.746116, 36.399818 ], [ -86.746106, 36.399899 ], [ -86.746095, 36.399963 ], [ -86.746088, 36.400044 ], [ -86.74609, 36.400093 ], [ -86.745945, 36.401196 ], [ -86.745693, 36.403097 ], [ -86.74588, 36.403204 ], [ -86.746122, 36.403341 ], [ -86.746153, 36.403359 ], [ -86.747306, 36.404017 ], [ -86.748493, 36.404694 ], [ -86.750048, 36.404579 ], [ -86.750135, 36.404588 ], [ -86.750235, 36.404612 ], [ -86.750511, 36.40466 ], [ -86.750592, 36.404638 ], [ -86.750736, 36.404637 ], [ -86.750829, 36.404689 ], [ -86.750941, 36.404726 ], [ -86.751042, 36.404751 ], [ -86.751135, 36.404788 ], [ -86.751229, 36.404793 ], [ -86.751281, 36.404783 ], [ -86.751352, 36.404763 ], [ -86.75143, 36.404729 ], [ -86.751476, 36.404709 ], [ -86.751598, 36.404667 ], [ -86.751663, 36.404633 ], [ -86.751731, 36.404613 ], [ -86.751829, 36.404593 ], [ -86.75191, 36.404579 ], [ -86.751994, 36.404556 ], [ -86.752178, 36.404467 ], [ -86.752304, 36.404412 ], [ -86.752986, 36.404362 ], [ -86.753895, 36.404295 ], [ -86.754795, 36.405496 ], [ -86.753733, 36.405531 ], [ -86.753645, 36.405563 ], [ -86.753461, 36.405766 ], [ -86.753381, 36.40632 ], [ -86.753476, 36.406607 ], [ -86.753515, 36.40715 ], [ -86.753363, 36.407341 ], [ -86.753124, 36.407576 ], [ -86.752908, 36.407679 ], [ -86.752797, 36.407763 ], [ -86.752414, 36.408179 ], [ -86.752189, 36.408424 ], [ -86.751878, 36.408675 ], [ -86.751519, 36.408682 ], [ -86.751285, 36.40875 ], [ -86.751136, 36.408793 ], [ -86.750777, 36.409279 ], [ -86.750361, 36.409921 ], [ -86.750137, 36.410268 ], [ -86.749906, 36.410522 ], [ -86.749852, 36.410547 ], [ -86.749084, 36.4109 ], [ -86.748828, 36.410912 ], [ -86.748263, 36.410799 ], [ -86.747785, 36.410639 ], [ -86.747538, 36.410627 ], [ -86.746995, 36.410778 ], [ -86.746596, 36.411184 ], [ -86.746539, 36.411587 ], [ -86.746555, 36.411906 ], [ -86.746746, 36.412193 ], [ -86.74716, 36.412429 ], [ -86.747644, 36.412598 ], [ -86.748037, 36.412737 ], [ -86.748356, 36.412957 ], [ -86.748674, 36.413081 ], [ -86.749009, 36.413281 ], [ -86.749311, 36.413556 ], [ -86.749375, 36.41378 ], [ -86.749183, 36.414011 ], [ -86.748744, 36.414357 ], [ -86.748378, 36.414668 ], [ -86.748193, 36.414858 ], [ -86.748042, 36.415014 ], [ -86.747746, 36.415507 ], [ -86.747499, 36.415862 ], [ -86.747275, 36.416149 ], [ -86.747298, 36.416448 ], [ -86.747362, 36.416922 ], [ -86.747513, 36.417186 ], [ -86.747744, 36.417533 ], [ -86.748102, 36.417809 ], [ -86.748206, 36.417897 ], [ -86.748365, 36.418136 ], [ -86.748396, 36.418347 ], [ -86.748412, 36.418375 ], [ -86.748341, 36.418508 ], [ -86.748276, 36.418627 ], [ -86.74798, 36.418635 ], [ -86.747818, 36.418655 ], [ -86.74766, 36.418675 ], [ -86.74714, 36.418703 ], [ -86.74666, 36.418759 ], [ -86.746052, 36.418815 ], [ -86.745468, 36.418851 ], [ -86.745449, 36.418844 ], [ -86.745196, 36.418747 ], [ -86.744844, 36.418715 ], [ -86.744444, 36.418611 ], [ -86.744098, 36.418468 ], [ -86.744036, 36.418443 ], [ -86.743652, 36.418347 ], [ -86.7431, 36.418171 ], [ -86.742548, 36.418151 ], [ -86.742092, 36.418211 ], [ -86.739913, 36.418314 ], [ -86.738501, 36.41843 ], [ -86.73791, 36.418445 ], [ -86.736253, 36.418352 ], [ -86.735484, 36.418279 ], [ -86.735052, 36.418168 ], [ -86.734833, 36.418049 ], [ -86.734782, 36.418018 ], [ -86.734661, 36.417946 ], [ -86.734641, 36.417946 ], [ -86.734597, 36.417946 ], [ -86.734268, 36.417723 ], [ -86.734077, 36.417618 ], [ -86.73394, 36.417543 ], [ -86.733906, 36.41749 ], [ -86.733838, 36.417386 ], [ -86.73378, 36.417295 ], [ -86.733596, 36.417107 ], [ -86.733572, 36.417083 ], [ -86.733552, 36.416996 ], [ -86.733467, 36.416834 ], [ -86.733384, 36.416522 ], [ -86.733427, 36.416246 ], [ -86.733509, 36.415992 ], [ -86.733875, 36.415707 ], [ -86.734143, 36.415552 ], [ -86.734402, 36.415192 ], [ -86.734439, 36.414862 ], [ -86.734411, 36.41481 ], [ -86.73427, 36.414555 ], [ -86.733831, 36.414459 ], [ -86.733175, 36.414361 ], [ -86.731859, 36.414481 ], [ -86.730392, 36.414613 ], [ -86.72997, 36.414587 ], [ -86.729455, 36.414443 ], [ -86.729084, 36.414333 ], [ -86.728493, 36.414067 ], [ -86.728083, 36.41392 ], [ -86.728037, 36.413901 ], [ -86.727711, 36.413877 ], [ -86.727443, 36.413968 ], [ -86.727342, 36.414198 ], [ -86.727249, 36.414501 ], [ -86.727178, 36.414858 ], [ -86.727171, 36.41492 ], [ -86.727032, 36.4152 ], [ -86.726765, 36.415372 ], [ -86.726227, 36.41567 ], [ -86.725816, 36.415871 ], [ -86.725738, 36.415914 ], [ -86.725635, 36.416038 ], [ -86.724993, 36.416819 ], [ -86.724667, 36.41699 ], [ -86.724391, 36.417137 ], [ -86.72368, 36.417483 ], [ -86.72364, 36.417503 ], [ -86.723346, 36.417635 ], [ -86.723227, 36.41769 ], [ -86.722869, 36.417855 ], [ -86.722751, 36.417911 ], [ -86.722509, 36.418025 ], [ -86.722453, 36.418046 ], [ -86.72217, 36.418155 ], [ -86.721817, 36.418264 ], [ -86.72166, 36.418299 ], [ -86.721515, 36.418326 ], [ -86.721457, 36.418338 ], [ -86.721329, 36.418353 ], [ -86.721192, 36.418369 ], [ -86.721156, 36.41837 ], [ -86.72111, 36.418372 ], [ -86.721048, 36.418375 ], [ -86.721013, 36.418377 ], [ -86.720977, 36.418377 ], [ -86.720733, 36.418389 ], [ -86.720719, 36.418389 ], [ -86.720528, 36.418375 ], [ -86.720305, 36.41834 ], [ -86.719927, 36.418282 ], [ -86.719812, 36.418264 ], [ -86.719793, 36.41809 ], [ -86.719785, 36.418007 ], [ -86.719655, 36.416316 ], [ -86.719418, 36.415755 ], [ -86.719141, 36.4151 ], [ -86.719055, 36.414905 ], [ -86.718898, 36.414546 ], [ -86.718874, 36.414304 ], [ -86.718867, 36.414227 ], [ -86.718818, 36.414102 ], [ -86.718813, 36.41409 ], [ -86.7188, 36.414057 ], [ -86.718796, 36.414046 ], [ -86.718763, 36.413967 ], [ -86.718731, 36.413959 ], [ -86.718387, 36.413873 ], [ -86.718329, 36.413859 ], [ -86.718272, 36.413866 ], [ -86.717767, 36.413916 ], [ -86.717695, 36.413922 ], [ -86.71757, 36.413935 ], [ -86.717037, 36.41395 ], [ -86.71686, 36.413956 ], [ -86.716156, 36.413998 ], [ -86.715691, 36.413895 ], [ -86.715212, 36.413746 ], [ -86.714732, 36.413554 ], [ -86.714256, 36.413379 ], [ -86.714156, 36.413343 ], [ -86.713843, 36.413218 ], [ -86.71346, 36.413146 ], [ -86.713076, 36.413311 ], [ -86.712754, 36.413536 ], [ -86.712596, 36.413647 ], [ -86.712475, 36.413761 ], [ -86.712358, 36.413869 ], [ -86.712205, 36.414014 ], [ -86.711832, 36.414057 ], [ -86.711271, 36.414122 ], [ -86.710746, 36.413921 ], [ -86.710645, 36.413878 ], [ -86.710421, 36.413739 ], [ -86.71037, 36.413718 ], [ -86.710366, 36.413704 ], [ -86.710279, 36.413653 ], [ -86.710032, 36.413488 ], [ -86.709949, 36.413435 ], [ -86.709849, 36.413375 ], [ -86.709636, 36.413248 ], [ -86.70955, 36.413196 ], [ -86.709476, 36.413152 ], [ -86.70946, 36.413128 ], [ -86.70941, 36.412924 ], [ -86.709258, 36.412397 ], [ -86.70923, 36.41234 ], [ -86.709123, 36.412286 ], [ -86.709032, 36.412278 ], [ -86.708795, 36.412429 ], [ -86.708671, 36.41253 ], [ -86.708523, 36.412753 ], [ -86.708497, 36.412774 ], [ -86.708473, 36.412795 ], [ -86.708451, 36.412818 ], [ -86.70841, 36.412799 ], [ -86.7082, 36.412704 ], [ -86.70813, 36.412673 ], [ -86.708105, 36.412668 ], [ -86.708049, 36.41266 ], [ -86.708044, 36.412641 ], [ -86.708038, 36.412617 ], [ -86.708018, 36.412584 ], [ -86.707999, 36.41254 ], [ -86.707999, 36.412434 ], [ -86.708, 36.412116 ], [ -86.708001, 36.412011 ], [ -86.708004, 36.411947 ], [ -86.707988, 36.411732 ], [ -86.707988, 36.411719 ], [ -86.707924, 36.411531 ], [ -86.707828, 36.411187 ], [ -86.707724, 36.410951 ], [ -86.707718, 36.410941 ], [ -86.707577, 36.410701 ], [ -86.707568, 36.410687 ], [ -86.707544, 36.410645 ], [ -86.707536, 36.410631 ], [ -86.706386, 36.410299 ], [ -86.706195, 36.410244 ], [ -86.704113, 36.409767 ], [ -86.702956, 36.409543 ], [ -86.70288, 36.409539 ], [ -86.702675, 36.40953 ], [ -86.702319, 36.409593 ], [ -86.702226, 36.409678 ], [ -86.702076, 36.409815 ], [ -86.701954, 36.409899 ], [ -86.70194, 36.40992 ], [ -86.701896, 36.409952 ], [ -86.701873, 36.409955 ], [ -86.70155, 36.410049 ], [ -86.701188, 36.410083 ], [ -86.700886, 36.409605 ], [ -86.700821, 36.409548 ], [ -86.700682, 36.409456 ], [ -86.700706, 36.409308 ], [ -86.70049, 36.409244 ], [ -86.700309, 36.409213 ], [ -86.699818, 36.408918 ], [ -86.699668, 36.408772 ], [ -86.699633, 36.408739 ], [ -86.699509, 36.408635 ], [ -86.699469, 36.408602 ], [ -86.699319, 36.408484 ], [ -86.699202, 36.408391 ], [ -86.699022, 36.408103 ], [ -86.698993, 36.408027 ], [ -86.698926, 36.40785 ], [ -86.698904, 36.40779 ], [ -86.698869, 36.407677 ], [ -86.69886, 36.407646 ], [ -86.69875, 36.4074 ], [ -86.698588, 36.407235 ], [ -86.698288, 36.40716 ], [ -86.698121, 36.407152 ], [ -86.698062, 36.407149 ], [ -86.698033, 36.407177 ], [ -86.697867, 36.407341 ], [ -86.697697, 36.407339 ], [ -86.697647, 36.407327 ], [ -86.697463, 36.407282 ], [ -86.697214, 36.407144 ], [ -86.697008, 36.406981 ], [ -86.69656, 36.406832 ], [ -86.695745, 36.406869 ], [ -86.694528, 36.407048 ], [ -86.693292, 36.407231 ], [ -86.693211, 36.407279 ], [ -86.693096, 36.407349 ], [ -86.692988, 36.407446 ], [ -86.69292, 36.40751 ], [ -86.692889, 36.407538 ], [ -86.692795, 36.407623 ], [ -86.692765, 36.407652 ], [ -86.692359, 36.40801 ], [ -86.691956, 36.408367 ], [ -86.691236, 36.408787 ], [ -86.69108, 36.408982 ], [ -86.69094, 36.409159 ], [ -86.690845, 36.409459 ], [ -86.690827, 36.409515 ], [ -86.690775, 36.409685 ], [ -86.690759, 36.409742 ], [ -86.690819, 36.409815 ], [ -86.690923, 36.40995 ], [ -86.691074, 36.410174 ], [ -86.691168, 36.410314 ], [ -86.691187, 36.410342 ], [ -86.691332, 36.410557 ], [ -86.691458, 36.410773 ], [ -86.69157, 36.410981 ], [ -86.691931, 36.411764 ], [ -86.692106, 36.41219 ], [ -86.69211, 36.412201 ], [ -86.692332, 36.412698 ], [ -86.692397, 36.412845 ], [ -86.692465, 36.412999 ], [ -86.69258, 36.413257 ], [ -86.692672, 36.413464 ], [ -86.692741, 36.413619 ], [ -86.692809, 36.413776 ], [ -86.693015, 36.41425 ], [ -86.693084, 36.414408 ], [ -86.693127, 36.414507 ], [ -86.693258, 36.414804 ], [ -86.693302, 36.414904 ], [ -86.693367, 36.415051 ], [ -86.693562, 36.415494 ], [ -86.693627, 36.415642 ], [ -86.693695, 36.415797 ], [ -86.693702, 36.415813 ], [ -86.69378, 36.415981 ], [ -86.693908, 36.416258 ], [ -86.69398, 36.416412 ], [ -86.694013, 36.416486 ], [ -86.694115, 36.416709 ], [ -86.694149, 36.416784 ], [ -86.694188, 36.416871 ], [ -86.694207, 36.416911 ], [ -86.694301, 36.417135 ], [ -86.694339, 36.417224 ], [ -86.694528, 36.417675 ], [ -86.694603, 36.417853 ], [ -86.694781, 36.418426 ], [ -86.694869, 36.41882 ], [ -86.694903, 36.419007 ], [ -86.694918, 36.419089 ], [ -86.695007, 36.419572 ], [ -86.695032, 36.419745 ], [ -86.695042, 36.419867 ], [ -86.695073, 36.42024 ], [ -86.695075, 36.42026 ], [ -86.695092, 36.420465 ], [ -86.695096, 36.420799 ], [ -86.695079, 36.421067 ], [ -86.695064, 36.421319 ], [ -86.694981, 36.421871 ], [ -86.694911, 36.422242 ], [ -86.694908, 36.422259 ], [ -86.69488, 36.422372 ], [ -86.69483, 36.422571 ], [ -86.694735, 36.422891 ], [ -86.694719, 36.422937 ], [ -86.694671, 36.423078 ], [ -86.694656, 36.423125 ], [ -86.694636, 36.423185 ], [ -86.694576, 36.423365 ], [ -86.694557, 36.423426 ], [ -86.694533, 36.423499 ], [ -86.694441, 36.423711 ], [ -86.694423, 36.423751 ], [ -86.694356, 36.423885 ], [ -86.694214, 36.424177 ], [ -86.693831, 36.424841 ], [ -86.693601, 36.425187 ], [ -86.693535, 36.425288 ], [ -86.693308, 36.425594 ], [ -86.69329, 36.425616 ], [ -86.693251, 36.425663 ], [ -86.693235, 36.425684 ], [ -86.693218, 36.425707 ], [ -86.693074, 36.425876 ], [ -86.692863, 36.426129 ], [ -86.692665, 36.42636 ], [ -86.692643, 36.426384 ], [ -86.692562, 36.426476 ], [ -86.692496, 36.426551 ], [ -86.692431, 36.426623 ], [ -86.692238, 36.426841 ], [ -86.692174, 36.426914 ], [ -86.691522, 36.427649 ], [ -86.690864, 36.428393 ], [ -86.690528, 36.428773 ], [ -86.689669, 36.42974 ], [ -86.689568, 36.429853 ], [ -86.689348, 36.430101 ], [ -86.68904, 36.430448 ], [ -86.688997, 36.430496 ], [ -86.688916, 36.430588 ], [ -86.688829, 36.430686 ], [ -86.688652, 36.430888 ], [ -86.688648, 36.430907 ], [ -86.68857, 36.430982 ], [ -86.688485, 36.431081 ], [ -86.688428, 36.431145 ], [ -86.688259, 36.43134 ], [ -86.688203, 36.431406 ], [ -86.688137, 36.431481 ], [ -86.687941, 36.431709 ], [ -86.687876, 36.431785 ], [ -86.687857, 36.431805 ], [ -86.6878, 36.431865 ], [ -86.687782, 36.431886 ], [ -86.687706, 36.431968 ], [ -86.687478, 36.432213 ], [ -86.687403, 36.432296 ], [ -86.687304, 36.432397 ], [ -86.687258, 36.432445 ], [ -86.687205, 36.4325 ], [ -86.687044, 36.432669 ], [ -86.687009, 36.432703 ], [ -86.686909, 36.432803 ], [ -86.68686, 36.432852 ], [ -86.686834, 36.43288 ], [ -86.686711, 36.433 ], [ -86.686662, 36.433049 ], [ -86.686643, 36.433067 ], [ -86.686589, 36.43312 ], [ -86.686571, 36.433139 ], [ -86.686549, 36.433159 ], [ -86.686484, 36.43322 ], [ -86.686463, 36.433241 ], [ -86.686448, 36.433254 ], [ -86.686419, 36.433282 ], [ -86.686405, 36.433293 ], [ -86.686391, 36.433307 ], [ -86.686375, 36.433321 ], [ -86.686326, 36.433365 ], [ -86.686311, 36.43338 ], [ -86.686295, 36.433394 ], [ -86.686248, 36.433436 ], [ -86.686233, 36.433451 ], [ -86.686205, 36.433462 ], [ -86.686152, 36.433523 ], [ -86.686132, 36.433542 ], [ -86.686103, 36.433553 ], [ -86.686055, 36.433611 ], [ -86.686036, 36.433629 ], [ -86.685777, 36.433857 ], [ -86.685674, 36.433951 ], [ -86.685659, 36.433964 ], [ -86.685566, 36.434052 ], [ -86.685482, 36.434132 ], [ -86.685359, 36.43424 ], [ -86.685243, 36.434336 ], [ -86.685149, 36.434418 ], [ -86.685097, 36.434461 ], [ -86.685032, 36.434515 ], [ -86.684874, 36.434659 ], [ -86.684526, 36.434968 ], [ -86.684478, 36.435011 ], [ -86.684288, 36.435178 ], [ -86.684148, 36.435302 ], [ -86.684071, 36.43537 ], [ -86.683925, 36.435502 ], [ -86.683844, 36.435575 ], [ -86.683769, 36.435644 ], [ -86.683704, 36.435703 ], [ -86.683509, 36.435879 ], [ -86.683445, 36.435939 ], [ -86.683408, 36.43597 ], [ -86.683298, 36.436066 ], [ -86.683262, 36.436098 ], [ -86.683159, 36.436188 ], [ -86.683115, 36.436227 ], [ -86.682851, 36.436461 ], [ -86.682749, 36.436552 ], [ -86.682642, 36.436649 ], [ -86.682321, 36.436939 ], [ -86.682215, 36.437037 ], [ -86.682141, 36.437105 ], [ -86.681987, 36.437253 ], [ -86.68182, 36.43742 ], [ -86.681792, 36.437449 ], [ -86.681578, 36.437682 ], [ -86.681392, 36.437884 ], [ -86.681292, 36.437993 ], [ -86.681239, 36.438058 ], [ -86.681124, 36.438197 ], [ -86.68108, 36.438251 ], [ -86.681033, 36.438311 ], [ -86.68098, 36.438379 ], [ -86.680923, 36.438452 ], [ -86.680759, 36.438681 ], [ -86.680748, 36.438698 ], [ -86.680567, 36.438955 ], [ -86.680451, 36.439137 ], [ -86.680385, 36.43924 ], [ -86.680259, 36.439439 ], [ -86.680195, 36.439554 ], [ -86.680137, 36.439662 ], [ -86.680114, 36.439704 ], [ -86.680059, 36.439808 ], [ -86.680048, 36.439829 ], [ -86.680027, 36.439872 ], [ -86.680013, 36.439898 ], [ -86.679971, 36.439977 ], [ -86.679958, 36.440004 ], [ -86.679948, 36.440023 ], [ -86.679917, 36.440082 ], [ -86.679908, 36.440102 ], [ -86.67987, 36.440186 ], [ -86.679805, 36.440331 ], [ -86.679755, 36.440438 ], [ -86.679717, 36.440522 ], [ -86.679694, 36.440574 ], [ -86.679626, 36.440732 ], [ -86.679604, 36.440785 ], [ -86.678871, 36.442631 ], [ -86.678748, 36.442941 ], [ -86.678625, 36.443249 ], [ -86.678411, 36.443788 ], [ -86.67838, 36.443867 ], [ -86.67837, 36.443892 ], [ -86.678228, 36.444246 ], [ -86.67818, 36.444371 ], [ -86.678098, 36.444575 ], [ -86.678092, 36.444593 ], [ -86.677614, 36.445781 ], [ -86.677524, 36.445998 ], [ -86.677254, 36.446652 ], [ -86.677165, 36.44687 ], [ -86.67708, 36.447088 ], [ -86.676946, 36.447437 ], [ -86.676809, 36.447738 ], [ -86.676712, 36.447952 ], [ -86.676655, 36.448067 ], [ -86.676588, 36.448207 ], [ -86.676473, 36.448405 ], [ -86.676409, 36.448517 ], [ -86.676344, 36.448622 ], [ -86.676308, 36.448683 ], [ -86.676225, 36.448807 ], [ -86.676135, 36.448929 ], [ -86.676062, 36.449029 ], [ -86.676042, 36.449053 ], [ -86.675985, 36.449127 ], [ -86.675966, 36.449152 ], [ -86.675848, 36.449306 ], [ -86.675834, 36.449325 ], [ -86.675703, 36.449487 ], [ -86.675604, 36.449602 ], [ -86.675523, 36.449699 ], [ -86.675473, 36.449752 ], [ -86.675341, 36.449895 ], [ -86.675239, 36.450001 ], [ -86.67485, 36.450371 ], [ -86.6742, 36.45099 ], [ -86.673605, 36.451545 ], [ -86.673507, 36.451631 ], [ -86.673232, 36.451875 ], [ -86.673179, 36.451924 ], [ -86.672828, 36.452246 ], [ -86.672607, 36.452448 ], [ -86.668115, 36.456613 ], [ -86.666472, 36.458143 ], [ -86.666397, 36.458211 ], [ -86.665133, 36.459346 ], [ -86.664615, 36.459809 ], [ -86.664374, 36.460026 ], [ -86.664021, 36.46033 ], [ -86.663264, 36.460985 ], [ -86.66313, 36.461101 ], [ -86.662965, 36.461242 ], [ -86.662812, 36.461375 ], [ -86.662737, 36.461439 ], [ -86.662615, 36.461548 ], [ -86.662405, 36.461719 ], [ -86.662228, 36.461865 ], [ -86.661775, 36.462235 ], [ -86.661566, 36.462408 ], [ -86.661391, 36.462551 ], [ -86.660866, 36.462981 ], [ -86.660692, 36.463125 ], [ -86.660301, 36.463434 ], [ -86.659967, 36.4637 ], [ -86.659131, 36.464363 ], [ -86.659102, 36.464387 ], [ -86.659091, 36.464396 ], [ -86.659057, 36.464422 ], [ -86.658737, 36.464668 ], [ -86.658723, 36.464678 ], [ -86.658679, 36.464703 ], [ -86.658669, 36.464721 ], [ -86.658656, 36.464731 ], [ -86.658428, 36.464901 ], [ -86.658106, 36.465142 ], [ -86.657896, 36.465286 ], [ -86.657697, 36.46543 ], [ -86.657682, 36.465442 ], [ -86.657458, 36.465612 ], [ -86.656766, 36.466135 ], [ -86.656429, 36.466391 ], [ -86.655035, 36.467392 ], [ -86.654661, 36.467661 ], [ -86.653959, 36.468168 ], [ -86.65388, 36.468227 ], [ -86.653644, 36.468403 ], [ -86.653566, 36.468463 ], [ -86.653469, 36.468527 ], [ -86.653231, 36.468685 ], [ -86.653181, 36.468718 ], [ -86.653085, 36.468783 ], [ -86.652876, 36.468955 ], [ -86.652773, 36.469046 ], [ -86.652675, 36.469134 ], [ -86.652495, 36.469306 ], [ -86.652325, 36.469489 ], [ -86.652168, 36.469693 ], [ -86.652045, 36.469861 ], [ -86.651973, 36.469968 ], [ -86.651919, 36.470051 ], [ -86.651764, 36.470319 ], [ -86.651636, 36.470543 ], [ -86.651569, 36.470659 ], [ -86.650984, 36.471678 ], [ -86.650933, 36.471767 ], [ -86.650789, 36.472019 ], [ -86.650609, 36.472332 ], [ -86.650423, 36.472656 ], [ -86.650077, 36.473276 ], [ -86.650003, 36.473411 ], [ -86.649899, 36.473591 ], [ -86.649781, 36.473801 ], [ -86.649429, 36.474433 ], [ -86.649312, 36.474644 ], [ -86.649254, 36.47475 ], [ -86.649152, 36.474927 ], [ -86.648739, 36.47565 ], [ -86.648668, 36.475773 ], [ -86.648507, 36.476055 ], [ -86.648489, 36.476083 ], [ -86.648437, 36.47617 ], [ -86.64842, 36.476199 ], [ -86.648045, 36.476863 ], [ -86.648006, 36.476933 ], [ -86.646917, 36.478856 ], [ -86.646817, 36.479034 ], [ -86.646533, 36.479515 ], [ -86.646503, 36.479572 ], [ -86.646413, 36.479746 ], [ -86.646384, 36.479804 ], [ -86.646274, 36.480014 ], [ -86.646253, 36.480056 ], [ -86.646153, 36.480267 ], [ -86.646048, 36.480524 ], [ -86.646019, 36.480605 ], [ -86.645996, 36.480668 ], [ -86.645916, 36.480892 ], [ -86.645895, 36.480952 ], [ -86.645829, 36.481195 ], [ -86.64578, 36.481395 ], [ -86.645772, 36.481433 ], [ -86.645658, 36.482017 ], [ -86.64556, 36.483099 ], [ -86.645515, 36.483602 ], [ -86.64551, 36.483658 ], [ -86.645487, 36.483911 ], [ -86.645439, 36.484459 ], [ -86.645422, 36.484673 ], [ -86.645404, 36.484927 ], [ -86.645389, 36.485123 ], [ -86.645341, 36.485776 ], [ -86.645307, 36.486099 ], [ -86.645244, 36.486722 ], [ -86.645196, 36.487091 ], [ -86.645148, 36.48733 ], [ -86.645129, 36.487425 ], [ -86.645061, 36.487711 ], [ -86.645051, 36.487745 ], [ -86.645039, 36.487783 ], [ -86.645022, 36.487836 ], [ -86.644954, 36.488055 ], [ -86.644827, 36.488423 ], [ -86.644731, 36.488657 ], [ -86.644631, 36.488875 ], [ -86.644438, 36.489265 ], [ -86.643689, 36.49054 ], [ -86.643626, 36.490646 ], [ -86.643581, 36.490721 ], [ -86.643575, 36.490733 ], [ -86.643555, 36.490765 ], [ -86.643439, 36.490965 ], [ -86.643377, 36.491072 ], [ -86.643335, 36.491143 ], [ -86.643258, 36.491263 ], [ -86.643202, 36.491349 ], [ -86.64317, 36.491427 ], [ -86.643106, 36.491536 ], [ -86.642914, 36.491864 ], [ -86.642851, 36.491974 ], [ -86.642834, 36.492003 ], [ -86.642694, 36.492233 ], [ -86.642605, 36.492382 ], [ -86.642414, 36.4927 ], [ -86.642339, 36.492823 ], [ -86.642092, 36.493236 ], [ -86.642086, 36.493246 ], [ -86.641997, 36.493395 ], [ -86.641578, 36.494118 ], [ -86.641351, 36.494529 ], [ -86.641318, 36.494591 ], [ -86.641152, 36.494906 ], [ -86.641146, 36.494918 ], [ -86.641001, 36.495292 ], [ -86.640945, 36.495468 ], [ -86.640893, 36.495637 ], [ -86.640882, 36.495708 ], [ -86.640827, 36.495951 ], [ -86.640822, 36.49598 ], [ -86.640774, 36.496277 ], [ -86.640757, 36.496512 ], [ -86.640748, 36.496774 ], [ -86.64075, 36.496814 ], [ -86.640766, 36.497093 ], [ -86.640822, 36.497518 ], [ -86.640848, 36.497678 ], [ -86.64092, 36.498113 ], [ -86.641124, 36.499429 ], [ -86.641215, 36.500013 ], [ -86.641245, 36.500189 ], [ -86.641322, 36.500638 ], [ -86.641499, 36.501855 ], [ -86.641609, 36.502536 ], [ -86.641673, 36.502929 ], [ -86.641713, 36.503166 ], [ -86.641726, 36.503245 ], [ -86.641735, 36.503297 ], [ -86.641765, 36.503485 ], [ -86.641778, 36.503565 ], [ -86.641811, 36.503768 ], [ -86.641821, 36.503845 ], [ -86.641867, 36.504188 ], [ -86.642038, 36.505463 ], [ -86.642089, 36.506064 ], [ -86.642103, 36.506221 ], [ -86.642129, 36.506573 ], [ -86.642143, 36.506692 ], [ -86.642145, 36.506774 ], [ -86.642148, 36.50684 ], [ -86.642154, 36.507022 ], [ -86.642158, 36.507105 ], [ -86.642164, 36.507271 ], [ -86.642197, 36.50804 ], [ -86.642195, 36.508477 ], [ -86.642195, 36.508544 ], [ -86.642174, 36.509026 ], [ -86.642162, 36.509192 ], [ -86.642144, 36.509352 ], [ -86.642124, 36.509516 ], [ -86.642105, 36.509684 ], [ -86.642064, 36.509917 ], [ -86.641874, 36.510945 ], [ -86.641658, 36.511897 ], [ -86.641432, 36.512902 ], [ -86.641402, 36.513004 ], [ -86.640281, 36.516717 ], [ -86.640232, 36.516869 ], [ -86.640091, 36.517313 ], [ -86.640085, 36.517328 ], [ -86.640036, 36.517481 ], [ -86.639986, 36.517648 ], [ -86.639905, 36.517919 ], [ -86.639836, 36.518149 ], [ -86.639786, 36.518316 ], [ -86.639697, 36.518613 ], [ -86.639429, 36.519506 ], [ -86.639341, 36.519804 ], [ -86.639214, 36.520222 ], [ -86.638835, 36.521479 ], [ -86.63871, 36.521898 ], [ -86.638651, 36.522094 ], [ -86.638473, 36.522683 ], [ -86.638415, 36.52288 ], [ -86.638333, 36.523154 ], [ -86.63815, 36.523748 ], [ -86.637751, 36.525054 ], [ -86.637498, 36.525912 ], [ -86.637369, 36.526358 ], [ -86.637241, 36.526804 ], [ -86.637134, 36.527117 ], [ -86.637097, 36.527224 ], [ -86.637073, 36.527316 ], [ -86.637011, 36.527502 ], [ -86.636986, 36.527578 ], [ -86.63695, 36.527698 ], [ -86.636528, 36.529127 ], [ -86.636388, 36.529603 ], [ -86.636303, 36.529869 ], [ -86.635587, 36.532265 ], [ -86.635477, 36.53262 ], [ -86.635146, 36.533685 ], [ -86.635037, 36.534041 ], [ -86.634939, 36.534293 ], [ -86.634644, 36.53505 ], [ -86.634547, 36.535303 ], [ -86.634422, 36.535542 ], [ -86.634407, 36.535573 ], [ -86.634184, 36.536003 ], [ -86.634043, 36.536256 ], [ -86.633984, 36.536363 ], [ -86.633907, 36.536489 ], [ -86.633672, 36.536872 ], [ -86.633612, 36.536972 ], [ -86.633309, 36.537423 ], [ -86.633031, 36.537809 ], [ -86.632901, 36.537978 ], [ -86.63263, 36.538337 ], [ -86.632258, 36.538801 ], [ -86.631143, 36.540195 ], [ -86.630772, 36.54066 ], [ -86.630679, 36.540772 ], [ -86.630403, 36.54111 ], [ -86.630311, 36.541223 ], [ -86.630168, 36.541405 ], [ -86.62974, 36.541953 ], [ -86.629598, 36.542136 ], [ -86.629564, 36.542179 ], [ -86.629463, 36.542309 ], [ -86.629453, 36.542323 ], [ -86.629429, 36.542352 ], [ -86.629276, 36.542535 ], [ -86.62884, 36.543059 ], [ -86.628818, 36.543087 ], [ -86.628676, 36.543279 ], [ -86.628644, 36.543322 ], [ -86.628628, 36.543343 ], [ -86.628548, 36.54345 ], [ -86.628517, 36.543494 ], [ -86.628454, 36.543577 ], [ -86.628264, 36.543828 ], [ -86.628202, 36.543912 ], [ -86.628154, 36.543967 ], [ -86.62801, 36.544134 ], [ -86.627963, 36.54419 ], [ -86.627725, 36.544482 ], [ -86.627012, 36.545358 ], [ -86.626775, 36.545651 ], [ -86.626632, 36.54583 ], [ -86.626204, 36.546369 ], [ -86.626062, 36.546549 ], [ -86.625998, 36.546635 ], [ -86.625928, 36.54672 ], [ -86.625922, 36.546728 ], [ -86.62562, 36.547102 ], [ -86.62552, 36.547229 ], [ -86.625386, 36.547401 ], [ -86.625302, 36.547506 ], [ -86.625052, 36.547823 ], [ -86.624969, 36.547929 ], [ -86.62478, 36.548195 ], [ -86.624668, 36.54833 ], [ -86.62442, 36.548631 ], [ -86.624177, 36.548925 ], [ -86.623708, 36.54949 ], [ -86.623389, 36.549877 ], [ -86.622915, 36.550483 ], [ -86.622257, 36.551326 ], [ -86.621478, 36.552288 ], [ -86.621442, 36.552334 ], [ -86.620995, 36.552886 ], [ -86.620906, 36.552996 ], [ -86.620691, 36.55326 ], [ -86.620582, 36.553393 ], [ -86.619736, 36.554437 ], [ -86.619429, 36.554815 ], [ -86.619346, 36.554916 ], [ -86.618934, 36.555424 ], [ -86.618912, 36.55545 ], [ -86.618849, 36.555527 ], [ -86.618828, 36.555554 ], [ -86.618776, 36.555619 ], [ -86.61874, 36.555665 ], [ -86.616903, 36.557971 ], [ -86.616738, 36.558176 ], [ -86.616622, 36.558326 ], [ -86.616427, 36.558579 ], [ -86.615777, 36.559379 ], [ -86.614946, 36.560402 ], [ -86.612422, 36.563558 ], [ -86.61209, 36.563958 ], [ -86.611768, 36.564322 ], [ -86.611503, 36.564611 ], [ -86.611141, 36.56497 ], [ -86.609416, 36.566506 ], [ -86.608707, 36.567155 ], [ -86.606951, 36.568685 ], [ -86.606381, 36.569176 ], [ -86.606335, 36.569218 ], [ -86.606255, 36.569284 ], [ -86.606222, 36.569313 ], [ -86.605333, 36.570081 ], [ -86.60483, 36.570527 ], [ -86.604302, 36.571021 ], [ -86.603893, 36.57145 ], [ -86.603566, 36.571804 ], [ -86.602998, 36.572478 ], [ -86.602777, 36.572757 ], [ -86.602487, 36.573157 ], [ -86.60221, 36.573562 ], [ -86.601863, 36.574103 ], [ -86.601439, 36.574793 ], [ -86.601413, 36.574833 ], [ -86.601338, 36.574954 ], [ -86.601313, 36.574995 ], [ -86.600822, 36.575781 ], [ -86.599349, 36.578139 ], [ -86.598858, 36.578925 ], [ -86.598587, 36.579357 ], [ -86.598478, 36.579538 ], [ -86.598249, 36.579912 ], [ -86.597906, 36.58047 ], [ -86.597791, 36.580664 ], [ -86.597534, 36.581105 ], [ -86.59748, 36.581197 ], [ -86.597326, 36.581471 ], [ -86.597125, 36.581832 ], [ -86.596969, 36.582143 ], [ -86.596742, 36.582594 ], [ -86.596554, 36.582971 ], [ -86.59636, 36.58335 ], [ -86.595893, 36.584291 ], [ -86.595187, 36.585714 ], [ -86.595051, 36.585983 ], [ -86.595014, 36.586053 ], [ -86.594279, 36.587529 ], [ -86.594027, 36.587987 ], [ -86.593821, 36.588341 ], [ -86.593613, 36.588674 ], [ -86.593492, 36.588847 ], [ -86.593415, 36.588956 ], [ -86.593216, 36.58924 ], [ -86.592949, 36.589607 ], [ -86.592833, 36.589782 ], [ -86.592824, 36.589805 ], [ -86.59263, 36.590088 ], [ -86.592526, 36.590242 ], [ -86.592394, 36.59044 ], [ -86.592352, 36.590505 ], [ -86.592214, 36.590704 ], [ -86.592206, 36.590717 ], [ -86.592114, 36.590859 ], [ -86.592083, 36.590908 ], [ -86.591907, 36.59115 ], [ -86.591479, 36.591756 ], [ -86.591371, 36.59191 ], [ -86.591046, 36.592374 ], [ -86.590939, 36.592529 ], [ -86.590571, 36.593054 ], [ -86.590013, 36.593853 ], [ -86.589483, 36.594639 ], [ -86.589126, 36.595171 ], [ -86.58902, 36.595323 ], [ -86.588995, 36.59536 ], [ -86.588728, 36.595749 ], [ -86.588705, 36.595781 ], [ -86.588601, 36.595934 ], [ -86.588538, 36.596024 ], [ -86.58839, 36.596239 ], [ -86.588351, 36.596294 ], [ -86.588289, 36.596384 ], [ -86.588242, 36.596451 ], [ -86.588101, 36.596652 ], [ -86.588055, 36.59672 ], [ -86.587355, 36.597726 ], [ -86.587159, 36.598009 ], [ -86.585254, 36.600747 ], [ -86.584554, 36.601754 ], [ -86.584333, 36.602073 ], [ -86.584086, 36.602432 ], [ -86.583947, 36.602639 ], [ -86.583676, 36.603035 ], [ -86.583458, 36.603357 ], [ -86.583074, 36.603919 ], [ -86.583066, 36.603932 ], [ -86.582109, 36.605281 ], [ -86.5819, 36.605587 ], [ -86.581517, 36.60615 ], [ -86.581034, 36.606837 ], [ -86.580356, 36.607806 ], [ -86.579594, 36.608906 ], [ -86.579117, 36.609597 ], [ -86.578875, 36.609942 ], [ -86.578148, 36.61098 ], [ -86.577907, 36.611327 ], [ -86.577722, 36.611601 ], [ -86.577168, 36.612425 ], [ -86.576984, 36.6127 ], [ -86.576454, 36.613466 ], [ -86.574865, 36.615765 ], [ -86.574336, 36.616532 ], [ -86.574013, 36.616988 ], [ -86.573045, 36.618359 ], [ -86.572723, 36.618816 ], [ -86.572368, 36.619321 ], [ -86.572305, 36.61941 ], [ -86.571581, 36.620538 ], [ -86.571565, 36.620561 ], [ -86.570346, 36.622516 ], [ -86.570316, 36.622564 ], [ -86.569642, 36.623711 ], [ -86.569578, 36.623803 ], [ -86.569513, 36.623915 ], [ -86.569288, 36.624297 ], [ -86.569038, 36.624725 ], [ -86.568619, 36.625448 ], [ -86.568529, 36.625602 ], [ -86.568397, 36.625832 ], [ -86.568268, 36.626061 ], [ -86.56825, 36.626093 ], [ -86.567883, 36.626749 ], [ -86.567755, 36.626979 ], [ -86.567682, 36.62711 ], [ -86.567327, 36.62771 ], [ -86.567286, 36.627779 ], [ -86.566036, 36.6299 ], [ -86.565749, 36.630385 ], [ -86.565606, 36.63063 ], [ -86.565329, 36.631087 ], [ -86.56473, 36.632184 ], [ -86.564604, 36.632415 ], [ -86.564287, 36.632991 ], [ -86.563909, 36.633562 ], [ -86.563148, 36.633952 ], [ -86.5621, 36.63432 ], [ -86.555452, 36.636567 ], [ -86.555103, 36.636686 ], [ -86.555092, 36.63669 ], [ -86.555066, 36.636698 ], [ -86.551222, 36.637998 ], [ -86.550209, 36.643349 ], [ -86.550194, 36.643431 ], [ -86.549943, 36.644759 ], [ -86.545708, 36.644177 ], [ -86.543352, 36.643855 ], [ -86.543822, 36.640427 ], [ -86.539206, 36.641959 ], [ -86.537872, 36.6424 ], [ -86.536268, 36.642931 ], [ -86.536254, 36.642936 ], [ -86.531778, 36.644416 ], [ -86.531404, 36.64454 ], [ -86.522085, 36.647637 ], [ -86.513019, 36.650643 ], [ -86.507781, 36.652379 ], [ -86.507374, 36.652374 ], [ -86.507128, 36.652372 ], [ -86.507011, 36.652368 ], [ -86.499931, 36.652271 ], [ -86.497429, 36.652236 ], [ -86.496911, 36.652237 ], [ -86.493428, 36.65224 ], [ -86.485832, 36.652117 ], [ -86.479721, 36.652016 ], [ -86.474526, 36.651931 ], [ -86.473184, 36.651912 ], [ -86.472514, 36.651899 ], [ -86.464218, 36.651763 ], [ -86.462299, 36.651732 ], [ -86.459689, 36.651692 ], [ -86.458666, 36.651672 ], [ -86.458246, 36.651665 ], [ -86.450319, 36.651537 ], [ -86.448781, 36.651514 ], [ -86.439657, 36.651388 ], [ -86.431412, 36.651275 ], [ -86.431186, 36.651271 ], [ -86.431061, 36.65127 ], [ -86.42773, 36.651215 ], [ -86.415418, 36.650996 ], [ -86.411379, 36.650924 ], [ -86.409886, 36.65089 ], [ -86.403147, 36.650735 ], [ -86.401659, 36.650701 ], [ -86.37959, 36.650197 ], [ -86.373638, 36.650062 ], [ -86.358661, 36.649726 ], [ -86.355055, 36.649562 ], [ -86.353524, 36.649494 ], [ -86.351432, 36.649399 ], [ -86.347433, 36.64922 ], [ -86.340176, 36.648973 ], [ -86.340076, 36.648971 ], [ -86.33996, 36.648966 ], [ -86.332126, 36.648701 ], [ -86.321782, 36.647798 ], [ -86.313769, 36.647099 ], [ -86.30667, 36.64648 ], [ -86.298264, 36.645746 ], [ -86.296197, 36.645565 ], [ -86.293112, 36.645296 ], [ -86.291113, 36.645182 ], [ -86.273432, 36.644176 ], [ -86.264418, 36.643663 ], [ -86.263576, 36.643618 ], [ -86.263161, 36.64359 ], [ -86.254553, 36.643061 ], [ -86.251936, 36.642893 ], [ -86.244565, 36.642421 ], [ -86.244251, 36.642393 ], [ -86.236155, 36.641878 ], [ -86.229549, 36.641518 ], [ -86.225856, 36.641315 ], [ -86.225329, 36.641286 ], [ -86.222257, 36.641118 ], [ -86.221542, 36.641078 ], [ -86.219426, 36.640962 ], [ -86.218955, 36.640936 ], [ -86.216432, 36.640798 ], [ -86.215895, 36.640769 ], [ -86.209166, 36.6404 ], [ -86.206185, 36.640229 ], [ -86.205388, 36.640184 ], [ -86.205446, 36.639897 ], [ -86.205517, 36.63954 ], [ -86.205572, 36.639206 ], [ -86.206809, 36.63166 ], [ -86.207039, 36.63026 ], [ -86.207097, 36.629941 ], [ -86.208209, 36.625071 ], [ -86.208215, 36.625043 ], [ -86.209222, 36.615138 ], [ -86.209227, 36.615085 ], [ -86.209243, 36.614929 ], [ -86.209246, 36.614901 ], [ -86.209249, 36.614877 ], [ -86.209252, 36.614847 ], [ -86.209432, 36.61383 ], [ -86.209763, 36.61198 ], [ -86.209986, 36.61069 ], [ -86.210167, 36.609647 ], [ -86.210217, 36.609356 ], [ -86.210367, 36.608496 ], [ -86.210418, 36.60821 ], [ -86.210644, 36.6069 ], [ -86.210803, 36.605981 ], [ -86.211358, 36.602978 ], [ -86.211602, 36.601666 ], [ -86.211627, 36.601528 ], [ -86.211728, 36.60098 ], [ -86.212111, 36.598907 ], [ -86.212239, 36.598216 ], [ -86.212301, 36.597872 ], [ -86.212489, 36.59684 ], [ -86.212553, 36.596497 ], [ -86.212567, 36.596415 ], [ -86.212599, 36.596244 ], [ -86.212634, 36.596176 ], [ -86.212673, 36.596103 ], [ -86.213135, 36.593481 ], [ -86.213997, 36.588594 ], [ -86.214544, 36.585619 ], [ -86.215026, 36.583001 ], [ -86.21521, 36.582001 ], [ -86.215603, 36.579869 ], [ -86.21576, 36.579 ], [ -86.215856, 36.578474 ], [ -86.215941, 36.578 ], [ -86.215946, 36.57797 ], [ -86.215962, 36.577881 ], [ -86.215968, 36.577852 ], [ -86.216019, 36.577567 ], [ -86.216069, 36.577295 ], [ -86.216081, 36.577227 ], [ -86.216174, 36.576712 ], [ -86.216226, 36.576427 ], [ -86.216241, 36.576345 ], [ -86.216286, 36.576102 ], [ -86.216303, 36.576018 ], [ -86.216304, 36.576008 ], [ -86.216309, 36.575972 ], [ -86.216312, 36.57596 ], [ -86.216322, 36.575904 ], [ -86.216353, 36.575736 ], [ -86.216364, 36.575681 ], [ -86.216482, 36.575041 ], [ -86.216835, 36.573121 ], [ -86.216952, 36.572493 ], [ -86.216953, 36.57248 ], [ -86.216967, 36.572403 ], [ -86.21701, 36.572171 ], [ -86.217026, 36.572095 ], [ -86.21712, 36.571573 ], [ -86.217409, 36.57001 ], [ -86.217505, 36.569498 ], [ -86.217561, 36.569192 ], [ -86.217725, 36.568298 ], [ -86.217782, 36.568001 ], [ -86.217901, 36.567487 ], [ -86.218259, 36.565945 ], [ -86.218364, 36.565496 ], [ -86.218373, 36.56543 ], [ -86.218524, 36.564318 ], [ -86.218796, 36.562321 ], [ -86.21906, 36.560997 ], [ -86.219281, 36.559898 ], [ -86.219616, 36.558215 ], [ -86.220159, 36.555506 ], [ -86.220552, 36.553156 ], [ -86.220837, 36.551466 ], [ -86.220878, 36.551208 ], [ -86.221007, 36.550436 ], [ -86.221051, 36.550192 ], [ -86.221057, 36.550178 ], [ -86.221057, 36.550156 ], [ -86.221068, 36.550082 ], [ -86.221073, 36.550058 ], [ -86.221113, 36.54982 ], [ -86.221233, 36.549106 ], [ -86.221274, 36.548869 ], [ -86.22131, 36.548687 ], [ -86.22142, 36.548142 ], [ -86.221458, 36.547961 ], [ -86.221481, 36.547848 ], [ -86.221552, 36.54751 ], [ -86.221573, 36.547411 ], [ -86.221578, 36.547391 ], [ -86.221614, 36.547216 ], [ -86.221727, 36.54667 ], [ -86.221765, 36.546489 ], [ -86.221817, 36.546235 ], [ -86.221978, 36.545473 ], [ -86.222032, 36.54522 ], [ -86.222034, 36.545211 ], [ -86.222077, 36.544993 ], [ -86.222251, 36.544144 ], [ -86.222913, 36.540921 ], [ -86.223038, 36.540314 ], [ -86.223122, 36.539844 ], [ -86.223394, 36.538322 ], [ -86.224211, 36.533757 ], [ -86.224484, 36.532236 ], [ -86.224496, 36.532169 ], [ -86.224531, 36.531968 ], [ -86.224544, 36.531902 ], [ -86.224616, 36.531502 ], [ -86.224832, 36.530301 ], [ -86.224898, 36.52994 ], [ -86.224905, 36.529902 ], [ -86.224944, 36.529676 ], [ -86.225063, 36.529001 ], [ -86.225104, 36.528776 ], [ -86.22503, 36.528781 ], [ -86.224808, 36.528795 ], [ -86.224735, 36.528801 ], [ -86.224451, 36.528816 ], [ -86.223599, 36.52886 ], [ -86.223316, 36.528876 ], [ -86.223156, 36.528884 ], [ -86.222678, 36.528909 ], [ -86.22252, 36.52892 ], [ -86.218287, 36.529156 ], [ -86.217928, 36.529177 ], [ -86.218631, 36.525152 ], [ -86.214784, 36.52491 ], [ -86.21521, 36.520516 ], [ -86.21562, 36.516299 ], [ -86.215638, 36.516122 ], [ -86.215691, 36.515592 ], [ -86.215709, 36.515422 ], [ -86.215872, 36.513727 ], [ -86.215945, 36.512969 ], [ -86.216058, 36.511807 ], [ -86.216361, 36.508663 ], [ -86.216525, 36.506975 ], [ -86.217505, 36.506362 ], [ -86.218613, 36.505673 ], [ -86.218766, 36.503512 ], [ -86.218847, 36.502377 ], [ -86.218849, 36.50236 ], [ -86.218849, 36.502341 ], [ -86.218852, 36.502323 ], [ -86.218854, 36.502288 ], [ -86.218857, 36.502272 ], [ -86.218865, 36.502156 ], [ -86.218899, 36.50168 ], [ -86.218902, 36.500056 ], [ -86.218916, 36.499155 ], [ -86.218933, 36.498081 ], [ -86.221341, 36.498055 ], [ -86.222155, 36.492241 ], [ -86.222201, 36.491915 ], [ -86.222331, 36.490982 ], [ -86.224018, 36.490777 ], [ -86.224164, 36.49076 ], [ -86.224178, 36.490758 ], [ -86.22422, 36.490753 ], [ -86.224236, 36.490752 ], [ -86.225464, 36.490603 ], [ -86.225947, 36.490545 ], [ -86.225028, 36.488556 ], [ -86.226066, 36.488587 ], [ -86.227305, 36.488626 ], [ -86.227865, 36.488644 ], [ -86.227911, 36.488672 ], [ -86.228604, 36.489105 ], [ -86.228497, 36.488083 ], [ -86.228434, 36.487472 ], [ -86.228659, 36.487463 ], [ -86.229335, 36.487439 ], [ -86.229561, 36.487432 ], [ -86.230312, 36.487407 ], [ -86.23305, 36.488036 ], [ -86.233429, 36.488124 ], [ -86.233489, 36.488892 ], [ -86.234198, 36.489159 ], [ -86.235766, 36.487638 ], [ -86.235247, 36.485618 ], [ -86.237964, 36.485115 ], [ -86.238164, 36.486684 ], [ -86.238316, 36.486659 ], [ -86.239992, 36.486384 ], [ -86.239692, 36.484545 ], [ -86.239614, 36.48407 ], [ -86.239272, 36.481986 ], [ -86.238978, 36.481941 ], [ -86.237794, 36.481761 ], [ -86.236785, 36.482311 ], [ -86.235916, 36.482659 ], [ -86.235217, 36.482804 ], [ -86.235197, 36.481552 ], [ -86.233488, 36.481278 ], [ -86.2337, 36.479601 ], [ -86.234065, 36.476735 ], [ -86.234073, 36.476669 ], [ -86.234097, 36.476472 ], [ -86.234106, 36.476407 ], [ -86.234168, 36.475918 ], [ -86.234353, 36.474454 ], [ -86.234416, 36.473966 ], [ -86.234509, 36.473232 ], [ -86.234788, 36.47103 ], [ -86.234882, 36.470297 ], [ -86.234907, 36.470096 ], [ -86.234983, 36.469493 ], [ -86.235009, 36.469293 ], [ -86.235118, 36.468447 ], [ -86.235444, 36.465911 ], [ -86.235554, 36.465066 ], [ -86.235589, 36.464773 ], [ -86.235696, 36.463897 ], [ -86.235732, 36.463605 ], [ -86.235972, 36.461717 ], [ -86.236692, 36.456052 ], [ -86.236933, 36.454165 ], [ -86.23722, 36.45192 ], [ -86.243999, 36.452181 ], [ -86.246261, 36.452271 ], [ -86.246277, 36.452272 ], [ -86.246327, 36.452276 ], [ -86.246344, 36.452278 ], [ -86.24649, 36.452284 ], [ -86.247072, 36.452306 ], [ -86.24926, 36.45239 ], [ -86.249989, 36.452419 ], [ -86.249989, 36.452139 ], [ -86.249989, 36.451299 ], [ -86.249989, 36.45102 ], [ -86.250522, 36.451077 ], [ -86.252124, 36.45125 ], [ -86.252658, 36.451308 ], [ -86.253588, 36.451399 ], [ -86.25638, 36.451674 ], [ -86.257311, 36.451766 ], [ -86.258667, 36.451899 ], [ -86.262154, 36.452243 ], [ -86.262228, 36.452251 ], [ -86.262303, 36.452258 ], [ -86.262734, 36.4523 ], [ -86.264091, 36.452434 ], [ -86.264189, 36.452443 ], [ -86.264485, 36.452473 ], [ -86.264584, 36.452483 ], [ -86.264671, 36.452491 ], [ -86.264935, 36.452518 ], [ -86.265023, 36.452527 ], [ -86.265435, 36.452567 ], [ -86.266674, 36.452689 ], [ -86.267087, 36.45273 ], [ -86.267794, 36.452799 ], [ -86.268788, 36.452897 ], [ -86.268836, 36.451764 ], [ -86.268867, 36.451054 ], [ -86.268867, 36.450992 ], [ -86.268869, 36.450807 ], [ -86.26887, 36.450746 ], [ -86.268875, 36.450633 ], [ -86.268898, 36.450492 ], [ -86.268898, 36.450442 ], [ -86.269243, 36.441953 ], [ -86.269178, 36.439019 ], [ -86.269244, 36.437098 ], [ -86.269266, 36.436608 ], [ -86.269917, 36.421728 ], [ -86.269989, 36.420048 ], [ -86.269992, 36.420006 ], [ -86.270009, 36.419611 ], [ -86.270083, 36.41792 ], [ -86.270304, 36.41285 ], [ -86.270379, 36.41116 ], [ -86.270448, 36.409556 ], [ -86.270658, 36.404743 ], [ -86.270728, 36.40314 ], [ -86.270818, 36.401213 ], [ -86.271088, 36.395432 ], [ -86.271178, 36.393505 ], [ -86.271238, 36.392231 ], [ -86.27142, 36.388411 ], [ -86.271481, 36.387138 ], [ -86.271496, 36.386724 ], [ -86.271543, 36.385483 ], [ -86.271559, 36.38507 ], [ -86.271617, 36.383567 ], [ -86.27179, 36.379061 ], [ -86.271849, 36.377559 ], [ -86.271857, 36.376887 ], [ -86.271879, 36.375048 ], [ -86.27187, 36.374871 ], [ -86.271839, 36.3742 ], [ -86.271837, 36.373924 ], [ -86.271831, 36.373098 ], [ -86.27183, 36.372823 ], [ -86.27196, 36.370093 ], [ -86.272351, 36.361905 ], [ -86.272482, 36.359176 ], [ -86.272484, 36.359147 ], [ -86.272493, 36.359064 ], [ -86.272496, 36.359036 ], [ -86.272488, 36.35874 ], [ -86.274321, 36.358839 ], [ -86.274694, 36.35886 ], [ -86.276275, 36.359008 ], [ -86.276683, 36.359649 ], [ -86.276758, 36.360253 ], [ -86.277003, 36.36059 ], [ -86.277541, 36.360863 ], [ -86.278537, 36.361107 ], [ -86.279549, 36.36126 ], [ -86.280408, 36.361391 ], [ -86.281032, 36.361397 ], [ -86.281671, 36.361434 ], [ -86.281722, 36.361435 ], [ -86.281782, 36.361437 ], [ -86.281806, 36.361347 ], [ -86.28182, 36.361298 ], [ -86.281869, 36.36117 ], [ -86.282526, 36.359783 ], [ -86.282597, 36.359634 ], [ -86.283286, 36.357931 ], [ -86.283633, 36.356962 ], [ -86.283815, 36.35579 ], [ -86.284115, 36.355156 ], [ -86.284173, 36.355083 ], [ -86.284411, 36.35479 ], [ -86.284921, 36.354023 ], [ -86.285152, 36.35373 ], [ -86.28526, 36.35359 ], [ -86.285262, 36.353432 ], [ -86.285274, 36.352586 ], [ -86.285288, 36.352431 ], [ -86.285297, 36.352339 ], [ -86.285308, 36.352223 ], [ -86.285319, 36.352099 ], [ -86.285323, 36.352029 ], [ -86.28535, 36.351723 ], [ -86.285372, 36.351481 ], [ -86.285215, 36.350842 ], [ -86.285198, 36.350843 ], [ -86.284893, 36.350868 ], [ -86.284425, 36.350668 ], [ -86.284185, 36.350524 ], [ -86.28397, 36.350396 ], [ -86.283062, 36.349818 ], [ -86.282815, 36.349614 ], [ -86.2829, 36.349448 ], [ -86.283236, 36.349249 ], [ -86.283361, 36.349187 ], [ -86.283571, 36.349085 ], [ -86.283445, 36.348545 ], [ -86.28337, 36.34825 ], [ -86.28328, 36.347625 ], [ -86.283268, 36.347562 ], [ -86.283256, 36.3475 ], [ -86.287291, 36.346174 ], [ -86.289144, 36.34489 ], [ -86.290883, 36.343376 ], [ -86.291219, 36.342965 ], [ -86.291961, 36.342048 ], [ -86.292503, 36.341392 ], [ -86.292731, 36.341116 ], [ -86.29296, 36.34084 ], [ -86.294477, 36.339005 ], [ -86.295987, 36.336491 ], [ -86.296429, 36.334636 ], [ -86.29652, 36.33211 ], [ -86.296522, 36.331922 ], [ -86.296524, 36.331743 ], [ -86.296526, 36.331564 ], [ -86.296529, 36.331335 ], [ -86.296532, 36.331106 ], [ -86.296563, 36.328419 ], [ -86.296594, 36.325731 ], [ -86.296613, 36.324065 ], [ -86.296961, 36.321651 ], [ -86.297062, 36.32095 ], [ -86.297163, 36.320249 ], [ -86.297198, 36.320008 ], [ -86.297208, 36.319966 ], [ -86.297563, 36.318457 ], [ -86.297917, 36.316948 ], [ -86.298289, 36.315367 ], [ -86.298452, 36.313634 ], [ -86.299497, 36.31274 ], [ -86.300075, 36.312374 ], [ -86.301883, 36.312603 ], [ -86.30356, 36.312541 ], [ -86.307046, 36.312894 ], [ -86.310634, 36.313943 ], [ -86.315952, 36.315397 ], [ -86.32074, 36.316919 ], [ -86.326035, 36.317969 ], [ -86.330452, 36.318772 ], [ -86.333865, 36.318525 ], [ -86.336409, 36.317877 ], [ -86.339858, 36.316497 ], [ -86.344033, 36.314604 ], [ -86.344832, 36.314195 ], [ -86.344936, 36.314149 ], [ -86.345033, 36.314093 ], [ -86.348547, 36.312299 ], [ -86.348672, 36.312248 ], [ -86.350789, 36.311373 ], [ -86.354816, 36.309711 ], [ -86.356661, 36.309475 ], [ -86.358539, 36.309236 ], [ -86.360512, 36.309843 ], [ -86.361213, 36.310614 ], [ -86.362023, 36.311505 ], [ -86.361912, 36.313423 ], [ -86.361902, 36.31361 ], [ -86.361626, 36.31442 ], [ -86.361522, 36.314725 ], [ -86.361418, 36.31503 ], [ -86.361281, 36.315434 ], [ -86.360279, 36.31687 ], [ -86.35932, 36.318161 ], [ -86.356287, 36.322251 ], [ -86.355881, 36.32263 ], [ -86.354895, 36.323552 ], [ -86.353657, 36.324478 ], [ -86.353223, 36.324803 ], [ -86.352462, 36.325121 ], [ -86.351837, 36.325383 ], [ -86.349775, 36.326483 ], [ -86.349499, 36.326723 ], [ -86.349405, 36.326806 ], [ -86.348352, 36.327727 ], [ -86.346839, 36.328841 ], [ -86.346228, 36.329666 ], [ -86.346094, 36.329848 ], [ -86.346011, 36.331925 ], [ -86.34591, 36.334436 ], [ -86.345651, 36.34089 ], [ -86.346517, 36.345112 ], [ -86.348454, 36.348247 ], [ -86.350942, 36.352275 ], [ -86.351025, 36.352292 ], [ -86.351519, 36.352394 ], [ -86.352015, 36.352497 ], [ -86.352971, 36.352696 ], [ -86.354639, 36.353902 ], [ -86.355366, 36.354428 ], [ -86.355464, 36.354488 ], [ -86.356952, 36.35541 ], [ -86.358691, 36.356488 ], [ -86.36016, 36.357156 ], [ -86.360502, 36.357311 ], [ -86.360844, 36.357466 ], [ -86.361323, 36.357684 ], [ -86.361638, 36.35773 ], [ -86.361767, 36.357749 ], [ -86.362569, 36.357867 ], [ -86.363371, 36.357985 ], [ -86.363902, 36.358063 ], [ -86.364832, 36.357944 ], [ -86.366388, 36.357746 ], [ -86.368645, 36.356839 ], [ -86.369039, 36.356682 ], [ -86.369262, 36.356594 ], [ -86.369836, 36.356364 ], [ -86.370409, 36.356134 ], [ -86.370763, 36.355856 ], [ -86.371117, 36.355578 ], [ -86.371226, 36.355491 ], [ -86.372808, 36.354252 ], [ -86.37368, 36.353567 ], [ -86.374499, 36.352926 ], [ -86.374596, 36.352893 ], [ -86.374893, 36.352784 ], [ -86.374992, 36.352748 ], [ -86.375112, 36.352648 ], [ -86.375139, 36.352627 ], [ -86.37536, 36.35246 ], [ -86.375573, 36.352256 ], [ -86.3756, 36.352232 ], [ -86.375705, 36.352119 ], [ -86.375856, 36.351956 ], [ -86.375923, 36.351886 ], [ -86.376184, 36.351617 ], [ -86.376528, 36.351257 ], [ -86.376584, 36.351191 ], [ -86.376714, 36.35104 ], [ -86.376753, 36.350994 ], [ -86.376792, 36.350949 ], [ -86.376888, 36.350921 ], [ -86.377184, 36.350481 ], [ -86.377398, 36.350132 ], [ -86.377656, 36.349713 ], [ -86.377865, 36.349381 ], [ -86.378144, 36.348937 ], [ -86.378728, 36.348065 ], [ -86.379304, 36.347041 ], [ -86.379366, 36.346939 ], [ -86.37988, 36.346089 ], [ -86.380192, 36.345541 ], [ -86.38044, 36.345169 ], [ -86.380816, 36.344649 ], [ -86.381184, 36.344265 ], [ -86.381504, 36.343962 ], [ -86.381528, 36.343941 ], [ -86.381896, 36.343597 ], [ -86.382296, 36.343081 ], [ -86.382792, 36.342513 ], [ -86.383232, 36.341913 ], [ -86.38352, 36.341577 ], [ -86.383992, 36.341005 ], [ -86.384384, 36.340445 ], [ -86.3848, 36.339805 ], [ -86.385216, 36.339237 ], [ -86.385608, 36.338601 ], [ -86.385952, 36.338085 ], [ -86.386184, 36.337715 ], [ -86.38624, 36.337625 ], [ -86.386424, 36.337261 ], [ -86.3868, 36.336469 ], [ -86.386871, 36.3363 ], [ -86.387072, 36.335825 ], [ -86.387265, 36.335412 ], [ -86.387296, 36.335345 ], [ -86.387349, 36.335203 ], [ -86.387398, 36.335059 ], [ -86.387459, 36.334907 ], [ -86.38756, 36.334637 ], [ -86.387944, 36.333673 ], [ -86.388208, 36.332969 ], [ -86.388292, 36.332449 ], [ -86.388408, 36.332181 ], [ -86.388504, 36.331909 ], [ -86.388624, 36.331465 ], [ -86.388637, 36.331416 ], [ -86.388688, 36.331229 ], [ -86.388738, 36.331042 ], [ -86.388744, 36.331009 ], [ -86.388928, 36.330337 ], [ -86.389024, 36.330026 ], [ -86.38916, 36.329581 ], [ -86.389464, 36.328665 ], [ -86.389728, 36.327817 ], [ -86.389848, 36.327025 ], [ -86.389976, 36.326265 ], [ -86.390072, 36.325801 ], [ -86.390136, 36.325405 ], [ -86.390264, 36.324741 ], [ -86.390352, 36.324341 ], [ -86.390381, 36.324044 ], [ -86.390392, 36.323934 ], [ -86.390408, 36.323542 ], [ -86.39044, 36.323062 ], [ -86.39044, 36.322682 ], [ -86.390368, 36.32233 ], [ -86.390352, 36.322022 ], [ -86.390272, 36.321742 ], [ -86.390168, 36.321474 ], [ -86.39008, 36.321066 ], [ -86.390039, 36.320865 ], [ -86.389992, 36.320626 ], [ -86.389912, 36.320318 ], [ -86.389632, 36.319654 ], [ -86.389496, 36.319182 ], [ -86.389424, 36.318762 ], [ -86.389392, 36.318602 ], [ -86.38932, 36.318306 ], [ -86.389264, 36.318026 ], [ -86.3892, 36.317734 ], [ -86.38912, 36.317446 ], [ -86.389088, 36.317166 ], [ -86.389064, 36.316846 ], [ -86.389064, 36.316692 ], [ -86.389064, 36.316506 ], [ -86.38904, 36.31617 ], [ -86.38904, 36.315854 ], [ -86.389, 36.315538 ], [ -86.389008, 36.315206 ], [ -86.389008, 36.31495 ], [ -86.389016, 36.314614 ], [ -86.389048, 36.314234 ], [ -86.389072, 36.31391 ], [ -86.389128, 36.313462 ], [ -86.38916, 36.313086 ], [ -86.389217, 36.31285 ], [ -86.389232, 36.312783 ], [ -86.389248, 36.312722 ], [ -86.389292, 36.31255 ], [ -86.389315, 36.312538 ], [ -86.389385, 36.312503 ], [ -86.389408, 36.31249 ], [ -86.389455, 36.312393 ], [ -86.389636, 36.31202 ], [ -86.389661, 36.311945 ], [ -86.389888, 36.311283 ], [ -86.390162, 36.310647 ], [ -86.390374, 36.310296 ], [ -86.390436, 36.310196 ], [ -86.390778, 36.309855 ], [ -86.39088, 36.309754 ], [ -86.391186, 36.309453 ], [ -86.391289, 36.309353 ], [ -86.391403, 36.309244 ], [ -86.391452, 36.309199 ], [ -86.391624, 36.309046 ], [ -86.391642, 36.309028 ], [ -86.39175, 36.308922 ], [ -86.391863, 36.308812 ], [ -86.392201, 36.3085 ], [ -86.392794, 36.30791 ], [ -86.393113, 36.307671 ], [ -86.393699, 36.307435 ], [ -86.39408, 36.307283 ], [ -86.395583, 36.306666 ], [ -86.396823, 36.306371 ], [ -86.397711, 36.306232 ], [ -86.400468, 36.305951 ], [ -86.401068, 36.30589 ], [ -86.402791, 36.305941 ], [ -86.402819, 36.305941 ], [ -86.402904, 36.305944 ], [ -86.402933, 36.305945 ], [ -86.403123, 36.305972 ], [ -86.403693, 36.306056 ], [ -86.403883, 36.306084 ], [ -86.405004, 36.306248 ], [ -86.406157, 36.306755 ], [ -86.406175, 36.306763 ], [ -86.407812, 36.307702 ], [ -86.409961, 36.309268 ], [ -86.411927, 36.310916 ], [ -86.411961, 36.31095 ], [ -86.413166, 36.31215 ], [ -86.413732, 36.31255 ], [ -86.413744, 36.31255 ], [ -86.41378, 36.31255 ], [ -86.413792, 36.31255 ], [ -86.415072, 36.313294 ], [ -86.41544, 36.313698 ], [ -86.416248, 36.315346 ], [ -86.417304, 36.317594 ], [ -86.418027, 36.319636 ], [ -86.418112, 36.319874 ], [ -86.418552, 36.32207 ], [ -86.418288, 36.32401 ], [ -86.417784, 36.326401 ], [ -86.41778, 36.32646 ], [ -86.417712, 36.327553 ], [ -86.418392, 36.332837 ], [ -86.41884, 36.333489 ], [ -86.419428, 36.333895 ], [ -86.419704, 36.334085 ], [ -86.422552, 36.335753 ], [ -86.425448, 36.337305 ], [ -86.427892, 36.338408 ], [ -86.428008, 36.338461 ], [ -86.42889, 36.338756 ], [ -86.430937, 36.339441 ], [ -86.433665, 36.340017 ], [ -86.433782, 36.340023 ], [ -86.434096, 36.34004 ], [ -86.434411, 36.340058 ], [ -86.434913, 36.340085 ], [ -86.435681, 36.340021 ], [ -86.437184, 36.339656 ], [ -86.438225, 36.339441 ], [ -86.440251, 36.338639 ], [ -86.441993, 36.337949 ], [ -86.444737, 36.336877 ], [ -86.445014, 36.336814 ], [ -86.447305, 36.336297 ], [ -86.449633, 36.336041 ], [ -86.451721, 36.335629 ], [ -86.453825, 36.334657 ], [ -86.457073, 36.332865 ], [ -86.459414, 36.331299 ], [ -86.464589, 36.328233 ], [ -86.467479, 36.326521 ], [ -86.468031, 36.326195 ], [ -86.472606, 36.322449 ], [ -86.474093, 36.32145 ], [ -86.476172, 36.320845 ], [ -86.477322, 36.320421 ], [ -86.479115, 36.319438 ], [ -86.483229, 36.316811 ], [ -86.48382, 36.31645 ], [ -86.484875, 36.315842 ], [ -86.487306, 36.314444 ], [ -86.49047, 36.31255 ], [ -86.490871, 36.312176 ], [ -86.492549, 36.311451 ], [ -86.494304, 36.310694 ], [ -86.495954, 36.310195 ], [ -86.497023, 36.309825 ], [ -86.497698, 36.30958 ], [ -86.498044, 36.309456 ], [ -86.498731, 36.309208 ], [ -86.499418, 36.30896 ], [ -86.499533, 36.308918 ], [ -86.499878, 36.308793 ], [ -86.499994, 36.308752 ], [ -86.501234, 36.308422 ], [ -86.501978, 36.307926 ], [ -86.502002, 36.30791 ], [ -86.502818, 36.307402 ], [ -86.503538, 36.30691 ], [ -86.504205, 36.306327 ], [ -86.504266, 36.306274 ], [ -86.504942, 36.305781 ], [ -86.505434, 36.305422 ], [ -86.507114, 36.304274 ], [ -86.507402, 36.304101 ], [ -86.507544, 36.304015 ], [ -86.508562, 36.303406 ], [ -86.509276, 36.302938 ], [ -86.510002, 36.302462 ], [ -86.510653, 36.301942 ], [ -86.511298, 36.301426 ], [ -86.512146, 36.300482 ], [ -86.512268, 36.300326 ], [ -86.512754, 36.299707 ], [ -86.51313, 36.298963 ], [ -86.513426, 36.298303 ], [ -86.513762, 36.297227 ], [ -86.51425, 36.295727 ], [ -86.514818, 36.293675 ], [ -86.515794, 36.289703 ], [ -86.515975, 36.289013 ], [ -86.516994, 36.285151 ], [ -86.517036, 36.285053 ], [ -86.517165, 36.284763 ], [ -86.517208, 36.284666 ], [ -86.517698, 36.283555 ], [ -86.518434, 36.282115 ], [ -86.518866, 36.281387 ], [ -86.519451, 36.280394 ], [ -86.519474, 36.280355 ], [ -86.52005, 36.279539 ], [ -86.520578, 36.278967 ], [ -86.521002, 36.278503 ], [ -86.521282, 36.278279 ], [ -86.521642, 36.278099 ], [ -86.522074, 36.278015 ], [ -86.52309, 36.277983 ], [ -86.52453, 36.278059 ], [ -86.525399, 36.278229 ], [ -86.525465, 36.278242 ], [ -86.52561, 36.278271 ], [ -86.52633, 36.278511 ], [ -86.526986, 36.278895 ], [ -86.527794, 36.279359 ], [ -86.52869, 36.279795 ], [ -86.529458, 36.280127 ], [ -86.530386, 36.280727 ], [ -86.531362, 36.281651 ], [ -86.531615, 36.281906 ], [ -86.532277, 36.282573 ], [ -86.532458, 36.282755 ], [ -86.53357, 36.283983 ], [ -86.53373, 36.284211 ], [ -86.534346, 36.285087 ], [ -86.535082, 36.286223 ], [ -86.535946, 36.287515 ], [ -86.536954, 36.289159 ], [ -86.537826, 36.290727 ], [ -86.538506, 36.292411 ], [ -86.539005, 36.293855 ], [ -86.539106, 36.294147 ], [ -86.53957, 36.295723 ], [ -86.539662, 36.296155 ], [ -86.539922, 36.297371 ], [ -86.540162, 36.299415 ], [ -86.54033, 36.301067 ], [ -86.540258, 36.303043 ], [ -86.540082, 36.304618 ], [ -86.540082, 36.30651 ], [ -86.539943, 36.30796 ], [ -86.539922, 36.308182 ], [ -86.539922, 36.309242 ], [ -86.539954, 36.310354 ], [ -86.540194, 36.311862 ], [ -86.540594, 36.313642 ], [ -86.541058, 36.315486 ], [ -86.541394, 36.31695 ], [ -86.541658, 36.317654 ], [ -86.541906, 36.318314 ], [ -86.542378, 36.319334 ], [ -86.542494, 36.31945 ], [ -86.542538, 36.319562 ], [ -86.542922, 36.320078 ], [ -86.543272, 36.320436 ], [ -86.543434, 36.320602 ], [ -86.54417, 36.320914 ], [ -86.544946, 36.321186 ], [ -86.545738, 36.321258 ], [ -86.54606, 36.321283 ], [ -86.546194, 36.321294 ], [ -86.546578, 36.321255 ], [ -86.546666, 36.321246 ], [ -86.548082, 36.321006 ], [ -86.549338, 36.320662 ], [ -86.550826, 36.320062 ], [ -86.551477, 36.319756 ], [ -86.552018, 36.319502 ], [ -86.552811, 36.319082 ], [ -86.552842, 36.319066 ], [ -86.553994, 36.31821 ], [ -86.555698, 36.316634 ], [ -86.556871, 36.315331 ], [ -86.557042, 36.315142 ], [ -86.558514, 36.313614 ], [ -86.55937, 36.312626 ], [ -86.559399, 36.312616 ], [ -86.559673, 36.312321 ], [ -86.560228, 36.311723 ], [ -86.561156, 36.310726 ], [ -86.561929, 36.309894 ], [ -86.562341, 36.309452 ], [ -86.563627, 36.308067 ], [ -86.564467, 36.307164 ], [ -86.564623, 36.306996 ], [ -86.564897, 36.306702 ], [ -86.565176, 36.306402 ], [ -86.565292, 36.306269 ], [ -86.565453, 36.306053 ], [ -86.565544, 36.305908 ], [ -86.565609, 36.305789 ], [ -86.565671, 36.305662 ], [ -86.565734, 36.305508 ], [ -86.565795, 36.30532 ], [ -86.565832, 36.305152 ] ] ] } },
{ "type": "Feature", "properties": { "STATEFP": "47", "COUNTYFP": "081", "COUNTYNS": "01639756", "GEOID": "47081", "GEOIDFQ": "0500000US47081", "NAME": "Hickman", "NAMELSAD": "Hickman County", "LSAD": "06", "CLASSFP": "H1", "MTFCC": "G4020", "CSAFP": "400", "CBSAFP": "34980", "METDIVFP": null, "FUNCSTAT": "A", "ALAND": 1586324712, "AWATER": 373710, "INTPTLAT": "+35.8023275", "INTPTLON": "-087.4671159" }, "geometry": { "type": "Polygon", "coordinates": [ [ [ -87.307867, 35.686128 ], [ -87.30837, 35.684286 ], [ -87.308624, 35.683589 ], [ -87.308662, 35.683481 ], [ -87.308779, 35.683159 ], [ -87.308819, 35.683054 ], [ -87.309313, 35.681695 ], [ -87.309785, 35.680405 ], [ -87.312259, 35.678775 ], [ -87.312807, 35.678415 ], [ -87.313469, 35.677981 ], [ -87.313565, 35.677917 ], [ -87.313852, 35.677728 ], [ -87.313949, 35.677665 ], [ -87.314908, 35.677032 ], [ -87.317787, 35.675135 ], [ -87.318747, 35.674504 ], [ -87.318784, 35.674479 ], [ -87.318855, 35.674433 ], [ -87.318896, 35.674406 ], [ -87.318934, 35.674382 ], [ -87.319019, 35.674353 ], [ -87.319274, 35.674266 ], [ -87.31936, 35.674238 ], [ -87.319303, 35.673939 ], [ -87.319129, 35.673336 ], [ -87.319016, 35.67301 ], [ -87.318682, 35.67269 ], [ -87.318367, 35.672362 ], [ -87.318151, 35.672043 ], [ -87.317786, 35.67154 ], [ -87.317853, 35.670931 ], [ -87.317861, 35.670674 ], [ -87.317811, 35.670305 ], [ -87.317858, 35.670008 ], [ -87.317907, 35.669933 ], [ -87.318513, 35.669012 ], [ -87.318568, 35.668926 ], [ -87.319163, 35.668092 ], [ -87.31934, 35.666326 ], [ -87.319357, 35.666159 ], [ -87.319471, 35.665155 ], [ -87.31951, 35.664841 ], [ -87.320129, 35.663976 ], [ -87.320641, 35.662711 ], [ -87.320632, 35.662621 ], [ -87.320707, 35.662574 ], [ -87.321042, 35.661845 ], [ -87.321066, 35.661803 ], [ -87.321142, 35.66168 ], [ -87.321167, 35.661639 ], [ -87.321631, 35.660883 ], [ -87.323651, 35.659051 ], [ -87.324096, 35.658919 ], [ -87.324087, 35.658679 ], [ -87.324423, 35.658492 ], [ -87.324893, 35.658194 ], [ -87.325024, 35.658061 ], [ -87.325147, 35.657927 ], [ -87.325284, 35.657768 ], [ -87.325398, 35.657771 ], [ -87.325702, 35.657782 ], [ -87.325746, 35.657782 ], [ -87.325863, 35.657787 ], [ -87.326453, 35.657784 ], [ -87.326688, 35.657783 ], [ -87.327513, 35.657881 ], [ -87.327844, 35.658115 ], [ -87.328053, 35.658328 ], [ -87.328467, 35.65875 ], [ -87.329087, 35.658982 ], [ -87.329993, 35.658844 ], [ -87.330612, 35.658741 ], [ -87.330698, 35.658716 ], [ -87.334193, 35.657721 ], [ -87.335139, 35.657482 ], [ -87.33613, 35.657579 ], [ -87.336955, 35.65771 ], [ -87.337328, 35.657955 ], [ -87.33741, 35.65801 ], [ -87.338157, 35.658712 ], [ -87.338613, 35.659012 ], [ -87.339232, 35.65911 ], [ -87.340401, 35.659179 ], [ -87.340949, 35.659125 ], [ -87.342215, 35.659001 ], [ -87.342832, 35.658768 ], [ -87.343324, 35.658448 ], [ -87.343654, 35.658418 ], [ -87.344068, 35.658533 ], [ -87.344981, 35.659168 ], [ -87.345702, 35.659452 ], [ -87.346223, 35.659657 ], [ -87.34676, 35.659743 ], [ -87.347379, 35.659742 ], [ -87.348243, 35.659392 ], [ -87.34841, 35.659047 ], [ -87.348567, 35.658725 ], [ -87.348688, 35.658435 ], [ -87.349059, 35.658347 ], [ -87.349596, 35.658432 ], [ -87.350133, 35.658518 ], [ -87.351285, 35.658225 ], [ -87.3517, 35.657773 ], [ -87.35198, 35.65747 ], [ -87.352427, 35.656687 ], [ -87.352463, 35.656315 ], [ -87.352503, 35.655904 ], [ -87.35243, 35.655202 ], [ -87.352413, 35.65503 ], [ -87.352393, 35.654832 ], [ -87.352543, 35.654862 ], [ -87.352806, 35.654921 ], [ -87.353322, 35.655037 ], [ -87.35377, 35.655249 ], [ -87.353978, 35.655377 ], [ -87.354073, 35.655436 ], [ -87.35425, 35.655693 ], [ -87.354305, 35.655699 ], [ -87.354841, 35.655757 ], [ -87.355118, 35.655759 ], [ -87.35602, 35.655766 ], [ -87.356639, 35.655976 ], [ -87.357448, 35.656659 ], [ -87.357709, 35.65688 ], [ -87.357633, 35.657348 ], [ -87.357627, 35.657404 ], [ -87.357601, 35.65763 ], [ -87.357527, 35.658311 ], [ -87.357502, 35.658539 ], [ -87.357379, 35.659514 ], [ -87.357818, 35.659269 ], [ -87.361712, 35.657104 ], [ -87.363011, 35.656383 ], [ -87.365778, 35.654802 ], [ -87.37408, 35.650059 ], [ -87.375013, 35.649527 ], [ -87.376864, 35.648509 ], [ -87.376908, 35.648485 ], [ -87.379463, 35.647082 ], [ -87.380068, 35.64675 ], [ -87.382231, 35.645557 ], [ -87.387252, 35.642786 ], [ -87.389849, 35.641354 ], [ -87.38996, 35.641293 ], [ -87.392343, 35.63986 ], [ -87.3926, 35.639706 ], [ -87.395107, 35.63829 ], [ -87.395193, 35.638242 ], [ -87.399935, 35.635564 ], [ -87.402468, 35.634135 ], [ -87.40286, 35.633913 ], [ -87.404035, 35.633249 ], [ -87.404428, 35.633028 ], [ -87.404522, 35.632974 ], [ -87.404806, 35.632814 ], [ -87.404901, 35.632761 ], [ -87.405411, 35.632473 ], [ -87.407625, 35.631224 ], [ -87.409697, 35.630056 ], [ -87.415756, 35.626539 ], [ -87.418287, 35.625071 ], [ -87.41847, 35.624984 ], [ -87.418709, 35.62487 ], [ -87.428105, 35.623208 ], [ -87.432454, 35.622447 ], [ -87.436702, 35.621704 ], [ -87.44832, 35.619672 ], [ -87.448529, 35.619518 ], [ -87.448577, 35.619493 ], [ -87.448633, 35.619461 ], [ -87.449652, 35.619678 ], [ -87.449888, 35.619717 ], [ -87.450052, 35.619744 ], [ -87.450546, 35.619825 ], [ -87.450711, 35.619853 ], [ -87.450981, 35.619898 ], [ -87.451203, 35.619935 ], [ -87.451795, 35.620006 ], [ -87.45197, 35.620027 ], [ -87.45201, 35.620032 ], [ -87.452067, 35.620039 ], [ -87.452064, 35.620021 ], [ -87.452035, 35.619918 ], [ -87.451979, 35.619822 ], [ -87.451907, 35.619734 ], [ -87.451887, 35.619702 ], [ -87.451813, 35.619609 ], [ -87.451779, 35.619444 ], [ -87.451813, 35.619103 ], [ -87.451867, 35.6189 ], [ -87.451961, 35.618608 ], [ -87.452203, 35.617971 ], [ -87.452311, 35.617663 ], [ -87.452358, 35.617443 ], [ -87.452364, 35.6173 ], [ -87.452358, 35.617218 ], [ -87.452337, 35.617193 ], [ -87.452314, 35.617164 ], [ -87.452221, 35.617114 ], [ -87.452143, 35.616953 ], [ -87.452004, 35.616669 ], [ -87.452112, 35.616494 ], [ -87.452184, 35.616408 ], [ -87.452344, 35.61604 ], [ -87.452883, 35.616087 ], [ -87.453827, 35.616171 ], [ -87.45666, 35.616423 ], [ -87.457605, 35.616507 ], [ -87.457666, 35.616511 ], [ -87.45785, 35.616526 ], [ -87.457912, 35.616531 ], [ -87.457955, 35.616345 ], [ -87.458085, 35.61579 ], [ -87.458129, 35.615605 ], [ -87.458226, 35.615565 ], [ -87.458466, 35.615468 ], [ -87.458466, 35.615411 ], [ -87.458466, 35.615307 ], [ -87.458625, 35.61528 ], [ -87.459102, 35.615202 ], [ -87.459262, 35.615176 ], [ -87.459326, 35.615165 ], [ -87.459522, 35.615134 ], [ -87.459587, 35.615124 ], [ -87.460102, 35.615257 ], [ -87.461648, 35.615657 ], [ -87.462164, 35.615791 ], [ -87.462379, 35.615852 ], [ -87.462932, 35.616011 ], [ -87.463029, 35.616036 ], [ -87.463248, 35.616094 ], [ -87.463526, 35.616166 ], [ -87.46388, 35.61627 ], [ -87.466886, 35.617109 ], [ -87.473403, 35.618929 ], [ -87.476972, 35.619925 ], [ -87.480335, 35.620864 ], [ -87.483839, 35.621828 ], [ -87.494351, 35.624721 ], [ -87.495626, 35.625072 ], [ -87.49748, 35.625684 ], [ -87.497822, 35.625798 ], [ -87.498, 35.625856 ], [ -87.498535, 35.626033 ], [ -87.498714, 35.626092 ], [ -87.499551, 35.626219 ], [ -87.500016, 35.626291 ], [ -87.502015, 35.626828 ], [ -87.502833, 35.627049 ], [ -87.50297, 35.627086 ], [ -87.503842, 35.62732 ], [ -87.506873, 35.628136 ], [ -87.50779, 35.628383 ], [ -87.507886, 35.628374 ], [ -87.507973, 35.628374 ], [ -87.508235, 35.628374 ], [ -87.508323, 35.628374 ], [ -87.509848, 35.628216 ], [ -87.512295, 35.627963 ], [ -87.514426, 35.62775 ], [ -87.515953, 35.627599 ], [ -87.51652, 35.627542 ], [ -87.518221, 35.627372 ], [ -87.518789, 35.627316 ], [ -87.518843, 35.62731 ], [ -87.518933, 35.627302 ], [ -87.519005, 35.627294 ], [ -87.519059, 35.627289 ], [ -87.520047, 35.62719 ], [ -87.520446, 35.62715 ], [ -87.52461, 35.626736 ], [ -87.525683, 35.62663 ], [ -87.525999, 35.626599 ], [ -87.526087, 35.626589 ], [ -87.526352, 35.626562 ], [ -87.526441, 35.626554 ], [ -87.529021, 35.626298 ], [ -87.52999, 35.626203 ], [ -87.529671, 35.62773 ], [ -87.534901, 35.628143 ], [ -87.536737, 35.628288 ], [ -87.537486, 35.628352 ], [ -87.537786, 35.628377 ], [ -87.538689, 35.628454 ], [ -87.538786, 35.628463 ], [ -87.538912, 35.628474 ], [ -87.53899, 35.628481 ], [ -87.541049, 35.628658 ], [ -87.541796, 35.628723 ], [ -87.547138, 35.629813 ], [ -87.548599, 35.630112 ], [ -87.549016, 35.630198 ], [ -87.549164, 35.630228 ], [ -87.549215, 35.630241 ], [ -87.549256, 35.630252 ], [ -87.54937, 35.630227 ], [ -87.549422, 35.630217 ], [ -87.549495, 35.630316 ], [ -87.549558, 35.630401 ], [ -87.549646, 35.630649 ], [ -87.549688, 35.630766 ], [ -87.549951, 35.631501 ], [ -87.550031, 35.63159 ], [ -87.551835, 35.633601 ], [ -87.552437, 35.634272 ], [ -87.553524, 35.635555 ], [ -87.554015, 35.636134 ], [ -87.554366, 35.636685 ], [ -87.554638, 35.637871 ], [ -87.554797, 35.638078 ], [ -87.555308, 35.638383 ], [ -87.556705, 35.638753 ], [ -87.556814, 35.638792 ], [ -87.558397, 35.639363 ], [ -87.558964, 35.639564 ], [ -87.561853, 35.640537 ], [ -87.562125, 35.640639 ], [ -87.56277, 35.640983 ], [ -87.563303, 35.642448 ], [ -87.563612, 35.642929 ], [ -87.56392, 35.643204 ], [ -87.564153, 35.643266 ], [ -87.565043, 35.643502 ], [ -87.565463, 35.643845 ], [ -87.565576, 35.644326 ], [ -87.56552, 35.645792 ], [ -87.565435, 35.646135 ], [ -87.56552, 35.647761 ], [ -87.565688, 35.648174 ], [ -87.566025, 35.64854 ], [ -87.566923, 35.649158 ], [ -87.567259, 35.649502 ], [ -87.56841, 35.651815 ], [ -87.568831, 35.652296 ], [ -87.569336, 35.652296 ], [ -87.570739, 35.651998 ], [ -87.571244, 35.651998 ], [ -87.572675, 35.652227 ], [ -87.574807, 35.652203 ], [ -87.577136, 35.652363 ], [ -87.578286, 35.652225 ], [ -87.579931, 35.65176 ], [ -87.581288, 35.651377 ], [ -87.58213, 35.651286 ], [ -87.583421, 35.65156 ], [ -87.585918, 35.652659 ], [ -87.586676, 35.653117 ], [ -87.586867, 35.653304 ], [ -87.588349, 35.651885 ], [ -87.58941, 35.65087 ], [ -87.591607, 35.648766 ], [ -87.592948, 35.647813 ], [ -87.593657, 35.64731 ], [ -87.594292, 35.64686 ], [ -87.594622, 35.646626 ], [ -87.594852, 35.646463 ], [ -87.595371, 35.646368 ], [ -87.595481, 35.646362 ], [ -87.595981, 35.646336 ], [ -87.596177, 35.646326 ], [ -87.598223, 35.646066 ], [ -87.598484, 35.646034 ], [ -87.599138, 35.645964 ], [ -87.599179, 35.645948 ], [ -87.599214, 35.645941 ], [ -87.59929, 35.645907 ], [ -87.599348, 35.645872 ], [ -87.599407, 35.645852 ], [ -87.599592, 35.645757 ], [ -87.599786, 35.645646 ], [ -87.599829, 35.645633 ], [ -87.600107, 35.645482 ], [ -87.600359, 35.645351 ], [ -87.600419, 35.645331 ], [ -87.600596, 35.645235 ], [ -87.600697, 35.645167 ], [ -87.600721, 35.645167 ], [ -87.600848, 35.645061 ], [ -87.601001, 35.644864 ], [ -87.601059, 35.644799 ], [ -87.601076, 35.644782 ], [ -87.60111, 35.64472 ], [ -87.601203, 35.644603 ], [ -87.601228, 35.644556 ], [ -87.601271, 35.644497 ], [ -87.601279, 35.644473 ], [ -87.601304, 35.644445 ], [ -87.601372, 35.644309 ], [ -87.601406, 35.644253 ], [ -87.601499, 35.644144 ], [ -87.601541, 35.644109 ], [ -87.601996, 35.643725 ], [ -87.602106, 35.643642 ], [ -87.602224, 35.643608 ], [ -87.602275, 35.643608 ], [ -87.602485, 35.643636 ], [ -87.602708, 35.643633 ], [ -87.602801, 35.643619 ], [ -87.60288, 35.643602 ], [ -87.602981, 35.643541 ], [ -87.603015, 35.643506 ], [ -87.603032, 35.643472 ], [ -87.603054, 35.643235 ], [ -87.603055, 35.643179 ], [ -87.603061, 35.643133 ], [ -87.603088, 35.64308 ], [ -87.603126, 35.643025 ], [ -87.603198, 35.642971 ], [ -87.60326, 35.642936 ], [ -87.603396, 35.642891 ], [ -87.603539, 35.642854 ], [ -87.603568, 35.642851 ], [ -87.603632, 35.642833 ], [ -87.603746, 35.642816 ], [ -87.603841, 35.642792 ], [ -87.603871, 35.642789 ], [ -87.604086, 35.642724 ], [ -87.604169, 35.642686 ], [ -87.604263, 35.642634 ], [ -87.604305, 35.642601 ], [ -87.604442, 35.642461 ], [ -87.604491, 35.642354 ], [ -87.604517, 35.642278 ], [ -87.604584, 35.64212 ], [ -87.604678, 35.641921 ], [ -87.604686, 35.641893 ], [ -87.60472, 35.641845 ], [ -87.604813, 35.641687 ], [ -87.604897, 35.641584 ], [ -87.604915, 35.641543 ], [ -87.604982, 35.64144 ], [ -87.604998, 35.641392 ], [ -87.605066, 35.641303 ], [ -87.605075, 35.641275 ], [ -87.605168, 35.641152 ], [ -87.605244, 35.641021 ], [ -87.605304, 35.640864 ], [ -87.605346, 35.640774 ], [ -87.60538, 35.640685 ], [ -87.605414, 35.640637 ], [ -87.605447, 35.640574 ], [ -87.605532, 35.640472 ], [ -87.605574, 35.640429 ], [ -87.605659, 35.640345 ], [ -87.605726, 35.640266 ], [ -87.605743, 35.640231 ], [ -87.605777, 35.640183 ], [ -87.605836, 35.640067 ], [ -87.605895, 35.639881 ], [ -87.605943, 35.639644 ], [ -87.605955, 35.639621 ], [ -87.605964, 35.639517 ], [ -87.605989, 35.639476 ], [ -87.60597, 35.639447 ], [ -87.605984, 35.639344 ], [ -87.606019, 35.639205 ], [ -87.606041, 35.63916 ], [ -87.606074, 35.639057 ], [ -87.606101, 35.638885 ], [ -87.606142, 35.638721 ], [ -87.606215, 35.638576 ], [ -87.606227, 35.638542 ], [ -87.606261, 35.638501 ], [ -87.60627, 35.638473 ], [ -87.606306, 35.638431 ], [ -87.606369, 35.638358 ], [ -87.606375, 35.63835 ], [ -87.606396, 35.638326 ], [ -87.606403, 35.638319 ], [ -87.606394, 35.638248 ], [ -87.60639, 35.638215 ], [ -87.60636, 35.637969 ], [ -87.606351, 35.637905 ], [ -87.606339, 35.637802 ], [ -87.606309, 35.637561 ], [ -87.606533, 35.637172 ], [ -87.60673, 35.637034 ], [ -87.606794, 35.636851 ], [ -87.606827, 35.636757 ], [ -87.60685, 35.63669 ], [ -87.606937, 35.636444 ], [ -87.60701, 35.636233 ], [ -87.607626, 35.63566 ], [ -87.608552, 35.634995 ], [ -87.609141, 35.63472 ], [ -87.609904, 35.634596 ], [ -87.611132, 35.634399 ], [ -87.611182, 35.634382 ], [ -87.611638, 35.634227 ], [ -87.612759, 35.633849 ], [ -87.61299, 35.633722 ], [ -87.613004, 35.633715 ], [ -87.613264, 35.633573 ], [ -87.613304, 35.633408 ], [ -87.613376, 35.633115 ], [ -87.6136, 35.633066 ], [ -87.614217, 35.632932 ], [ -87.615179, 35.632892 ], [ -87.615463, 35.63288 ], [ -87.61571, 35.63287 ], [ -87.615756, 35.632867 ], [ -87.615872, 35.632862 ], [ -87.618044, 35.632982 ], [ -87.618407, 35.633086 ], [ -87.618639, 35.633416 ], [ -87.618688, 35.633485 ], [ -87.618933, 35.633515 ], [ -87.619286, 35.63335 ], [ -87.619681, 35.633165 ], [ -87.620711, 35.632897 ], [ -87.622325, 35.632836 ], [ -87.623018, 35.632761 ], [ -87.623267, 35.632749 ], [ -87.623391, 35.632744 ], [ -87.623278, 35.631875 ], [ -87.623025, 35.631463 ], [ -87.622492, 35.631051 ], [ -87.620163, 35.629953 ], [ -87.619193, 35.629414 ], [ -87.618928, 35.629266 ], [ -87.618825, 35.629179 ], [ -87.618786, 35.629146 ], [ -87.618582, 35.628974 ], [ -87.618142, 35.628603 ], [ -87.61803, 35.628411 ], [ -87.617897, 35.628182 ], [ -87.617889, 35.628168 ], [ -87.617855, 35.628045 ], [ -87.617741, 35.627631 ], [ -87.617703, 35.627493 ], [ -87.617678, 35.627403 ], [ -87.617604, 35.627135 ], [ -87.61758, 35.627046 ], [ -87.617638, 35.625069 ], [ -87.617711, 35.624166 ], [ -87.617736, 35.62386 ], [ -87.618396, 35.623817 ], [ -87.618123, 35.619428 ], [ -87.620671, 35.619258 ], [ -87.621055, 35.61933 ], [ -87.621385, 35.619382 ], [ -87.622662, 35.619583 ], [ -87.623921, 35.619661 ], [ -87.62425, 35.619682 ], [ -87.624454, 35.619422 ], [ -87.624464, 35.61941 ], [ -87.624519, 35.619327 ], [ -87.624548, 35.619293 ], [ -87.624649, 35.619114 ], [ -87.624766, 35.61888 ], [ -87.62482, 35.618744 ], [ -87.624975, 35.618578 ], [ -87.625019, 35.618532 ], [ -87.625058, 35.618479 ], [ -87.625075, 35.618444 ], [ -87.625194, 35.618329 ], [ -87.625214, 35.618313 ], [ -87.625234, 35.61829 ], [ -87.625262, 35.618267 ], [ -87.62528, 35.618253 ], [ -87.625418, 35.618142 ], [ -87.62551, 35.618057 ], [ -87.625617, 35.617971 ], [ -87.62567, 35.61793 ], [ -87.625712, 35.617882 ], [ -87.625755, 35.617779 ], [ -87.625779, 35.617662 ], [ -87.62578, 35.6176 ], [ -87.625796, 35.61749 ], [ -87.625849, 35.617348 ], [ -87.625902, 35.616903 ], [ -87.625964, 35.61673 ], [ -87.626001, 35.61663 ], [ -87.626058, 35.616487 ], [ -87.6261, 35.616432 ], [ -87.626175, 35.616353 ], [ -87.627139, 35.615779 ], [ -87.627102, 35.615949 ], [ -87.626295, 35.619752 ], [ -87.626062, 35.620853 ], [ -87.626191, 35.620966 ], [ -87.626729, 35.621116 ], [ -87.626823, 35.621143 ], [ -87.627434, 35.621166 ], [ -87.628174, 35.621205 ], [ -87.628401, 35.62119 ], [ -87.628959, 35.621156 ], [ -87.63168, 35.620448 ], [ -87.631948, 35.620229 ], [ -87.631989, 35.620196 ], [ -87.631989, 35.619601 ], [ -87.632073, 35.619417 ], [ -87.632522, 35.619257 ], [ -87.632719, 35.618914 ], [ -87.632691, 35.618021 ], [ -87.632944, 35.617723 ], [ -87.632972, 35.617357 ], [ -87.632776, 35.61715 ], [ -87.632889, 35.616486 ], [ -87.633394, 35.616258 ], [ -87.633618, 35.616029 ], [ -87.633759, 35.615456 ], [ -87.634404, 35.615273 ], [ -87.634713, 35.615067 ], [ -87.634993, 35.614541 ], [ -87.635358, 35.614358 ], [ -87.636312, 35.614266 ], [ -87.636889, 35.614611 ], [ -87.637461, 35.614954 ], [ -87.638022, 35.61516 ], [ -87.638527, 35.615046 ], [ -87.638976, 35.614817 ], [ -87.639848, 35.614817 ], [ -87.639957, 35.614817 ], [ -87.639978, 35.614808 ], [ -87.640182, 35.614726 ], [ -87.640298, 35.614591 ], [ -87.640385, 35.614491 ], [ -87.640855, 35.613947 ], [ -87.640937, 35.613891 ], [ -87.641332, 35.613627 ], [ -87.642931, 35.613078 ], [ -87.643156, 35.612894 ], [ -87.643492, 35.61262 ], [ -87.643858, 35.612501 ], [ -87.643995, 35.612455 ], [ -87.644053, 35.612437 ], [ -87.644357, 35.612218 ], [ -87.644475, 35.612134 ], [ -87.644531, 35.612094 ], [ -87.644597, 35.611891 ], [ -87.644727, 35.611498 ], [ -87.64498, 35.611247 ], [ -87.645052, 35.611221 ], [ -87.64532, 35.61113 ], [ -87.645358, 35.611116 ], [ -87.645474, 35.611076 ], [ -87.645513, 35.611063 ], [ -87.646111, 35.61094 ], [ -87.646426, 35.610722 ], [ -87.646534, 35.61044 ], [ -87.64677, 35.609996 ], [ -87.646848, 35.609851 ], [ -87.647065, 35.609698 ], [ -87.64743, 35.609721 ], [ -87.648061, 35.610002 ], [ -87.648968, 35.609815 ], [ -87.649718, 35.609751 ], [ -87.650793, 35.609999 ], [ -87.651079, 35.60991 ], [ -87.651873, 35.60968 ], [ -87.651883, 35.609676 ], [ -87.653601, 35.60918 ], [ -87.653691, 35.609189 ], [ -87.653899, 35.609211 ], [ -87.653957, 35.609239 ], [ -87.654039, 35.60928 ], [ -87.654768, 35.609211 ], [ -87.654791, 35.609206 ], [ -87.656086, 35.608937 ], [ -87.656394, 35.60896 ], [ -87.65701, 35.609127 ], [ -87.65774, 35.609326 ], [ -87.657829, 35.60933 ], [ -87.658099, 35.609344 ], [ -87.658189, 35.609349 ], [ -87.659142, 35.609326 ], [ -87.660235, 35.608937 ], [ -87.660341, 35.60895 ], [ -87.660661, 35.608991 ], [ -87.660768, 35.609005 ], [ -87.660818, 35.609051 ], [ -87.660969, 35.609189 ], [ -87.66102, 35.609235 ], [ -87.661069, 35.609414 ], [ -87.66116, 35.609738 ], [ -87.661297, 35.609912 ], [ -87.661413, 35.610059 ], [ -87.661497, 35.610214 ], [ -87.661749, 35.610677 ], [ -87.661749, 35.610861 ], [ -87.661613, 35.610885 ], [ -87.661497, 35.610906 ], [ -87.661343, 35.611155 ], [ -87.661272, 35.611273 ], [ -87.660767, 35.612532 ], [ -87.660767, 35.61338 ], [ -87.660991, 35.613792 ], [ -87.661496, 35.614365 ], [ -87.663028, 35.615524 ], [ -87.663454, 35.615721 ], [ -87.66376, 35.61589 ], [ -87.664669, 35.616855 ], [ -87.665489, 35.617772 ], [ -87.665864, 35.617941 ], [ -87.667028, 35.618334 ], [ -87.667394, 35.618462 ], [ -87.668075, 35.619025 ], [ -87.668726, 35.619273 ], [ -87.669131, 35.619514 ], [ -87.67079, 35.620672 ], [ -87.671363, 35.621058 ], [ -87.67231, 35.621064 ], [ -87.67313, 35.621812 ], [ -87.67317, 35.622231 ], [ -87.67324, 35.622545 ], [ -87.673398, 35.622819 ], [ -87.67404, 35.623019 ], [ -87.674444, 35.623252 ], [ -87.674761, 35.623598 ], [ -87.675106, 35.623807 ], [ -87.675758, 35.624192 ], [ -87.675759, 35.624547 ], [ -87.676193, 35.625069 ], [ -87.676371, 35.625424 ], [ -87.676451, 35.625755 ], [ -87.676451, 35.626054 ], [ -87.676452, 35.62657 ], [ -87.676483, 35.627054 ], [ -87.676592, 35.627376 ], [ -87.676818, 35.627497 ], [ -87.677641, 35.627496 ], [ -87.677729, 35.627496 ], [ -87.67792, 35.627496 ], [ -87.67858, 35.627472 ], [ -87.679732, 35.627834 ], [ -87.680244, 35.628269 ], [ -87.680511, 35.628583 ], [ -87.68057, 35.628882 ], [ -87.680807, 35.629398 ], [ -87.681024, 35.629575 ], [ -87.681526, 35.629638 ], [ -87.683268, 35.629774 ], [ -87.683879, 35.629951 ], [ -87.684224, 35.630289 ], [ -87.684441, 35.630693 ], [ -87.684747, 35.63087 ], [ -87.685279, 35.631144 ], [ -87.685525, 35.63141 ], [ -87.685669, 35.631717 ], [ -87.685669, 35.632118 ], [ -87.685865, 35.632393 ], [ -87.686541, 35.63275 ], [ -87.686819, 35.632897 ], [ -87.687072, 35.633149 ], [ -87.687044, 35.63347 ], [ -87.686891, 35.633702 ], [ -87.68743, 35.634093 ], [ -87.687445, 35.634096 ], [ -87.688176, 35.634283 ], [ -87.689459, 35.634138 ], [ -87.689574, 35.634126 ], [ -87.690126, 35.634251 ], [ -87.690501, 35.634336 ], [ -87.690817, 35.634409 ], [ -87.691629, 35.634234 ], [ -87.692006, 35.634154 ], [ -87.692921, 35.634509 ], [ -87.69327, 35.635018 ], [ -87.693858, 35.635875 ], [ -87.694648, 35.636199 ], [ -87.695822, 35.637089 ], [ -87.696733, 35.638191 ], [ -87.696838, 35.638318 ], [ -87.697091, 35.63855 ], [ -87.6981, 35.638133 ], [ -87.698141, 35.638139 ], [ -87.698152, 35.638141 ], [ -87.698285, 35.63803 ], [ -87.698669, 35.63803 ], [ -87.699575, 35.638271 ], [ -87.700127, 35.638682 ], [ -87.700945, 35.639197 ], [ -87.701979, 35.639252 ], [ -87.702668, 35.639389 ], [ -87.702973, 35.639647 ], [ -87.703112, 35.640139 ], [ -87.703144, 35.640248 ], [ -87.703261, 35.640647 ], [ -87.703518, 35.640969 ], [ -87.704248, 35.641348 ], [ -87.704996, 35.641468 ], [ -87.705774, 35.641499 ], [ -87.705898, 35.641521 ], [ -87.706355, 35.641604 ], [ -87.706518, 35.641722 ], [ -87.707489, 35.642425 ], [ -87.707706, 35.642699 ], [ -87.707786, 35.643232 ], [ -87.708003, 35.64353 ], [ -87.708172, 35.644022 ], [ -87.708064, 35.644288 ], [ -87.707917, 35.644651 ], [ -87.708017, 35.645079 ], [ -87.708057, 35.645353 ], [ -87.708264, 35.645546 ], [ -87.708677, 35.645578 ], [ -87.708883, 35.645535 ], [ -87.709415, 35.645424 ], [ -87.709997, 35.645314 ], [ -87.710556, 35.645286 ], [ -87.710673, 35.645327 ], [ -87.711057, 35.645469 ], [ -87.711286, 35.645696 ], [ -87.711365, 35.645914 ], [ -87.711412, 35.646061 ], [ -87.711474, 35.646253 ], [ -87.711711, 35.646438 ], [ -87.711798, 35.646662 ], [ -87.71184, 35.646769 ], [ -87.711889, 35.646954 ], [ -87.712103, 35.646901 ], [ -87.7132, 35.646627 ], [ -87.714219, 35.646373 ], [ -87.714457, 35.646314 ], [ -87.714638, 35.646335 ], [ -87.715137, 35.646393 ], [ -87.715237, 35.646457 ], [ -87.715609, 35.646724 ], [ -87.716194, 35.646744 ], [ -87.716515, 35.646755 ], [ -87.716791, 35.646907 ], [ -87.717362, 35.647222 ], [ -87.718073, 35.647835 ], [ -87.718664, 35.648326 ], [ -87.718813, 35.648713 ], [ -87.718901, 35.648883 ], [ -87.71905, 35.649173 ], [ -87.71977, 35.649446 ], [ -87.720302, 35.649663 ], [ -87.720361, 35.649687 ], [ -87.720834, 35.650018 ], [ -87.7211, 35.650074 ], [ -87.721534, 35.649977 ], [ -87.721612, 35.64996 ], [ -87.722032, 35.649953 ], [ -87.722153, 35.649951 ], [ -87.72225, 35.650003 ], [ -87.722715, 35.650249 ], [ -87.723325, 35.650402 ], [ -87.72359, 35.650387 ], [ -87.724306, 35.650347 ], [ -87.724332, 35.650354 ], [ -87.724408, 35.650384 ], [ -87.724434, 35.650395 ], [ -87.724533, 35.650435 ], [ -87.724548, 35.650449 ], [ -87.724717, 35.650606 ], [ -87.724816, 35.650721 ], [ -87.724868, 35.650782 ], [ -87.724893, 35.650823 ], [ -87.72497, 35.650949 ], [ -87.72504, 35.651185 ], [ -87.725047, 35.651206 ], [ -87.725132, 35.651361 ], [ -87.725244, 35.651493 ], [ -87.725455, 35.651686 ], [ -87.725585, 35.651884 ], [ -87.72572, 35.652038 ], [ -87.725785, 35.652093 ], [ -87.725888, 35.652179 ], [ -87.726011, 35.652335 ], [ -87.726032, 35.652394 ], [ -87.726038, 35.65241 ], [ -87.726056, 35.652461 ], [ -87.726062, 35.652478 ], [ -87.726072, 35.652878 ], [ -87.726102, 35.654078 ], [ -87.726113, 35.654479 ], [ -87.726231, 35.654577 ], [ -87.726271, 35.654603 ], [ -87.726431, 35.654709 ], [ -87.726615, 35.65482 ], [ -87.726795, 35.654909 ], [ -87.726989, 35.654969 ], [ -87.727019, 35.654971 ], [ -87.727112, 35.65498 ], [ -87.727144, 35.654992 ], [ -87.72757, 35.655065 ], [ -87.728091, 35.654967 ], [ -87.728208, 35.654931 ], [ -87.72845, 35.654849 ], [ -87.728632, 35.654789 ], [ -87.728652, 35.654783 ], [ -87.729047, 35.654621 ], [ -87.729606, 35.654491 ], [ -87.729941, 35.654563 ], [ -87.730287, 35.654853 ], [ -87.730642, 35.655224 ], [ -87.731223, 35.655433 ], [ -87.731673, 35.655539 ], [ -87.731835, 35.655577 ], [ -87.732444, 35.655665 ], [ -87.732545, 35.655712 ], [ -87.732579, 35.655728 ], [ -87.732729, 35.655797 ], [ -87.732977, 35.655915 ], [ -87.733083, 35.656931 ], [ -87.733319, 35.657162 ], [ -87.733392, 35.657364 ], [ -87.733486, 35.657419 ], [ -87.733656, 35.657551 ], [ -87.733709, 35.657591 ], [ -87.73385, 35.657701 ], [ -87.733902, 35.657719 ], [ -87.734037, 35.657769 ], [ -87.734267, 35.657788 ], [ -87.734685, 35.657839 ], [ -87.7349, 35.6579 ], [ -87.735088, 35.657987 ], [ -87.73534, 35.658147 ], [ -87.73574, 35.658303 ], [ -87.735957, 35.658451 ], [ -87.736208, 35.658675 ], [ -87.736375, 35.658777 ], [ -87.736735, 35.658956 ], [ -87.736829, 35.659014 ], [ -87.736999, 35.659109 ], [ -87.73704, 35.659143 ], [ -87.737155, 35.659237 ], [ -87.737248, 35.659361 ], [ -87.73729, 35.659455 ], [ -87.737301, 35.65959 ], [ -87.737272, 35.659869 ], [ -87.737232, 35.660087 ], [ -87.737228, 35.660114 ], [ -87.737238, 35.660213 ], [ -87.737245, 35.660277 ], [ -87.737281, 35.660356 ], [ -87.737331, 35.660396 ], [ -87.737416, 35.660428 ], [ -87.737599, 35.660461 ], [ -87.737704, 35.660452 ], [ -87.73777, 35.660447 ], [ -87.737856, 35.660422 ], [ -87.738058, 35.660355 ], [ -87.738145, 35.660345 ], [ -87.738249, 35.66036 ], [ -87.738398, 35.660422 ], [ -87.738557, 35.660521 ], [ -87.738579, 35.660541 ], [ -87.738657, 35.660612 ], [ -87.738708, 35.660685 ], [ -87.738766, 35.661001 ], [ -87.738839, 35.66117 ], [ -87.738967, 35.661329 ], [ -87.739079, 35.661427 ], [ -87.739199, 35.661494 ], [ -87.739347, 35.661528 ], [ -87.739585, 35.66152 ], [ -87.739781, 35.66148 ], [ -87.740033, 35.661443 ], [ -87.740201, 35.661443 ], [ -87.74032, 35.661472 ], [ -87.740496, 35.661558 ], [ -87.740715, 35.661685 ], [ -87.740957, 35.661883 ], [ -87.741077, 35.661938 ], [ -87.741231, 35.661959 ], [ -87.741757, 35.661907 ], [ -87.741955, 35.661907 ], [ -87.74208, 35.661941 ], [ -87.74222, 35.66202 ], [ -87.742362, 35.66215 ], [ -87.742377, 35.662175 ], [ -87.742419, 35.662242 ], [ -87.742493, 35.662475 ], [ -87.742562, 35.662867 ], [ -87.742637, 35.663008 ], [ -87.742747, 35.663146 ], [ -87.74288, 35.663279 ], [ -87.743016, 35.66339 ], [ -87.743042, 35.663411 ], [ -87.743122, 35.663436 ], [ -87.743211, 35.663575 ], [ -87.743247, 35.66363 ], [ -87.743415, 35.663758 ], [ -87.743606, 35.663868 ], [ -87.74375, 35.663952 ], [ -87.743311, 35.666777 ], [ -87.74323, 35.667303 ], [ -87.741995, 35.675253 ], [ -87.741681, 35.677276 ], [ -87.741612, 35.677724 ], [ -87.741551, 35.678078 ], [ -87.741544, 35.678125 ], [ -87.741526, 35.67827 ], [ -87.74152, 35.678318 ], [ -87.741489, 35.678512 ], [ -87.741399, 35.679095 ], [ -87.741369, 35.67929 ], [ -87.741191, 35.680441 ], [ -87.74088, 35.682441 ], [ -87.740745, 35.683315 ], [ -87.739415, 35.691895 ], [ -87.739122, 35.693789 ], [ -87.739063, 35.694167 ], [ -87.738944, 35.694969 ], [ -87.738932, 35.695047 ], [ -87.738918, 35.695135 ], [ -87.73884, 35.695654 ], [ -87.738738, 35.696346 ], [ -87.738733, 35.696377 ], [ -87.738721, 35.696458 ], [ -87.737811, 35.702342 ], [ -87.72596, 35.701485 ], [ -87.723959, 35.704263 ], [ -87.710669, 35.703616 ], [ -87.710403, 35.70639 ], [ -87.710207, 35.708443 ], [ -87.710185, 35.70861 ], [ -87.709976, 35.71012 ], [ -87.715807, 35.710099 ], [ -87.716475, 35.710097 ], [ -87.716851, 35.710096 ], [ -87.716957, 35.710365 ], [ -87.717005, 35.710488 ], [ -87.717123, 35.710788 ], [ -87.717202, 35.710989 ], [ -87.717937, 35.712861 ], [ -87.718183, 35.713486 ], [ -87.718518, 35.714341 ], [ -87.719526, 35.716906 ], [ -87.719826, 35.717668 ], [ -87.719862, 35.717762 ], [ -87.720335, 35.718966 ], [ -87.720751, 35.720023 ], [ -87.721798, 35.722681 ], [ -87.723419, 35.726808 ], [ -87.724177, 35.728735 ], [ -87.72428, 35.728996 ], [ -87.724359, 35.729006 ], [ -87.725082, 35.729094 ], [ -87.726823, 35.729308 ], [ -87.726886, 35.728879 ], [ -87.726992, 35.728158 ], [ -87.727051, 35.727756 ], [ -87.727364, 35.725628 ], [ -87.732005, 35.726154 ], [ -87.732847, 35.72625 ], [ -87.732935, 35.72626 ], [ -87.732914, 35.726407 ], [ -87.731896, 35.73339 ], [ -87.731499, 35.736123 ], [ -87.731435, 35.736555 ], [ -87.731434, 35.736564 ], [ -87.731117, 35.738773 ], [ -87.73111, 35.738823 ], [ -87.730707, 35.741619 ], [ -87.729828, 35.747718 ], [ -87.729565, 35.750066 ], [ -87.729491, 35.750574 ], [ -87.728256, 35.759115 ], [ -87.727975, 35.761061 ], [ -87.727844, 35.761963 ], [ -87.727839, 35.761995 ], [ -87.727837, 35.762009 ], [ -87.727824, 35.762092 ], [ -87.72782, 35.762125 ], [ -87.727519, 35.764199 ], [ -87.726976, 35.767958 ], [ -87.72662, 35.770422 ], [ -87.726542, 35.770966 ], [ -87.726538, 35.77099 ], [ -87.726353, 35.772265 ], [ -87.726343, 35.772341 ], [ -87.72632, 35.772497 ], [ -87.726007, 35.774657 ], [ -87.725489, 35.778246 ], [ -87.72507, 35.781139 ], [ -87.724809, 35.782949 ], [ -87.724758, 35.7833 ], [ -87.724553, 35.784711 ], [ -87.72394, 35.788944 ], [ -87.723737, 35.790356 ], [ -87.723493, 35.792042 ], [ -87.723473, 35.792174 ], [ -87.723174, 35.794239 ], [ -87.723072, 35.794962 ], [ -87.722124, 35.801628 ], [ -87.721856, 35.803523 ], [ -87.721325, 35.807256 ], [ -87.720807, 35.810901 ], [ -87.720805, 35.81092 ], [ -87.719169, 35.82218 ], [ -87.719153, 35.82229 ], [ -87.719092, 35.822707 ], [ -87.718981, 35.823465 ], [ -87.71865, 35.825741 ], [ -87.71859, 35.826161 ], [ -87.718541, 35.8265 ], [ -87.718396, 35.82749 ], [ -87.717987, 35.830311 ], [ -87.717964, 35.830463 ], [ -87.717821, 35.831455 ], [ -87.717739, 35.832012 ], [ -87.717496, 35.833686 ], [ -87.717453, 35.833989 ], [ -87.717416, 35.834244 ], [ -87.7174, 35.834351 ], [ -87.71738, 35.834492 ], [ -87.717358, 35.834637 ], [ -87.717352, 35.834674 ], [ -87.717337, 35.834782 ], [ -87.717316, 35.834926 ], [ -87.717295, 35.83507 ], [ -87.717221, 35.835575 ], [ -87.71722, 35.835584 ], [ -87.716875, 35.837956 ], [ -87.71676, 35.83875 ], [ -87.716198, 35.842612 ], [ -87.716176, 35.842765 ], [ -87.716174, 35.842779 ], [ -87.716166, 35.842831 ], [ -87.715257, 35.849096 ], [ -87.714818, 35.852126 ], [ -87.714289, 35.85577 ], [ -87.714129, 35.856878 ], [ -87.714087, 35.857166 ], [ -87.713751, 35.85948 ], [ -87.71372, 35.859695 ], [ -87.713689, 35.85991 ], [ -87.713656, 35.860134 ], [ -87.713623, 35.860358 ], [ -87.712645, 35.867035 ], [ -87.71257, 35.867509 ], [ -87.712168, 35.870173 ], [ -87.712152, 35.870286 ], [ -87.712122, 35.8705 ], [ -87.711849, 35.872464 ], [ -87.711824, 35.872637 ], [ -87.71176, 35.873104 ], [ -87.711752, 35.873159 ], [ -87.711728, 35.873333 ], [ -87.711717, 35.873412 ], [ -87.711707, 35.873488 ], [ -87.711686, 35.873637 ], [ -87.711663, 35.873797 ], [ -87.711656, 35.87385 ], [ -87.711625, 35.874082 ], [ -87.711622, 35.874102 ], [ -87.711616, 35.874141 ], [ -87.711601, 35.874254 ], [ -87.711589, 35.87434 ], [ -87.711515, 35.87488 ], [ -87.711473, 35.874926 ], [ -87.711351, 35.875064 ], [ -87.711342, 35.875126 ], [ -87.710854, 35.878543 ], [ -87.709952, 35.884868 ], [ -87.70939, 35.888797 ], [ -87.708959, 35.891823 ], [ -87.708895, 35.892214 ], [ -87.708693, 35.893447 ], [ -87.708482, 35.894748 ], [ -87.70809, 35.897149 ], [ -87.70789, 35.898384 ], [ -87.707869, 35.898511 ], [ -87.7077, 35.899883 ], [ -87.70764, 35.900372 ], [ -87.707145, 35.904383 ], [ -87.706995, 35.905601 ], [ -87.706978, 35.905742 ], [ -87.70696, 35.905884 ], [ -87.70686, 35.905871 ], [ -87.706774, 35.905854 ], [ -87.706438, 35.905755 ], [ -87.706164, 35.905636 ], [ -87.706043, 35.90559 ], [ -87.705969, 35.905561 ], [ -87.70586, 35.905502 ], [ -87.705558, 35.905356 ], [ -87.705282, 35.905244 ], [ -87.704632, 35.904944 ], [ -87.704438, 35.904859 ], [ -87.703995, 35.904701 ], [ -87.703756, 35.904609 ], [ -87.703553, 35.904539 ], [ -87.703265, 35.904451 ], [ -87.703097, 35.904406 ], [ -87.703079, 35.904401 ], [ -87.703052, 35.904486 ], [ -87.703026, 35.904573 ], [ -87.702997, 35.904667 ], [ -87.702969, 35.904761 ], [ -87.702358, 35.906768 ], [ -87.702302, 35.906964 ], [ -87.702441, 35.908149 ], [ -87.702157, 35.908458 ], [ -87.701643, 35.908575 ], [ -87.701272, 35.90899 ], [ -87.700482, 35.90927 ], [ -87.699151, 35.910069 ], [ -87.697362, 35.911144 ], [ -87.69746, 35.911829 ], [ -87.697254, 35.912024 ], [ -87.696081, 35.911776 ], [ -87.695765, 35.911541 ], [ -87.695211, 35.91113 ], [ -87.694778, 35.910537 ], [ -87.694679, 35.910457 ], [ -87.694377, 35.910213 ], [ -87.694067, 35.909963 ], [ -87.693693, 35.910248 ], [ -87.693726, 35.910538 ], [ -87.69377, 35.910923 ], [ -87.693758, 35.911121 ], [ -87.693741, 35.911427 ], [ -87.69364, 35.911698 ], [ -87.693602, 35.911804 ], [ -87.693573, 35.911885 ], [ -87.693626, 35.912039 ], [ -87.693605, 35.912065 ], [ -87.693558, 35.912128 ], [ -87.693351, 35.912267 ], [ -87.693097, 35.912328 ], [ -87.692907, 35.912375 ], [ -87.692753, 35.912308 ], [ -87.692597, 35.912241 ], [ -87.692359, 35.912011 ], [ -87.692239, 35.911896 ], [ -87.691976, 35.911864 ], [ -87.691574, 35.911817 ], [ -87.691321, 35.911702 ], [ -87.691254, 35.911614 ], [ -87.691095, 35.911404 ], [ -87.691147, 35.911189 ], [ -87.691084, 35.910921 ], [ -87.691064, 35.910835 ], [ -87.690792, 35.910499 ], [ -87.690328, 35.910656 ], [ -87.690063, 35.910924 ], [ -87.689994, 35.910996 ], [ -87.689652, 35.911355 ], [ -87.689097, 35.911496 ], [ -87.688962, 35.911489 ], [ -87.688618, 35.911473 ], [ -87.687295, 35.910992 ], [ -87.68693, 35.911041 ], [ -87.68662, 35.911084 ], [ -87.686338, 35.911359 ], [ -87.686042, 35.911336 ], [ -87.685954, 35.91133 ], [ -87.685739, 35.911542 ], [ -87.685991, 35.911973 ], [ -87.686141, 35.912229 ], [ -87.686272, 35.912451 ], [ -87.686407, 35.912681 ], [ -87.685932, 35.912866 ], [ -87.685692, 35.91296 ], [ -87.68555, 35.913076 ], [ -87.6851, 35.91374 ], [ -87.684565, 35.914359 ], [ -87.683938, 35.915483 ], [ -87.683608, 35.916076 ], [ -87.683411, 35.916191 ], [ -87.682397, 35.915984 ], [ -87.681018, 35.91603 ], [ -87.679807, 35.916488 ], [ -87.678963, 35.916259 ], [ -87.678231, 35.916328 ], [ -87.677019, 35.916877 ], [ -87.675302, 35.916836 ], [ -87.67412, 35.916808 ], [ -87.672937, 35.917014 ], [ -87.672231, 35.917052 ], [ -87.671838, 35.91716 ], [ -87.671757, 35.917183 ], [ -87.671232, 35.917179 ], [ -87.670733, 35.916825 ], [ -87.670402, 35.91659 ], [ -87.67016, 35.916418 ], [ -87.670132, 35.916398 ], [ -87.669404, 35.916844 ], [ -87.669152, 35.917 ], [ -87.668996, 35.917082 ], [ -87.668528, 35.917385 ], [ -87.668375, 35.917486 ], [ -87.668273, 35.917552 ], [ -87.668152, 35.917632 ], [ -87.667934, 35.917617 ], [ -87.667814, 35.917609 ], [ -87.667619, 35.917653 ], [ -87.667572, 35.917649 ], [ -87.667222, 35.917624 ], [ -87.666895, 35.917412 ], [ -87.666688, 35.917278 ], [ -87.666583, 35.917247 ], [ -87.666406, 35.917196 ], [ -87.666263, 35.917181 ], [ -87.666155, 35.91717 ], [ -87.666067, 35.917222 ], [ -87.665959, 35.917288 ], [ -87.665782, 35.917268 ], [ -87.665681, 35.917258 ], [ -87.665283, 35.917116 ], [ -87.665194, 35.917085 ], [ -87.664128, 35.916722 ], [ -87.663721, 35.916609 ], [ -87.663591, 35.916573 ], [ -87.663487, 35.916207 ], [ -87.663415, 35.915954 ], [ -87.663284, 35.915826 ], [ -87.662893, 35.915442 ], [ -87.662122, 35.915611 ], [ -87.661687, 35.915707 ], [ -87.661272, 35.915707 ], [ -87.660889, 35.915707 ], [ -87.660034, 35.915617 ], [ -87.659623, 35.915575 ], [ -87.659345, 35.91548 ], [ -87.65921, 35.91548 ], [ -87.659037, 35.915482 ], [ -87.658661, 35.915477 ], [ -87.658423, 35.915511 ], [ -87.658317, 35.915778 ], [ -87.658309, 35.915985 ], [ -87.658302, 35.916198 ], [ -87.658361, 35.916405 ], [ -87.658336, 35.916563 ], [ -87.658263, 35.917039 ], [ -87.65824, 35.917198 ], [ -87.658244, 35.917314 ], [ -87.658256, 35.917662 ], [ -87.658261, 35.917779 ], [ -87.658156, 35.917905 ], [ -87.658046, 35.918038 ], [ -87.657729, 35.918086 ], [ -87.657567, 35.918111 ], [ -87.657151, 35.918139 ], [ -87.657099, 35.918143 ], [ -87.656561, 35.91818 ], [ -87.655972, 35.918693 ], [ -87.655942, 35.918771 ], [ -87.655779, 35.91921 ], [ -87.655764, 35.919528 ], [ -87.655756, 35.919718 ], [ -87.656016, 35.919934 ], [ -87.656395, 35.9201 ], [ -87.656409, 35.920103 ], [ -87.656529, 35.920129 ], [ -87.656721, 35.920171 ], [ -87.656744, 35.920188 ], [ -87.656863, 35.920274 ], [ -87.657024, 35.92053 ], [ -87.657022, 35.920546 ], [ -87.656972, 35.921152 ], [ -87.656699, 35.921549 ], [ -87.656629, 35.92155 ], [ -87.656306, 35.921555 ], [ -87.655813, 35.921563 ], [ -87.65577, 35.921563 ], [ -87.655641, 35.921565 ], [ -87.655599, 35.921566 ], [ -87.655299, 35.921519 ], [ -87.654399, 35.92138 ], [ -87.6541, 35.921334 ], [ -87.653821, 35.921316 ], [ -87.653427, 35.921476 ], [ -87.653326, 35.921499 ], [ -87.652639, 35.921659 ], [ -87.652273, 35.922002 ], [ -87.651681, 35.922162 ], [ -87.651236, 35.92257 ], [ -87.650808, 35.922643 ], [ -87.65045, 35.92254 ], [ -87.650426, 35.922533 ], [ -87.650354, 35.922512 ], [ -87.65033, 35.922506 ], [ -87.650274, 35.922408 ], [ -87.649906, 35.92229 ], [ -87.649051, 35.922597 ], [ -87.648796, 35.922834 ], [ -87.648134, 35.923009 ], [ -87.647768, 35.922917 ], [ -87.647402, 35.922619 ], [ -87.64698, 35.922504 ], [ -87.646107, 35.922527 ], [ -87.646061, 35.922497 ], [ -87.645822, 35.92226 ], [ -87.64544, 35.921883 ], [ -87.645142, 35.921878 ], [ -87.644981, 35.921939 ], [ -87.644668, 35.922059 ], [ -87.644473, 35.922163 ], [ -87.644077, 35.922378 ], [ -87.64394, 35.92254 ], [ -87.643798, 35.92271 ], [ -87.643786, 35.92272 ], [ -87.643752, 35.922753 ], [ -87.643741, 35.922764 ], [ -87.643421, 35.923067 ], [ -87.64298, 35.923488 ], [ -87.642298, 35.923693 ], [ -87.64222, 35.923717 ], [ -87.641861, 35.923716 ], [ -87.641641, 35.92366 ], [ -87.641562, 35.92364 ], [ -87.640978, 35.923645 ], [ -87.64097, 35.923654 ], [ -87.640821, 35.923824 ], [ -87.640891, 35.924002 ], [ -87.641101, 35.924537 ], [ -87.641171, 35.924716 ], [ -87.641217, 35.924834 ], [ -87.641281, 35.924997 ], [ -87.641171, 35.925172 ], [ -87.641105, 35.925281 ], [ -87.640836, 35.92538 ], [ -87.640592, 35.925471 ], [ -87.639995, 35.925472 ], [ -87.639709, 35.925473 ], [ -87.639009, 35.92557 ], [ -87.638756, 35.925662 ], [ -87.638721, 35.925707 ], [ -87.638249, 35.926326 ], [ -87.63822, 35.927448 ], [ -87.638107, 35.927631 ], [ -87.637657, 35.927745 ], [ -87.637138, 35.927783 ], [ -87.636108, 35.927859 ], [ -87.636085, 35.927882 ], [ -87.636017, 35.92795 ], [ -87.635995, 35.927974 ], [ -87.635893, 35.928002 ], [ -87.635587, 35.928089 ], [ -87.635486, 35.928118 ], [ -87.635475, 35.928121 ], [ -87.635442, 35.92813 ], [ -87.635432, 35.928134 ], [ -87.635023, 35.928205 ], [ -87.634467, 35.928302 ], [ -87.634429, 35.928447 ], [ -87.634501, 35.928971 ], [ -87.634559, 35.929382 ], [ -87.634608, 35.929795 ], [ -87.634646, 35.930107 ], [ -87.634568, 35.930228 ], [ -87.634054, 35.930378 ], [ -87.633797, 35.930384 ], [ -87.633381, 35.930395 ], [ -87.632699, 35.930547 ], [ -87.632643, 35.93056 ], [ -87.631179, 35.931086 ], [ -87.630841, 35.931063 ], [ -87.630703, 35.931027 ], [ -87.630028, 35.930853 ], [ -87.629794, 35.930678 ], [ -87.629734, 35.930653 ], [ -87.629525, 35.930567 ], [ -87.628991, 35.930757 ], [ -87.628844, 35.93099 ], [ -87.628655, 35.931293 ], [ -87.628476, 35.931451 ], [ -87.628205, 35.931579 ], [ -87.6278, 35.931771 ], [ -87.627292, 35.932298 ], [ -87.626905, 35.932495 ], [ -87.626757, 35.932572 ], [ -87.626701, 35.932939 ], [ -87.62663, 35.933024 ], [ -87.626588, 35.933076 ], [ -87.626568, 35.933342 ], [ -87.62656, 35.933454 ], [ -87.626676, 35.933783 ], [ -87.626659, 35.933935 ], [ -87.626658, 35.933945 ], [ -87.626612, 35.934292 ], [ -87.626386, 35.934447 ], [ -87.62587, 35.934451 ], [ -87.625515, 35.934397 ], [ -87.625019, 35.934323 ], [ -87.624633, 35.934385 ], [ -87.624099, 35.934472 ], [ -87.623733, 35.93477 ], [ -87.623649, 35.934906 ], [ -87.623593, 35.934999 ], [ -87.623528, 35.935274 ], [ -87.62348, 35.93548 ], [ -87.623534, 35.935655 ], [ -87.62289, 35.936533 ], [ -87.622817, 35.936592 ], [ -87.622693, 35.936694 ], [ -87.622465, 35.936748 ], [ -87.622181, 35.936815 ], [ -87.621736, 35.936923 ], [ -87.62135, 35.937076 ], [ -87.62108, 35.937185 ], [ -87.620792, 35.9373 ], [ -87.619929, 35.937647 ], [ -87.619906, 35.937657 ], [ -87.619685, 35.937836 ], [ -87.619456, 35.938024 ], [ -87.619163, 35.938456 ], [ -87.618977, 35.938734 ], [ -87.61864, 35.939581 ], [ -87.618162, 35.940108 ], [ -87.618142, 35.940606 ], [ -87.618111, 35.941424 ], [ -87.618107, 35.941551 ], [ -87.618023, 35.941637 ], [ -87.6176, 35.942078 ], [ -87.617521, 35.942181 ], [ -87.617373, 35.942378 ], [ -87.617164, 35.942655 ], [ -87.617065, 35.942788 ], [ -87.616446, 35.94341 ], [ -87.616201, 35.943657 ], [ -87.615812, 35.94373 ], [ -87.614703, 35.943941 ], [ -87.614649, 35.94396 ], [ -87.614278, 35.944095 ], [ -87.613835, 35.944213 ], [ -87.612986, 35.944138 ], [ -87.612815, 35.944123 ], [ -87.611795, 35.944034 ], [ -87.610871, 35.943588 ], [ -87.61075, 35.944315 ], [ -87.610263, 35.945044 ], [ -87.610193, 35.945109 ], [ -87.609616, 35.945654 ], [ -87.609278, 35.946045 ], [ -87.609204, 35.946331 ], [ -87.609189, 35.946391 ], [ -87.609932, 35.94649 ], [ -87.610006, 35.946483 ], [ -87.610301, 35.946459 ], [ -87.610422, 35.946501 ], [ -87.610486, 35.946544 ], [ -87.610901, 35.946821 ], [ -87.610959, 35.946924 ], [ -87.611062, 35.947103 ], [ -87.611267, 35.947462 ], [ -87.611287, 35.947654 ], [ -87.611352, 35.948241 ], [ -87.611606, 35.948699 ], [ -87.611801, 35.949377 ], [ -87.611804, 35.949386 ], [ -87.61186, 35.949981 ], [ -87.611465, 35.949943 ], [ -87.610281, 35.949831 ], [ -87.609887, 35.949794 ], [ -87.609331, 35.949741 ], [ -87.608734, 35.949685 ], [ -87.608622, 35.949776 ], [ -87.607706, 35.949934 ], [ -87.607157, 35.950029 ], [ -87.607049, 35.950062 ], [ -87.60679, 35.950143 ], [ -87.606726, 35.950136 ], [ -87.606615, 35.950125 ], [ -87.60634, 35.950098 ], [ -87.605664, 35.949869 ], [ -87.605479, 35.949874 ], [ -87.604875, 35.949892 ], [ -87.603692, 35.950145 ], [ -87.602425, 35.95003 ], [ -87.602001, 35.950137 ], [ -87.601608, 35.950237 ], [ -87.600905, 35.950547 ], [ -87.600313, 35.95081 ], [ -87.59992, 35.950818 ], [ -87.599215, 35.950833 ], [ -87.598962, 35.951864 ], [ -87.598483, 35.951978 ], [ -87.597892, 35.951978 ], [ -87.597639, 35.952072 ], [ -87.597159, 35.952253 ], [ -87.596709, 35.952528 ], [ -87.59644, 35.952569 ], [ -87.596118, 35.95262 ], [ -87.595628, 35.952629 ], [ -87.595356, 35.952635 ], [ -87.595123, 35.95264 ], [ -87.595019, 35.952643 ], [ -87.594509, 35.952945 ], [ -87.5944, 35.95301 ], [ -87.594295, 35.953004 ], [ -87.593822, 35.952977 ], [ -87.593583, 35.952964 ], [ -87.593358, 35.952964 ], [ -87.592546, 35.952459 ], [ -87.592512, 35.952438 ], [ -87.5921, 35.952304 ], [ -87.591667, 35.952163 ], [ -87.591388, 35.952163 ], [ -87.590823, 35.952164 ], [ -87.589414, 35.952462 ], [ -87.589236, 35.952543 ], [ -87.58857, 35.952851 ], [ -87.58838, 35.952982 ], [ -87.587813, 35.953375 ], [ -87.587584, 35.953378 ], [ -87.587584, 35.953185 ], [ -87.587584, 35.952806 ], [ -87.587469, 35.952642 ], [ -87.587359, 35.952485 ], [ -87.587327, 35.952451 ], [ -87.587234, 35.952349 ], [ -87.587203, 35.952316 ], [ -87.586941, 35.952032 ], [ -87.586767, 35.951844 ], [ -87.586739, 35.9515 ], [ -87.586906, 35.950971 ], [ -87.586964, 35.95079 ], [ -87.586855, 35.950628 ], [ -87.586654, 35.950332 ], [ -87.586608, 35.950286 ], [ -87.585709, 35.949396 ], [ -87.585499, 35.949188 ], [ -87.585454, 35.94907 ], [ -87.585411, 35.948957 ], [ -87.585386, 35.94889 ], [ -87.585361, 35.948601 ], [ -87.585352, 35.948481 ], [ -87.58534, 35.948338 ], [ -87.585329, 35.948203 ], [ -87.585195, 35.94794 ], [ -87.585189, 35.947928 ], [ -87.585068, 35.947883 ], [ -87.584879, 35.947814 ], [ -87.584788, 35.947849 ], [ -87.583954, 35.948175 ], [ -87.583676, 35.948284 ], [ -87.583471, 35.948364 ], [ -87.583421, 35.948391 ], [ -87.582879, 35.948684 ], [ -87.582748, 35.948853 ], [ -87.582579, 35.949073 ], [ -87.582457, 35.949234 ], [ -87.582445, 35.949257 ], [ -87.582144, 35.949874 ], [ -87.582044, 35.95008 ], [ -87.581922, 35.950333 ], [ -87.58159, 35.95062 ], [ -87.580261, 35.951776 ], [ -87.579885, 35.95191 ], [ -87.579811, 35.951937 ], [ -87.579557, 35.951799 ], [ -87.579302, 35.951557 ], [ -87.579143, 35.951407 ], [ -87.57905, 35.951319 ], [ -87.578684, 35.951113 ], [ -87.578578, 35.951109 ], [ -87.578361, 35.951102 ], [ -87.578213, 35.951097 ], [ -87.57798, 35.95109 ], [ -87.577796, 35.951188 ], [ -87.577667, 35.951259 ], [ -87.577485, 35.951357 ], [ -87.577304, 35.951456 ], [ -87.576897, 35.951385 ], [ -87.576694, 35.95135 ], [ -87.576428, 35.951304 ], [ -87.575632, 35.951166 ], [ -87.575586, 35.951159 ], [ -87.575406, 35.951028 ], [ -87.575207, 35.950883 ], [ -87.575051, 35.950769 ], [ -87.575022, 35.950632 ], [ -87.574769, 35.950426 ], [ -87.574694, 35.950403 ], [ -87.574459, 35.950334 ], [ -87.574107, 35.950289 ], [ -87.573388, 35.950197 ], [ -87.573125, 35.949983 ], [ -87.573022, 35.949899 ], [ -87.572901, 35.949714 ], [ -87.572768, 35.94951 ], [ -87.572754, 35.949496 ], [ -87.572402, 35.949144 ], [ -87.572133, 35.949029 ], [ -87.571891, 35.948927 ], [ -87.571754, 35.948869 ], [ -87.571496, 35.948836 ], [ -87.571022, 35.948778 ], [ -87.570374, 35.948549 ], [ -87.570325, 35.948512 ], [ -87.569999, 35.948268 ], [ -87.56986, 35.948163 ], [ -87.569443, 35.947851 ], [ -87.569304, 35.947747 ], [ -87.568826, 35.947762 ], [ -87.568389, 35.947777 ], [ -87.567467, 35.947646 ], [ -87.567403, 35.94766 ], [ -87.566938, 35.94777 ], [ -87.566678, 35.947845 ], [ -87.566651, 35.947862 ], [ -87.566029, 35.948276 ], [ -87.565906, 35.948379 ], [ -87.565675, 35.948574 ], [ -87.56547, 35.948748 ], [ -87.565438, 35.94875 ], [ -87.565094, 35.948775 ], [ -87.564623, 35.948478 ], [ -87.564586, 35.948455 ], [ -87.564404, 35.948274 ], [ -87.564056, 35.947894 ], [ -87.563947, 35.947915 ], [ -87.562229, 35.948253 ], [ -87.562155, 35.948356 ], [ -87.561792, 35.948866 ], [ -87.561655, 35.949058 ], [ -87.561537, 35.949225 ], [ -87.561062, 35.949268 ], [ -87.561035, 35.949256 ], [ -87.560818, 35.949164 ], [ -87.560725, 35.949124 ], [ -87.560449, 35.949006 ], [ -87.560357, 35.948967 ], [ -87.559586, 35.949233 ], [ -87.559292, 35.949336 ], [ -87.557963, 35.950047 ], [ -87.557467, 35.950432 ], [ -87.557168, 35.950665 ], [ -87.557009, 35.951071 ], [ -87.556867, 35.95124 ], [ -87.556603, 35.951556 ], [ -87.556386, 35.95168 ], [ -87.556195, 35.95179 ], [ -87.556097, 35.951845 ], [ -87.555804, 35.952014 ], [ -87.555707, 35.952071 ], [ -87.555442, 35.952224 ], [ -87.554978, 35.953381 ], [ -87.554634, 35.953568 ], [ -87.554201, 35.953805 ], [ -87.553519, 35.955882 ], [ -87.553625, 35.956583 ], [ -87.554089, 35.957443 ], [ -87.552778, 35.958096 ], [ -87.551157, 35.958905 ], [ -87.55104, 35.958964 ], [ -87.550923, 35.959022 ], [ -87.55078, 35.959094 ], [ -87.550724, 35.959315 ], [ -87.550693, 35.959442 ], [ -87.550527, 35.960109 ], [ -87.550485, 35.960281 ], [ -87.550114, 35.960792 ], [ -87.549056, 35.961469 ], [ -87.54855, 35.961794 ], [ -87.548464, 35.961807 ], [ -87.547847, 35.961895 ], [ -87.54773, 35.961912 ], [ -87.547315, 35.961901 ], [ -87.546721, 35.961886 ], [ -87.546356, 35.962017 ], [ -87.546121, 35.962261 ], [ -87.545677, 35.963243 ], [ -87.545577, 35.963418 ], [ -87.545364, 35.963581 ], [ -87.545285, 35.96365 ], [ -87.544911, 35.963975 ], [ -87.544039, 35.964734 ], [ -87.543919, 35.964839 ], [ -87.543434, 35.965406 ], [ -87.543068, 35.965837 ], [ -87.542458, 35.966171 ], [ -87.541002, 35.966157 ], [ -87.540963, 35.966157 ], [ -87.540569, 35.966312 ], [ -87.540131, 35.966247 ], [ -87.539591, 35.966168 ], [ -87.539288, 35.966124 ], [ -87.538299, 35.96598 ], [ -87.537988, 35.966087 ], [ -87.537474, 35.966266 ], [ -87.536671, 35.966546 ], [ -87.535952, 35.966933 ], [ -87.533934, 35.968023 ], [ -87.532493, 35.96946 ], [ -87.53222, 35.970074 ], [ -87.531882, 35.970838 ], [ -87.531546, 35.971599 ], [ -87.530911, 35.973034 ], [ -87.530275, 35.974474 ], [ -87.529965, 35.975146 ], [ -87.529791, 35.975647 ], [ -87.529903, 35.975888 ], [ -87.529957, 35.975934 ], [ -87.530382, 35.976288 ], [ -87.530683, 35.976706 ], [ -87.5307, 35.976739 ], [ -87.530895, 35.977113 ], [ -87.531136, 35.977574 ], [ -87.531484, 35.978565 ], [ -87.531588, 35.978636 ], [ -87.531845, 35.978725 ], [ -87.532039, 35.978793 ], [ -87.532091, 35.979043 ], [ -87.531885, 35.979286 ], [ -87.531504, 35.979459 ], [ -87.531141, 35.979624 ], [ -87.530821, 35.979769 ], [ -87.53067, 35.979988 ], [ -87.530626, 35.980052 ], [ -87.530731, 35.980214 ], [ -87.530997, 35.980622 ], [ -87.531269, 35.981572 ], [ -87.531244, 35.98191 ], [ -87.531212, 35.982339 ], [ -87.531199, 35.982392 ], [ -87.531122, 35.982734 ], [ -87.531131, 35.982745 ], [ -87.531702, 35.983427 ], [ -87.531699, 35.983534 ], [ -87.531706, 35.983863 ], [ -87.53177, 35.984293 ], [ -87.531801, 35.984497 ], [ -87.531852, 35.984639 ], [ -87.53192, 35.984741 ], [ -87.532129, 35.984916 ], [ -87.53227, 35.985052 ], [ -87.532353, 35.985272 ], [ -87.532485, 35.98557 ], [ -87.532629, 35.985879 ], [ -87.532714, 35.986108 ], [ -87.532874, 35.986402 ], [ -87.532957, 35.986568 ], [ -87.53301, 35.986674 ], [ -87.533115, 35.98693 ], [ -87.53315, 35.987142 ], [ -87.533149, 35.98733 ], [ -87.533126, 35.98737 ], [ -87.533108, 35.987391 ], [ -87.532937, 35.987595 ], [ -87.532898, 35.98773 ], [ -87.532798, 35.98788 ], [ -87.532627, 35.98809 ], [ -87.532509, 35.988169 ], [ -87.532411, 35.988237 ], [ -87.532143, 35.988435 ], [ -87.531595, 35.988904 ], [ -87.531559, 35.988959 ], [ -87.531549, 35.989019 ], [ -87.531563, 35.989093 ], [ -87.53162, 35.989196 ], [ -87.531702, 35.989298 ], [ -87.531814, 35.989385 ], [ -87.532309, 35.989698 ], [ -87.53285, 35.990052 ], [ -87.533392, 35.990407 ], [ -87.533651, 35.990646 ], [ -87.534099, 35.990538 ], [ -87.534485, 35.990492 ], [ -87.534587, 35.99048 ], [ -87.534777, 35.990721 ], [ -87.534739, 35.991778 ], [ -87.534001, 35.992323 ], [ -87.533933, 35.992436 ], [ -87.533956, 35.992458 ], [ -87.534483, 35.992965 ], [ -87.53453, 35.993074 ], [ -87.517484, 35.991429 ], [ -87.517306, 35.991412 ], [ -87.516643, 35.991335 ], [ -87.514654, 35.991105 ], [ -87.514411, 35.991077 ], [ -87.513992, 35.991029 ], [ -87.513969, 35.990977 ], [ -87.513902, 35.990824 ], [ -87.513881, 35.990775 ], [ -87.510602, 35.990441 ], [ -87.500771, 35.989447 ], [ -87.500071, 35.989376 ], [ -87.49984, 35.989357 ], [ -87.497491, 35.989161 ], [ -87.497079, 35.989119 ], [ -87.496738, 35.989084 ], [ -87.494482, 35.988853 ], [ -87.49373, 35.988777 ], [ -87.493144, 35.988717 ], [ -87.491389, 35.988538 ], [ -87.490804, 35.988479 ], [ -87.490755, 35.98847 ], [ -87.490608, 35.988446 ], [ -87.490561, 35.988439 ], [ -87.4904, 35.988412 ], [ -87.490133, 35.988369 ], [ -87.489925, 35.988335 ], [ -87.489922, 35.988169 ], [ -87.489919, 35.987998 ], [ -87.48991, 35.987488 ], [ -87.489907, 35.987318 ], [ -87.4899, 35.986912 ], [ -87.48988, 35.985695 ], [ -87.489874, 35.98529 ], [ -87.489841, 35.985047 ], [ -87.489742, 35.984321 ], [ -87.48971, 35.984079 ], [ -87.489693, 35.983901 ], [ -87.48969, 35.983865 ], [ -87.489192, 35.983907 ], [ -87.489015, 35.983923 ], [ -87.485209, 35.984234 ], [ -87.48215, 35.984485 ], [ -87.481404, 35.984546 ], [ -87.477719, 35.984848 ], [ -87.477686, 35.985959 ], [ -87.48049, 35.985605 ], [ -87.481841, 35.985435 ], [ -87.482115, 35.985401 ], [ -87.4823, 35.986927 ], [ -87.482378, 35.987566 ], [ -87.481192, 35.987441 ], [ -87.477634, 35.987068 ], [ -87.476449, 35.986944 ], [ -87.476259, 35.986924 ], [ -87.475691, 35.986864 ], [ -87.475502, 35.986845 ], [ -87.473107, 35.986594 ], [ -87.465924, 35.985841 ], [ -87.46353, 35.985591 ], [ -87.459987, 35.985218 ], [ -87.451977, 35.984376 ], [ -87.449363, 35.9841 ], [ -87.445822, 35.983728 ], [ -87.445527, 35.983697 ], [ -87.445322, 35.983675 ], [ -87.443826, 35.983518 ], [ -87.443436, 35.983477 ], [ -87.443328, 35.983466 ], [ -87.4432, 35.983453 ], [ -87.442048, 35.98333 ], [ -87.438211, 35.982927 ], [ -87.436933, 35.982794 ], [ -87.43672, 35.982771 ], [ -87.436083, 35.982705 ], [ -87.435871, 35.982683 ], [ -87.435806, 35.982676 ], [ -87.435612, 35.982655 ], [ -87.435548, 35.982649 ], [ -87.435447, 35.982638 ], [ -87.435144, 35.982606 ], [ -87.435043, 35.982596 ], [ -87.4338, 35.982466 ], [ -87.430075, 35.982076 ], [ -87.428833, 35.981946 ], [ -87.424863, 35.981539 ], [ -87.42468, 35.981521 ], [ -87.41857, 35.980895 ], [ -87.412957, 35.980322 ], [ -87.408988, 35.979917 ], [ -87.408969, 35.979915 ], [ -87.408916, 35.979909 ], [ -87.408898, 35.979908 ], [ -87.406999, 35.979714 ], [ -87.402128, 35.979217 ], [ -87.401303, 35.979132 ], [ -87.400045, 35.979003 ], [ -87.39984, 35.978982 ], [ -87.399802, 35.978979 ], [ -87.399405, 35.978938 ], [ -87.398486, 35.978844 ], [ -87.395732, 35.978563 ], [ -87.394814, 35.97847 ], [ -87.392168, 35.978198 ], [ -87.384231, 35.977388 ], [ -87.381587, 35.977118 ], [ -87.380579, 35.977015 ], [ -87.379165, 35.976871 ], [ -87.377561, 35.976706 ], [ -87.376744, 35.976623 ], [ -87.37665, 35.976613 ], [ -87.376555, 35.976605 ], [ -87.376304, 35.97658 ], [ -87.37615, 35.976565 ], [ -87.375553, 35.976486 ], [ -87.375304, 35.976453 ], [ -87.375012, 35.976424 ], [ -87.372498, 35.976162 ], [ -87.365436, 35.975428 ], [ -87.365114, 35.975394 ], [ -87.364791, 35.975361 ], [ -87.364082, 35.975287 ], [ -87.363034, 35.975178 ], [ -87.361277, 35.974996 ], [ -87.360112, 35.974863 ], [ -87.359074, 35.974746 ], [ -87.356871, 35.974496 ], [ -87.35662, 35.974467 ], [ -87.356164, 35.974416 ], [ -87.355457, 35.974335 ], [ -87.35499, 35.974284 ], [ -87.353592, 35.974132 ], [ -87.353127, 35.974082 ], [ -87.35285, 35.974052 ], [ -87.352024, 35.973962 ], [ -87.351749, 35.973932 ], [ -87.351553, 35.97391 ], [ -87.350965, 35.973847 ], [ -87.35077, 35.973826 ], [ -87.344747, 35.973167 ], [ -87.343738, 35.973057 ], [ -87.336542, 35.972268 ], [ -87.334112, 35.972003 ], [ -87.333223, 35.971906 ], [ -87.33001, 35.971554 ], [ -87.328481, 35.971387 ], [ -87.326952, 35.97122 ], [ -87.32668, 35.971188 ], [ -87.326612, 35.971181 ], [ -87.326272, 35.971145 ], [ -87.324224, 35.970921 ], [ -87.322177, 35.970696 ], [ -87.321985, 35.970675 ], [ -87.321791, 35.970655 ], [ -87.321224, 35.970593 ], [ -87.320658, 35.970531 ], [ -87.320503, 35.970514 ], [ -87.320042, 35.970463 ], [ -87.319891, 35.970448 ], [ -87.319104, 35.970362 ], [ -87.318719, 35.97032 ], [ -87.318319, 35.970276 ], [ -87.318161, 35.970259 ], [ -87.318003, 35.970241 ], [ -87.316019, 35.970025 ], [ -87.315206, 35.969936 ], [ -87.314036, 35.969809 ], [ -87.311609, 35.969519 ], [ -87.309875, 35.969315 ], [ -87.305717, 35.968821 ], [ -87.304339, 35.968655 ], [ -87.304178, 35.968637 ], [ -87.302638, 35.968454 ], [ -87.301916, 35.96837 ], [ -87.302129, 35.967065 ], [ -87.302237, 35.966407 ], [ -87.298611, 35.966069 ], [ -87.297181, 35.965936 ], [ -87.297076, 35.965926 ], [ -87.296762, 35.965896 ], [ -87.296658, 35.965887 ], [ -87.296111, 35.965836 ], [ -87.29447, 35.965683 ], [ -87.293924, 35.965633 ], [ -87.291921, 35.965446 ], [ -87.291306, 35.965389 ], [ -87.288688, 35.965145 ], [ -87.285917, 35.964889 ], [ -87.285765, 35.964875 ], [ -87.285853, 35.963968 ], [ -87.284909, 35.963901 ], [ -87.283974, 35.963832 ], [ -87.281823, 35.963676 ], [ -87.281177, 35.96357 ], [ -87.280879, 35.963522 ], [ -87.280291, 35.963284 ], [ -87.280265, 35.963191 ], [ -87.28019, 35.962914 ], [ -87.280165, 35.962822 ], [ -87.280172, 35.962598 ], [ -87.280292, 35.962276 ], [ -87.28049, 35.961748 ], [ -87.279901, 35.961429 ], [ -87.279488, 35.961413 ], [ -87.276845, 35.961315 ], [ -87.274509, 35.962567 ], [ -87.274329, 35.963897 ], [ -87.274235, 35.964595 ], [ -87.272731, 35.964475 ], [ -87.270672, 35.964342 ], [ -87.269281, 35.964254 ], [ -87.265831, 35.964035 ], [ -87.264496, 35.96395 ], [ -87.264135, 35.963927 ], [ -87.262439, 35.963819 ], [ -87.25931, 35.963621 ], [ -87.258127, 35.963546 ], [ -87.250009, 35.963033 ], [ -87.249925, 35.963025 ], [ -87.246802, 35.962756 ], [ -87.245892, 35.962678 ], [ -87.243168, 35.962449 ], [ -87.242261, 35.962375 ], [ -87.240159, 35.962197 ], [ -87.239429, 35.962136 ], [ -87.236598, 35.961899 ], [ -87.233856, 35.961669 ], [ -87.231757, 35.961493 ], [ -87.230711, 35.961419 ], [ -87.227575, 35.961199 ], [ -87.22653, 35.961126 ], [ -87.22565, 35.961046 ], [ -87.224771, 35.960966 ], [ -87.22454, 35.960945 ], [ -87.224462, 35.960937 ], [ -87.224309, 35.960924 ], [ -87.22261, 35.96077 ], [ -87.220912, 35.960615 ], [ -87.218552, 35.960401 ], [ -87.21826, 35.960374 ], [ -87.216193, 35.960187 ], [ -87.212045, 35.959839 ], [ -87.206501, 35.959375 ], [ -87.206049, 35.959337 ], [ -87.204693, 35.959223 ], [ -87.204242, 35.959186 ], [ -87.204289, 35.958694 ], [ -87.204434, 35.95722 ], [ -87.204481, 35.956741 ], [ -87.204488, 35.956727 ], [ -87.204638, 35.955155 ], [ -87.204863, 35.95289 ], [ -87.204211, 35.95282 ], [ -87.204431, 35.951018 ], [ -87.204476, 35.950659 ], [ -87.204488, 35.95057 ], [ -87.204504, 35.950436 ], [ -87.204521, 35.950301 ], [ -87.204536, 35.950176 ], [ -87.204545, 35.9501 ], [ -87.204573, 35.949874 ], [ -87.204625, 35.949448 ], [ -87.205047, 35.946004 ], [ -87.205665, 35.940967 ], [ -87.201426, 35.940579 ], [ -87.201583, 35.939513 ], [ -87.201595, 35.939429 ], [ -87.201703, 35.938705 ], [ -87.201746, 35.938415 ], [ -87.201821, 35.937901 ], [ -87.20192, 35.937234 ], [ -87.202092, 35.936075 ], [ -87.202103, 35.935994 ], [ -87.202116, 35.935911 ], [ -87.202191, 35.935405 ], [ -87.202218, 35.935235 ], [ -87.202341, 35.934396 ], [ -87.202714, 35.931879 ], [ -87.202839, 35.93104 ], [ -87.203258, 35.927959 ], [ -87.203284, 35.927763 ], [ -87.203678, 35.924878 ], [ -87.204373, 35.919767 ], [ -87.204622, 35.917932 ], [ -87.205063, 35.914657 ], [ -87.20507, 35.914639 ], [ -87.205087, 35.914528 ], [ -87.205145, 35.914147 ], [ -87.205165, 35.914019 ], [ -87.205224, 35.913701 ], [ -87.205402, 35.912743 ], [ -87.205462, 35.912424 ], [ -87.205603, 35.911652 ], [ -87.20603, 35.909337 ], [ -87.206171, 35.908573 ], [ -87.206539, 35.906077 ], [ -87.207641, 35.898611 ], [ -87.207977, 35.896336 ], [ -87.207997, 35.896123 ], [ -87.208058, 35.895434 ], [ -87.20825, 35.893373 ], [ -87.208315, 35.892681 ], [ -87.208336, 35.892451 ], [ -87.208403, 35.891743 ], [ -87.208427, 35.891509 ], [ -87.208434, 35.891424 ], [ -87.208448, 35.891284 ], [ -87.208464, 35.891172 ], [ -87.208478, 35.891087 ], [ -87.208851, 35.888567 ], [ -87.208949, 35.887907 ], [ -87.209973, 35.881002 ], [ -87.210348, 35.878481 ], [ -87.210616, 35.876634 ], [ -87.210844, 35.875065 ], [ -87.211631, 35.871133 ], [ -87.211973, 35.86943 ], [ -87.211997, 35.869303 ], [ -87.211998, 35.869248 ], [ -87.212007, 35.869084 ], [ -87.21201, 35.869031 ], [ -87.212016, 35.868937 ], [ -87.212039, 35.868662 ], [ -87.212048, 35.868571 ], [ -87.212078, 35.868326 ], [ -87.212138, 35.867859 ], [ -87.212171, 35.867594 ], [ -87.2122, 35.867363 ], [ -87.212202, 35.86735 ], [ -87.212419, 35.866068 ], [ -87.213072, 35.862223 ], [ -87.21329, 35.86094 ], [ -87.213651, 35.858883 ], [ -87.214737, 35.852709 ], [ -87.215099, 35.850651 ], [ -87.215277, 35.849342 ], [ -87.215813, 35.845418 ], [ -87.215993, 35.84411 ], [ -87.216016, 35.843931 ], [ -87.216086, 35.843393 ], [ -87.21611, 35.843215 ], [ -87.216411, 35.840908 ], [ -87.216422, 35.840822 ], [ -87.216434, 35.840742 ], [ -87.21703, 35.83679 ], [ -87.217713, 35.832266 ], [ -87.218106, 35.829676 ], [ -87.218483, 35.826638 ], [ -87.218787, 35.824198 ], [ -87.219266, 35.820385 ], [ -87.219369, 35.819561 ], [ -87.219451, 35.818905 ], [ -87.22131, 35.806607 ], [ -87.22132, 35.80653 ], [ -87.221353, 35.806298 ], [ -87.221364, 35.806222 ], [ -87.221454, 35.805574 ], [ -87.221976, 35.801956 ], [ -87.221988, 35.801942 ], [ -87.222472, 35.798655 ], [ -87.222909, 35.795675 ], [ -87.22335, 35.792679 ], [ -87.223493, 35.791714 ], [ -87.223595, 35.79103 ], [ -87.224317, 35.78616 ], [ -87.224347, 35.785952 ], [ -87.225419, 35.776847 ], [ -87.225699, 35.775455 ], [ -87.225744, 35.775193 ], [ -87.225747, 35.775174 ], [ -87.225813, 35.774788 ], [ -87.226214, 35.771809 ], [ -87.227295, 35.764016 ], [ -87.227561, 35.762441 ], [ -87.227608, 35.762075 ], [ -87.227749, 35.76098 ], [ -87.227797, 35.760615 ], [ -87.2278, 35.760588 ], [ -87.22781, 35.760506 ], [ -87.227814, 35.76048 ], [ -87.22787, 35.760052 ], [ -87.227894, 35.759934 ], [ -87.228229, 35.758314 ], [ -87.228342, 35.757775 ], [ -87.228356, 35.757707 ], [ -87.228397, 35.757504 ], [ -87.228412, 35.757437 ], [ -87.229178, 35.751683 ], [ -87.229204, 35.751569 ], [ -87.229225, 35.751379 ], [ -87.229347, 35.75011 ], [ -87.232168, 35.73545 ], [ -87.232184, 35.735365 ], [ -87.232199, 35.735286 ], [ -87.232223, 35.735158 ], [ -87.233759, 35.726784 ], [ -87.234143, 35.724691 ], [ -87.235246, 35.724512 ], [ -87.235436, 35.724481 ], [ -87.236006, 35.724388 ], [ -87.236197, 35.724358 ], [ -87.236463, 35.724315 ], [ -87.239775, 35.723826 ], [ -87.240031, 35.723838 ], [ -87.240756, 35.72369 ], [ -87.240868, 35.723553 ], [ -87.241513, 35.723324 ], [ -87.243198, 35.7217 ], [ -87.244013, 35.721129 ], [ -87.244687, 35.720786 ], [ -87.245238, 35.720709 ], [ -87.245757, 35.720637 ], [ -87.246021, 35.720695 ], [ -87.246188, 35.720722 ], [ -87.246304, 35.72074 ], [ -87.246359, 35.720749 ], [ -87.246413, 35.720757 ], [ -87.246582, 35.720783 ], [ -87.246872, 35.720809 ], [ -87.247189, 35.720739 ], [ -87.247231, 35.720731 ], [ -87.247687, 35.720641 ], [ -87.248141, 35.720529 ], [ -87.248231, 35.720508 ], [ -87.248457, 35.720451 ], [ -87.248566, 35.720422 ], [ -87.248742, 35.720378 ], [ -87.248896, 35.72034 ], [ -87.249006, 35.720314 ], [ -87.249215, 35.720262 ], [ -87.249842, 35.720109 ], [ -87.249882, 35.7201 ], [ -87.250052, 35.72006 ], [ -87.250423, 35.719973 ], [ -87.250906, 35.719862 ], [ -87.250941, 35.719855 ], [ -87.251274, 35.719802 ], [ -87.251541, 35.719797 ], [ -87.25179, 35.719823 ], [ -87.252006, 35.719855 ], [ -87.252678, 35.71993 ], [ -87.253327, 35.719993 ], [ -87.25352, 35.720009 ], [ -87.253925, 35.720045 ], [ -87.254393, 35.720094 ], [ -87.255071, 35.720114 ], [ -87.255706, 35.720132 ], [ -87.258255, 35.720209 ], [ -87.25949, 35.720072 ], [ -87.259641, 35.720068 ], [ -87.260501, 35.72005 ], [ -87.260951, 35.720119 ], [ -87.261319, 35.720089 ], [ -87.261635, 35.720065 ], [ -87.262034, 35.720034 ], [ -87.26213, 35.720027 ], [ -87.262235, 35.719992 ], [ -87.262585, 35.719876 ], [ -87.262622, 35.719864 ], [ -87.263613, 35.719534 ], [ -87.264265, 35.719318 ], [ -87.265147, 35.719081 ], [ -87.265269, 35.719048 ], [ -87.265391, 35.719016 ], [ -87.265033, 35.718567 ], [ -87.263545, 35.717822 ], [ -87.262786, 35.717442 ], [ -87.262461, 35.717369 ], [ -87.262407, 35.717357 ], [ -87.261982, 35.717249 ], [ -87.261611, 35.71715 ], [ -87.261516, 35.717125 ], [ -87.261183, 35.717026 ], [ -87.260804, 35.71692 ], [ -87.259777, 35.716683 ], [ -87.259385, 35.716613 ], [ -87.259039, 35.716546 ], [ -87.258652, 35.716462 ], [ -87.258138, 35.716344 ], [ -87.257664, 35.716244 ], [ -87.25681, 35.716038 ], [ -87.256517, 35.715953 ], [ -87.256222, 35.715873 ], [ -87.255887, 35.715776 ], [ -87.255759, 35.715744 ], [ -87.255551, 35.715682 ], [ -87.255304, 35.715599 ], [ -87.254593, 35.715392 ], [ -87.254427, 35.71534 ], [ -87.254183, 35.715252 ], [ -87.254064, 35.715202 ], [ -87.253605, 35.714982 ], [ -87.253308, 35.714825 ], [ -87.252958, 35.714604 ], [ -87.252655, 35.714394 ], [ -87.252432, 35.714219 ], [ -87.252281, 35.714088 ], [ -87.252139, 35.71395 ], [ -87.252009, 35.713805 ], [ -87.251938, 35.713714 ], [ -87.251806, 35.713528 ], [ -87.251451, 35.712913 ], [ -87.251295, 35.712579 ], [ -87.251215, 35.712375 ], [ -87.251157, 35.712213 ], [ -87.251054, 35.711926 ], [ -87.250981, 35.71172 ], [ -87.250914, 35.711477 ], [ -87.250911, 35.711467 ], [ -87.25083, 35.711126 ], [ -87.250743, 35.710813 ], [ -87.250595, 35.710327 ], [ -87.250492, 35.709908 ], [ -87.250429, 35.709554 ], [ -87.250358, 35.709275 ], [ -87.250348, 35.709183 ], [ -87.250343, 35.709133 ], [ -87.250344, 35.708597 ], [ -87.250339, 35.708454 ], [ -87.250341, 35.708399 ], [ -87.250351, 35.708292 ], [ -87.250356, 35.708114 ], [ -87.250376, 35.707936 ], [ -87.250405, 35.707794 ], [ -87.250415, 35.707759 ], [ -87.25044, 35.707618 ], [ -87.250501, 35.707157 ], [ -87.250544, 35.706982 ], [ -87.250621, 35.70674 ], [ -87.250682, 35.706606 ], [ -87.250779, 35.706486 ], [ -87.250898, 35.70638 ], [ -87.251068, 35.706265 ], [ -87.251283, 35.706138 ], [ -87.251502, 35.706016 ], [ -87.252018, 35.705675 ], [ -87.252381, 35.705411 ], [ -87.252602, 35.705241 ], [ -87.252638, 35.705214 ], [ -87.252844, 35.705026 ], [ -87.253071, 35.704806 ], [ -87.253258, 35.704606 ], [ -87.253429, 35.704397 ], [ -87.253663, 35.704093 ], [ -87.253775, 35.703939 ], [ -87.253914, 35.703715 ], [ -87.254101, 35.703391 ], [ -87.254239, 35.703128 ], [ -87.254337, 35.702929 ], [ -87.254831, 35.701793 ], [ -87.255016, 35.701391 ], [ -87.2551, 35.701226 ], [ -87.255155, 35.701129 ], [ -87.255295, 35.700905 ], [ -87.255459, 35.700693 ], [ -87.25561, 35.700516 ], [ -87.255769, 35.700344 ], [ -87.25646, 35.69969 ], [ -87.256846, 35.699344 ], [ -87.257221, 35.698991 ], [ -87.257732, 35.698542 ], [ -87.257938, 35.698354 ], [ -87.258118, 35.698196 ], [ -87.258352, 35.69798 ], [ -87.258521, 35.697815 ], [ -87.258739, 35.697636 ], [ -87.258963, 35.697462 ], [ -87.259494, 35.697138 ], [ -87.25987, 35.696926 ], [ -87.260249, 35.696739 ], [ -87.260518, 35.696612 ], [ -87.260674, 35.696543 ], [ -87.260916, 35.696452 ], [ -87.261111, 35.69639 ], [ -87.261496, 35.69627 ], [ -87.262014, 35.696161 ], [ -87.262188, 35.696131 ], [ -87.262419, 35.696099 ], [ -87.262985, 35.696 ], [ -87.263161, 35.695978 ], [ -87.263511, 35.695951 ], [ -87.263822, 35.695937 ], [ -87.264222, 35.695912 ], [ -87.264709, 35.695868 ], [ -87.264931, 35.695863 ], [ -87.265264, 35.695871 ], [ -87.265338, 35.695832 ], [ -87.265378, 35.695815 ], [ -87.265462, 35.695791 ], [ -87.265682, 35.695767 ], [ -87.26586, 35.695762 ], [ -87.265994, 35.695765 ], [ -87.26632, 35.69579 ], [ -87.266481, 35.695803 ], [ -87.26697, 35.695822 ], [ -87.267369, 35.695846 ], [ -87.267678, 35.695881 ], [ -87.267898, 35.69591 ], [ -87.268296, 35.695949 ], [ -87.268518, 35.695954 ], [ -87.268918, 35.695971 ], [ -87.269539, 35.696002 ], [ -87.269762, 35.696014 ], [ -87.270074, 35.696022 ], [ -87.270162, 35.696028 ], [ -87.270612, 35.696073 ], [ -87.270754, 35.696099 ], [ -87.270872, 35.696122 ], [ -87.27104, 35.696171 ], [ -87.27117, 35.696219 ], [ -87.271202, 35.696231 ], [ -87.2713, 35.696283 ], [ -87.271614, 35.696282 ], [ -87.272459, 35.696321 ], [ -87.272592, 35.696331 ], [ -87.273172, 35.696338 ], [ -87.273439, 35.696331 ], [ -87.273838, 35.696305 ], [ -87.274147, 35.696274 ], [ -87.274413, 35.696252 ], [ -87.274768, 35.696228 ], [ -87.275302, 35.696211 ], [ -87.275658, 35.696217 ], [ -87.27588, 35.696228 ], [ -87.275912, 35.696231 ], [ -87.276411, 35.696282 ], [ -87.276763, 35.696324 ], [ -87.27694, 35.69634 ], [ -87.277696, 35.696365 ], [ -87.277785, 35.696359 ], [ -87.278399, 35.696274 ], [ -87.279018, 35.696211 ], [ -87.279284, 35.696198 ], [ -87.279418, 35.696206 ], [ -87.279549, 35.696223 ], [ -87.279679, 35.69625 ], [ -87.279804, 35.696286 ], [ -87.279967, 35.696344 ], [ -87.2802, 35.69645 ], [ -87.280349, 35.696528 ], [ -87.280543, 35.696616 ], [ -87.280745, 35.696691 ], [ -87.280912, 35.69674 ], [ -87.28143, 35.696848 ], [ -87.281683, 35.696889 ], [ -87.282208, 35.696971 ], [ -87.282294, 35.696991 ], [ -87.282598, 35.697047 ], [ -87.282813, 35.697094 ], [ -87.283075, 35.697136 ], [ -87.283607, 35.697177 ], [ -87.283874, 35.697186 ], [ -87.284141, 35.69719 ], [ -87.284586, 35.697169 ], [ -87.284898, 35.697169 ], [ -87.285076, 35.697164 ], [ -87.285298, 35.697149 ], [ -87.285563, 35.697126 ], [ -87.285904, 35.697122 ], [ -87.286127, 35.697116 ], [ -87.286526, 35.697086 ], [ -87.287283, 35.697076 ], [ -87.287683, 35.69706 ], [ -87.288526, 35.696998 ], [ -87.289057, 35.696947 ], [ -87.289409, 35.696904 ], [ -87.289601, 35.696874 ], [ -87.29024, 35.696778 ], [ -87.290544, 35.696722 ], [ -87.290849, 35.696671 ], [ -87.291274, 35.696566 ], [ -87.291544, 35.696475 ], [ -87.291706, 35.696417 ], [ -87.291982, 35.6963 ], [ -87.292361, 35.696113 ], [ -87.292987, 35.69577 ], [ -87.293174, 35.695674 ], [ -87.29333, 35.695604 ], [ -87.29353, 35.695525 ], [ -87.293656, 35.695491 ], [ -87.293745, 35.695481 ], [ -87.293952, 35.695483 ], [ -87.293996, 35.695487 ], [ -87.294263, 35.695489 ], [ -87.294352, 35.695482 ], [ -87.294483, 35.69546 ], [ -87.294609, 35.695425 ], [ -87.29465, 35.69541 ], [ -87.294802, 35.695336 ], [ -87.294946, 35.695252 ], [ -87.295205, 35.695056 ], [ -87.295378, 35.694944 ], [ -87.295809, 35.694634 ], [ -87.296057, 35.694429 ], [ -87.29611, 35.694372 ], [ -87.296295, 35.694127 ], [ -87.296416, 35.693977 ], [ -87.296601, 35.693733 ], [ -87.296768, 35.693481 ], [ -87.296942, 35.693192 ], [ -87.297118, 35.692879 ], [ -87.297172, 35.692767 ], [ -87.297257, 35.692565 ], [ -87.297301, 35.692464 ], [ -87.297422, 35.69212 ], [ -87.297578, 35.691711 ], [ -87.297661, 35.691433 ], [ -87.297778, 35.691089 ], [ -87.297809, 35.690985 ], [ -87.297901, 35.690563 ], [ -87.297968, 35.69021 ], [ -87.298034, 35.689749 ], [ -87.298042, 35.689571 ], [ -87.298037, 35.68948 ], [ -87.298173, 35.689463 ], [ -87.298308, 35.689445 ], [ -87.29847, 35.689424 ], [ -87.298758, 35.68927 ], [ -87.299284, 35.689044 ], [ -87.299789, 35.688892 ], [ -87.30003, 35.688414 ], [ -87.30013, 35.688154 ], [ -87.300497, 35.688034 ], [ -87.300695, 35.687929 ], [ -87.301091, 35.687947 ], [ -87.302081, 35.688063 ], [ -87.302616, 35.687951 ], [ -87.302944, 35.687708 ], [ -87.303233, 35.687336 ], [ -87.303502, 35.686874 ], [ -87.30389, 35.68651 ], [ -87.304039, 35.68634 ], [ -87.304475, 35.686342 ], [ -87.30492, 35.686513 ], [ -87.305405, 35.686685 ], [ -87.306048, 35.686679 ], [ -87.306713, 35.686195 ], [ -87.307867, 35.686128 ] ] ] } },
{ "type": "Feature", "properties": { "STATEFP": "47", "COUNTYFP": "111", "COUNTYNS": "01639768", "GEOID": "47111", "GEOIDFQ": "0500000US47111", "NAME": "Macon", "NAMELSAD": "Macon County", "LSAD": "06", "CLASSFP": "H1", "MTFCC": "G4020", "CSAFP": "400", "CBSAFP": "34980", "METDIVFP": null, "FUNCSTAT": "A", "ALAND": 795498343, "AWATER": 246690, "INTPTLAT": "+36.5377572", "INTPTLON": "-086.0009596" }, "geometry": { "type": "Polygon", "coordinates": [ [ [ -85.807145, 36.552475 ], [ -85.807144, 36.55245 ], [ -85.807294, 36.551356 ], [ -85.807734, 36.548067 ], [ -85.807882, 36.546971 ], [ -85.80789, 36.546905 ], [ -85.807977, 36.546093 ], [ -85.808259, 36.543462 ], [ -85.808354, 36.542585 ], [ -85.808534, 36.540901 ], [ -85.809076, 36.53585 ], [ -85.809257, 36.534167 ], [ -85.809338, 36.533397 ], [ -85.809584, 36.531089 ], [ -85.809668, 36.530311 ], [ -85.809723, 36.529806 ], [ -85.809887, 36.52831 ], [ -85.809892, 36.528268 ], [ -85.80996, 36.527758 ], [ -85.809967, 36.527698 ], [ -85.809991, 36.527517 ], [ -85.809999, 36.527458 ], [ -85.810212, 36.525825 ], [ -85.810853, 36.520927 ], [ -85.811068, 36.519295 ], [ -85.811146, 36.518682 ], [ -85.811383, 36.516847 ], [ -85.811427, 36.516517 ], [ -85.811498, 36.516234 ], [ -85.811517, 36.516166 ], [ -85.811685, 36.515525 ], [ -85.812255, 36.513376 ], [ -85.812447, 36.512661 ], [ -85.812462, 36.512601 ], [ -85.812504, 36.512449 ], [ -85.812506, 36.512423 ], [ -85.812514, 36.512362 ], [ -85.812603, 36.511698 ], [ -85.81287, 36.509708 ], [ -85.812896, 36.50952 ], [ -85.812941, 36.509043 ], [ -85.812948, 36.508961 ], [ -85.812971, 36.508716 ], [ -85.812979, 36.508635 ], [ -85.813031, 36.508078 ], [ -85.813189, 36.50641 ], [ -85.813243, 36.505854 ], [ -85.813257, 36.505711 ], [ -85.813354, 36.504694 ], [ -85.813686, 36.501215 ], [ -85.813797, 36.500056 ], [ -85.813814, 36.499939 ], [ -85.813867, 36.499589 ], [ -85.813885, 36.499473 ], [ -85.813891, 36.49943 ], [ -85.813911, 36.499302 ], [ -85.813918, 36.49926 ], [ -85.814074, 36.498265 ], [ -85.814546, 36.495282 ], [ -85.814704, 36.494288 ], [ -85.814806, 36.493635 ], [ -85.815116, 36.491679 ], [ -85.8152, 36.49115 ], [ -85.815221, 36.491028 ], [ -85.81538, 36.490161 ], [ -85.81586, 36.48756 ], [ -85.81602, 36.486694 ], [ -85.816022, 36.486685 ], [ -85.81659, 36.483026 ], [ -85.8183, 36.472025 ], [ -85.818706, 36.469414 ], [ -85.818853, 36.468467 ], [ -85.818866, 36.468384 ], [ -85.81887, 36.468358 ], [ -85.818879, 36.468299 ], [ -85.818908, 36.468125 ], [ -85.818918, 36.468067 ], [ -85.819049, 36.467251 ], [ -85.819309, 36.465639 ], [ -85.819328, 36.465526 ], [ -85.820475, 36.458353 ], [ -85.820864, 36.455925 ], [ -85.820932, 36.455713 ], [ -85.820946, 36.455668 ], [ -85.821032, 36.4554 ], [ -85.82114, 36.454731 ], [ -85.821729, 36.451092 ], [ -85.821908, 36.449988 ], [ -85.821927, 36.44988 ], [ -85.821998, 36.449439 ], [ -85.822212, 36.448116 ], [ -85.822234, 36.447935 ], [ -85.822256, 36.44784 ], [ -85.822272, 36.447743 ], [ -85.822283, 36.447676 ], [ -85.822493, 36.446323 ], [ -85.823127, 36.442266 ], [ -85.823322, 36.441022 ], [ -85.823337, 36.440914 ], [ -85.823883, 36.437491 ], [ -85.824121, 36.435996 ], [ -85.824164, 36.435723 ], [ -85.826648, 36.42015 ], [ -85.827476, 36.41496 ], [ -85.827536, 36.414575 ], [ -85.82772, 36.413421 ], [ -85.82775, 36.413239 ], [ -85.827779, 36.413037 ], [ -85.827782, 36.413016 ], [ -85.827794, 36.412955 ], [ -85.827798, 36.412935 ], [ -85.827806, 36.41289 ], [ -85.827842, 36.412714 ], [ -85.82798, 36.412055 ], [ -85.828026, 36.411836 ], [ -85.829958, 36.412104 ], [ -85.832271, 36.412426 ], [ -85.835756, 36.412906 ], [ -85.837689, 36.413173 ], [ -85.838919, 36.413342 ], [ -85.84136, 36.413679 ], [ -85.842612, 36.413851 ], [ -85.843843, 36.414021 ], [ -85.843875, 36.414026 ], [ -85.843987, 36.414041 ], [ -85.845561, 36.414256 ], [ -85.848061, 36.414598 ], [ -85.850714, 36.414961 ], [ -85.851248, 36.415035 ], [ -85.852443, 36.415056 ], [ -85.852622, 36.415058 ], [ -85.854832, 36.41512 ], [ -85.855444, 36.415136 ], [ -85.863919, 36.41537 ], [ -85.864452, 36.415385 ], [ -85.867002, 36.415459 ], [ -85.867321, 36.415464 ], [ -85.867457, 36.415467 ], [ -85.867686, 36.415466 ], [ -85.868377, 36.415474 ], [ -85.868555, 36.415477 ], [ -85.868616, 36.41548 ], [ -85.8704, 36.415504 ], [ -85.874981, 36.415568 ], [ -85.875773, 36.415569 ], [ -85.877479, 36.415573 ], [ -85.877535, 36.415583 ], [ -85.877563, 36.415588 ], [ -85.877599, 36.415594 ], [ -85.877659, 36.415605 ], [ -85.877709, 36.415613 ], [ -85.87775, 36.41562 ], [ -85.877914, 36.415643 ], [ -85.879836, 36.415917 ], [ -85.880532, 36.416015 ], [ -85.888887, 36.4172 ], [ -85.891673, 36.417595 ], [ -85.891704, 36.4176 ], [ -85.891803, 36.417613 ], [ -85.892194, 36.417622 ], [ -85.892325, 36.417625 ], [ -85.892655, 36.417684 ], [ -85.893646, 36.417861 ], [ -85.893977, 36.41792 ], [ -85.894126, 36.417903 ], [ -85.894238, 36.417891 ], [ -85.894336, 36.417886 ], [ -85.894429, 36.417889 ], [ -85.894514, 36.417905 ], [ -85.894571, 36.417928 ], [ -85.894588, 36.417935 ], [ -85.894648, 36.417979 ], [ -85.894686, 36.418024 ], [ -85.894696, 36.418036 ], [ -85.894731, 36.418102 ], [ -85.894756, 36.418176 ], [ -85.894857, 36.418553 ], [ -85.894985, 36.41903 ], [ -85.895093, 36.419348 ], [ -85.895159, 36.419496 ], [ -85.895237, 36.419633 ], [ -85.895319, 36.419747 ], [ -85.895527, 36.419978 ], [ -85.895574, 36.420038 ], [ -85.895654, 36.42014 ], [ -85.895679, 36.420199 ], [ -85.89572, 36.420319 ], [ -85.89573, 36.420382 ], [ -85.895732, 36.420446 ], [ -85.895719, 36.420556 ], [ -85.895931, 36.420345 ], [ -85.896154, 36.420125 ], [ -85.896507, 36.419792 ], [ -85.896576, 36.419721 ], [ -85.896788, 36.41951 ], [ -85.896968, 36.419356 ], [ -85.897255, 36.419129 ], [ -85.897791, 36.418707 ], [ -85.898066, 36.418473 ], [ -85.898152, 36.418393 ], [ -85.898232, 36.418311 ], [ -85.898306, 36.418225 ], [ -85.898377, 36.418134 ], [ -85.898435, 36.418038 ], [ -85.898516, 36.417862 ], [ -85.898523, 36.417848 ], [ -85.898558, 36.417747 ], [ -85.898602, 36.417547 ], [ -85.898647, 36.417275 ], [ -85.89865, 36.417259 ], [ -85.898667, 36.417182 ], [ -85.898676, 36.417103 ], [ -85.898672, 36.417022 ], [ -85.898666, 36.416988 ], [ -85.898648, 36.416935 ], [ -85.898642, 36.416921 ], [ -85.898606, 36.416842 ], [ -85.898526, 36.416585 ], [ -85.898289, 36.415816 ], [ -85.898211, 36.41556 ], [ -85.898201, 36.415528 ], [ -85.899175, 36.415569 ], [ -85.902105, 36.415698 ], [ -85.903084, 36.415743 ], [ -85.903778, 36.415773 ], [ -85.904031, 36.415785 ], [ -85.903973, 36.417617 ], [ -85.903952, 36.418314 ], [ -85.90395, 36.418336 ], [ -85.903948, 36.418404 ], [ -85.903948, 36.418427 ], [ -85.904912, 36.418507 ], [ -85.907808, 36.418747 ], [ -85.908774, 36.418827 ], [ -85.908918, 36.418839 ], [ -85.910372, 36.418992 ], [ -85.915166, 36.419499 ], [ -85.916764, 36.419668 ], [ -85.916779, 36.41967 ], [ -85.918594, 36.419861 ], [ -85.92408, 36.420441 ], [ -85.925192, 36.420559 ], [ -85.925279, 36.420568 ], [ -85.925467, 36.420588 ], [ -85.92591, 36.420634 ], [ -85.925949, 36.420638 ], [ -85.926065, 36.42065 ], [ -85.926106, 36.420655 ], [ -85.9275, 36.420802 ], [ -85.931687, 36.421244 ], [ -85.933079, 36.421386 ], [ -85.933095, 36.421394 ], [ -85.934869, 36.421589 ], [ -85.939137, 36.42206 ], [ -85.940227, 36.42218 ], [ -85.942014, 36.422378 ], [ -85.942261, 36.422227 ], [ -85.942584, 36.42203 ], [ -85.942956, 36.421712 ], [ -85.942971, 36.4217 ], [ -85.943197, 36.421551 ], [ -85.943271, 36.421502 ], [ -85.943719, 36.421233 ], [ -85.943812, 36.421193 ], [ -85.944284, 36.420997 ], [ -85.945378, 36.420661 ], [ -85.945664, 36.42054 ], [ -85.945827, 36.420486 ], [ -85.945984, 36.420436 ], [ -85.946194, 36.42031 ], [ -85.946351, 36.420183 ], [ -85.946416, 36.420106 ], [ -85.946568, 36.420277 ], [ -85.946817, 36.420554 ], [ -85.947086, 36.420732 ], [ -85.947281, 36.420861 ], [ -85.947634, 36.421121 ], [ -85.949018, 36.422528 ], [ -85.949391, 36.422908 ], [ -85.956079, 36.423499 ], [ -85.958328, 36.423699 ], [ -85.958487, 36.423712 ], [ -85.958609, 36.423723 ], [ -85.958906, 36.423749 ], [ -85.960164, 36.423862 ], [ -85.960431, 36.423887 ], [ -85.960585, 36.4239 ], [ -85.96096, 36.423934 ], [ -85.961153, 36.423951 ], [ -85.962088, 36.424035 ], [ -85.962464, 36.424069 ], [ -85.963381, 36.42415 ], [ -85.966137, 36.424396 ], [ -85.967057, 36.42448 ], [ -85.967134, 36.424485 ], [ -85.96737, 36.424506 ], [ -85.967445, 36.424515 ], [ -85.967558, 36.424525 ], [ -85.969738, 36.424822 ], [ -85.976603, 36.42576 ], [ -85.977811, 36.425925 ], [ -85.978893, 36.426073 ], [ -85.981054, 36.426368 ], [ -85.98707, 36.427189 ], [ -85.987142, 36.427199 ], [ -85.987208, 36.427207 ], [ -85.987289, 36.427219 ], [ -85.987345, 36.427226 ], [ -85.987541, 36.427252 ], [ -85.989708, 36.427549 ], [ -85.989893, 36.427579 ], [ -85.990209, 36.42763 ], [ -85.991757, 36.42779 ], [ -85.997928, 36.428431 ], [ -85.999985, 36.428645 ], [ -86.001932, 36.428928 ], [ -86.002232, 36.428952 ], [ -86.002575, 36.428985 ], [ -86.00291, 36.429015 ], [ -86.016094, 36.430213 ], [ -86.016483, 36.430248 ], [ -86.016522, 36.430251 ], [ -86.016536, 36.430253 ], [ -86.020535, 36.430613 ], [ -86.032533, 36.431695 ], [ -86.036533, 36.432056 ], [ -86.0376, 36.432152 ], [ -86.040801, 36.43244 ], [ -86.041869, 36.432537 ], [ -86.047342, 36.433031 ], [ -86.063768, 36.434518 ], [ -86.069244, 36.435015 ], [ -86.069898, 36.43508 ], [ -86.071866, 36.435281 ], [ -86.072115, 36.435307 ], [ -86.072523, 36.435344 ], [ -86.072548, 36.435347 ], [ -86.073195, 36.435404 ], [ -86.07521, 36.435587 ], [ -86.075884, 36.43565 ], [ -86.076339, 36.43569 ], [ -86.077706, 36.435815 ], [ -86.077814, 36.435825 ], [ -86.078163, 36.435856 ], [ -86.078178, 36.435858 ], [ -86.078688, 36.435902 ], [ -86.080045, 36.436022 ], [ -86.080265, 36.436041 ], [ -86.080794, 36.43609 ], [ -86.081949, 36.436194 ], [ -86.084883, 36.436463 ], [ -86.085423, 36.436505 ], [ -86.086185, 36.436566 ], [ -86.086583, 36.436595 ], [ -86.086609, 36.436598 ], [ -86.086877, 36.436618 ], [ -86.08708, 36.436636 ], [ -86.08776, 36.436701 ], [ -86.088057, 36.436733 ], [ -86.092468, 36.437176 ], [ -86.102318, 36.438169 ], [ -86.105708, 36.43851 ], [ -86.109412, 36.438883 ], [ -86.11013, 36.438956 ], [ -86.110175, 36.438959 ], [ -86.110308, 36.438974 ], [ -86.110332, 36.438975 ], [ -86.110388, 36.438982 ], [ -86.110478, 36.438991 ], [ -86.111906, 36.439134 ], [ -86.116469, 36.439594 ], [ -86.117992, 36.439748 ], [ -86.118983, 36.439848 ], [ -86.121961, 36.440148 ], [ -86.122445, 36.440197 ], [ -86.122956, 36.440232 ], [ -86.122976, 36.440234 ], [ -86.124215, 36.440319 ], [ -86.124981, 36.440372 ], [ -86.126457, 36.4405 ], [ -86.136954, 36.441415 ], [ -86.140454, 36.441721 ], [ -86.14047, 36.441723 ], [ -86.141635, 36.441831 ], [ -86.141708, 36.441838 ], [ -86.141781, 36.441844 ], [ -86.144341, 36.44208 ], [ -86.145684, 36.442205 ], [ -86.145805, 36.442217 ], [ -86.14593, 36.442228 ], [ -86.146037, 36.442238 ], [ -86.156004, 36.443159 ], [ -86.1595, 36.443483 ], [ -86.159889, 36.44349 ], [ -86.159924, 36.44349 ], [ -86.160016, 36.443491 ], [ -86.160048, 36.443494 ], [ -86.160952, 36.443582 ], [ -86.161018, 36.443589 ], [ -86.161085, 36.443595 ], [ -86.163216, 36.443802 ], [ -86.168261, 36.444293 ], [ -86.171029, 36.44782 ], [ -86.171713, 36.448691 ], [ -86.172937, 36.450369 ], [ -86.173339, 36.450921 ], [ -86.174548, 36.452577 ], [ -86.174951, 36.453129 ], [ -86.175262, 36.453556 ], [ -86.175742, 36.454213 ], [ -86.176155, 36.454866 ], [ -86.176439, 36.455314 ], [ -86.176539, 36.455473 ], [ -86.176708, 36.455737 ], [ -86.176842, 36.455949 ], [ -86.176947, 36.456115 ], [ -86.176977, 36.456163 ], [ -86.177077, 36.456321 ], [ -86.177111, 36.456375 ], [ -86.177163, 36.456458 ], [ -86.177319, 36.456703 ], [ -86.177375, 36.456792 ], [ -86.177873, 36.457585 ], [ -86.179369, 36.459967 ], [ -86.179543, 36.460244 ], [ -86.179792, 36.460691 ], [ -86.179841, 36.460778 ], [ -86.179901, 36.460886 ], [ -86.180082, 36.46121 ], [ -86.180143, 36.461318 ], [ -86.180225, 36.461465 ], [ -86.180471, 36.461906 ], [ -86.180554, 36.462053 ], [ -86.181643, 36.464001 ], [ -86.183324, 36.46701 ], [ -86.184711, 36.46995 ], [ -86.185665, 36.471969 ], [ -86.185926, 36.472523 ], [ -86.18703, 36.47506 ], [ -86.188221, 36.477794 ], [ -86.190066, 36.482725 ], [ -86.191951, 36.482904 ], [ -86.195317, 36.483224 ], [ -86.195453, 36.483237 ], [ -86.195659, 36.483256 ], [ -86.195748, 36.483265 ], [ -86.196682, 36.483354 ], [ -86.197025, 36.483387 ], [ -86.197085, 36.483393 ], [ -86.197177, 36.483401 ], [ -86.197632, 36.483444 ], [ -86.197785, 36.483459 ], [ -86.198368, 36.483514 ], [ -86.199545, 36.483626 ], [ -86.204827, 36.484129 ], [ -86.206588, 36.484297 ], [ -86.209197, 36.484545 ], [ -86.217025, 36.48529 ], [ -86.219635, 36.485539 ], [ -86.219654, 36.485541 ], [ -86.219684, 36.485543 ], [ -86.219828, 36.485557 ], [ -86.219878, 36.485562 ], [ -86.220198, 36.485592 ], [ -86.22116, 36.485684 ], [ -86.221492, 36.485716 ], [ -86.221506, 36.485717 ], [ -86.22158, 36.485723 ], [ -86.221605, 36.485726 ], [ -86.22188, 36.485752 ], [ -86.222704, 36.48583 ], [ -86.222979, 36.485856 ], [ -86.224351, 36.485987 ], [ -86.228469, 36.48638 ], [ -86.228724, 36.486405 ], [ -86.228574, 36.486656 ], [ -86.228464, 36.487108 ], [ -86.228434, 36.487472 ], [ -86.228497, 36.488083 ], [ -86.228604, 36.489105 ], [ -86.227911, 36.488672 ], [ -86.227865, 36.488644 ], [ -86.227305, 36.488626 ], [ -86.226066, 36.488587 ], [ -86.225028, 36.488556 ], [ -86.225947, 36.490545 ], [ -86.225464, 36.490603 ], [ -86.224236, 36.490752 ], [ -86.22422, 36.490753 ], [ -86.224178, 36.490758 ], [ -86.224164, 36.49076 ], [ -86.224018, 36.490777 ], [ -86.222331, 36.490982 ], [ -86.222201, 36.491915 ], [ -86.222155, 36.492241 ], [ -86.221341, 36.498055 ], [ -86.218933, 36.498081 ], [ -86.218916, 36.499155 ], [ -86.218902, 36.500056 ], [ -86.218899, 36.50168 ], [ -86.218865, 36.502156 ], [ -86.218857, 36.502272 ], [ -86.218854, 36.502288 ], [ -86.218852, 36.502323 ], [ -86.218849, 36.502341 ], [ -86.218849, 36.50236 ], [ -86.218847, 36.502377 ], [ -86.218766, 36.503512 ], [ -86.218613, 36.505673 ], [ -86.217505, 36.506362 ], [ -86.216525, 36.506975 ], [ -86.216361, 36.508663 ], [ -86.216058, 36.511807 ], [ -86.215945, 36.512969 ], [ -86.215872, 36.513727 ], [ -86.215709, 36.515422 ], [ -86.215691, 36.515592 ], [ -86.215638, 36.516122 ], [ -86.21562, 36.516299 ], [ -86.21521, 36.520516 ], [ -86.214784, 36.52491 ], [ -86.218631, 36.525152 ], [ -86.217928, 36.529177 ], [ -86.218287, 36.529156 ], [ -86.22252, 36.52892 ], [ -86.222678, 36.528909 ], [ -86.223156, 36.528884 ], [ -86.223316, 36.528876 ], [ -86.223599, 36.52886 ], [ -86.224451, 36.528816 ], [ -86.224735, 36.528801 ], [ -86.224808, 36.528795 ], [ -86.22503, 36.528781 ], [ -86.225104, 36.528776 ], [ -86.225063, 36.529001 ], [ -86.224944, 36.529676 ], [ -86.224905, 36.529902 ], [ -86.224898, 36.52994 ], [ -86.224832, 36.530301 ], [ -86.224616, 36.531502 ], [ -86.224544, 36.531902 ], [ -86.224531, 36.531968 ], [ -86.224496, 36.532169 ], [ -86.224484, 36.532236 ], [ -86.224211, 36.533757 ], [ -86.223394, 36.538322 ], [ -86.223122, 36.539844 ], [ -86.223038, 36.540314 ], [ -86.222913, 36.540921 ], [ -86.222251, 36.544144 ], [ -86.222077, 36.544993 ], [ -86.222034, 36.545211 ], [ -86.222032, 36.54522 ], [ -86.221978, 36.545473 ], [ -86.221817, 36.546235 ], [ -86.221765, 36.546489 ], [ -86.221727, 36.54667 ], [ -86.221614, 36.547216 ], [ -86.221578, 36.547391 ], [ -86.221573, 36.547411 ], [ -86.221552, 36.54751 ], [ -86.221481, 36.547848 ], [ -86.221458, 36.547961 ], [ -86.22142, 36.548142 ], [ -86.22131, 36.548687 ], [ -86.221274, 36.548869 ], [ -86.221233, 36.549106 ], [ -86.221113, 36.54982 ], [ -86.221073, 36.550058 ], [ -86.221068, 36.550082 ], [ -86.221057, 36.550156 ], [ -86.221057, 36.550178 ], [ -86.221051, 36.550192 ], [ -86.221007, 36.550436 ], [ -86.220878, 36.551208 ], [ -86.220837, 36.551466 ], [ -86.220552, 36.553156 ], [ -86.220159, 36.555506 ], [ -86.219616, 36.558215 ], [ -86.219281, 36.559898 ], [ -86.21906, 36.560997 ], [ -86.218796, 36.562321 ], [ -86.218524, 36.564318 ], [ -86.218373, 36.56543 ], [ -86.218364, 36.565496 ], [ -86.218259, 36.565945 ], [ -86.217901, 36.567487 ], [ -86.217782, 36.568001 ], [ -86.217725, 36.568298 ], [ -86.217561, 36.569192 ], [ -86.217505, 36.569498 ], [ -86.217409, 36.57001 ], [ -86.21712, 36.571573 ], [ -86.217026, 36.572095 ], [ -86.21701, 36.572171 ], [ -86.216967, 36.572403 ], [ -86.216953, 36.57248 ], [ -86.216952, 36.572493 ], [ -86.216835, 36.573121 ], [ -86.216482, 36.575041 ], [ -86.216364, 36.575681 ], [ -86.216353, 36.575736 ], [ -86.216322, 36.575904 ], [ -86.216312, 36.57596 ], [ -86.216309, 36.575972 ], [ -86.216304, 36.576008 ], [ -86.216303, 36.576018 ], [ -86.216286, 36.576102 ], [ -86.216241, 36.576345 ], [ -86.216226, 36.576427 ], [ -86.216174, 36.576712 ], [ -86.216081, 36.577227 ], [ -86.216069, 36.577295 ], [ -86.216019, 36.577567 ], [ -86.215968, 36.577852 ], [ -86.215962, 36.577881 ], [ -86.215946, 36.57797 ], [ -86.215941, 36.578 ], [ -86.215856, 36.578474 ], [ -86.21576, 36.579 ], [ -86.215603, 36.579869 ], [ -86.21521, 36.582001 ], [ -86.215026, 36.583001 ], [ -86.214544, 36.585619 ], [ -86.213997, 36.588594 ], [ -86.213135, 36.593481 ], [ -86.212673, 36.596103 ], [ -86.212634, 36.596176 ], [ -86.212599, 36.596244 ], [ -86.212567, 36.596415 ], [ -86.212553, 36.596497 ], [ -86.212489, 36.59684 ], [ -86.212301, 36.597872 ], [ -86.212239, 36.598216 ], [ -86.212111, 36.598907 ], [ -86.211728, 36.60098 ], [ -86.211627, 36.601528 ], [ -86.211602, 36.601666 ], [ -86.211358, 36.602978 ], [ -86.210803, 36.605981 ], [ -86.210644, 36.6069 ], [ -86.210418, 36.60821 ], [ -86.210367, 36.608496 ], [ -86.210217, 36.609356 ], [ -86.210167, 36.609647 ], [ -86.209986, 36.61069 ], [ -86.209763, 36.61198 ], [ -86.209432, 36.61383 ], [ -86.209252, 36.614847 ], [ -86.209249, 36.614877 ], [ -86.209246, 36.614901 ], [ -86.209243, 36.614929 ], [ -86.209227, 36.615085 ], [ -86.209222, 36.615138 ], [ -86.208215, 36.625043 ], [ -86.208209, 36.625071 ], [ -86.207097, 36.629941 ], [ -86.207039, 36.63026 ], [ -86.206809, 36.63166 ], [ -86.205572, 36.639206 ], [ -86.205517, 36.63954 ], [ -86.205446, 36.639897 ], [ -86.205388, 36.640184 ], [ -86.20496, 36.640157 ], [ -86.20444, 36.640129 ], [ -86.201866, 36.639971 ], [ -86.198037, 36.639739 ], [ -86.197753, 36.639721 ], [ -86.197528, 36.639708 ], [ -86.193898, 36.639485 ], [ -86.186562, 36.639235 ], [ -86.182033, 36.638915 ], [ -86.175171, 36.638442 ], [ -86.173377, 36.638317 ], [ -86.171506, 36.638186 ], [ -86.165435, 36.637764 ], [ -86.165091, 36.637748 ], [ -86.16114, 36.637574 ], [ -86.160389, 36.637538 ], [ -86.160106, 36.637526 ], [ -86.155383, 36.63732 ], [ -86.14406, 36.63681 ], [ -86.139413, 36.636603 ], [ -86.128206, 36.636103 ], [ -86.120952, 36.63578 ], [ -86.114501, 36.635491 ], [ -86.11429, 36.635482 ], [ -86.107669, 36.635187 ], [ -86.104827, 36.635061 ], [ -86.103434, 36.634998 ], [ -86.0943, 36.634593 ], [ -86.082109, 36.634049 ], [ -86.081794, 36.634035 ], [ -86.081281, 36.634014 ], [ -86.080545, 36.633981 ], [ -86.077113, 36.633833 ], [ -86.077072, 36.633831 ], [ -86.073242, 36.633619 ], [ -86.071572, 36.633513 ], [ -86.070552, 36.633432 ], [ -86.063201, 36.632904 ], [ -86.062673, 36.632865 ], [ -86.059349, 36.63263 ], [ -86.052161, 36.632108 ], [ -86.044521, 36.631555 ], [ -86.042602, 36.631418 ], [ -86.038091, 36.631095 ], [ -86.037309, 36.631041 ], [ -86.032922, 36.630736 ], [ -86.032405, 36.630708 ], [ -86.032049, 36.630688 ], [ -86.024819, 36.630293 ], [ -86.021654, 36.630159 ], [ -86.006113, 36.629552 ], [ -86.005346, 36.62953 ], [ -86.005019, 36.629517 ], [ -86.002973, 36.629443 ], [ -86.001895, 36.629405 ], [ -85.99115, 36.629021 ], [ -85.980662, 36.628644 ], [ -85.978915, 36.628583 ], [ -85.976418, 36.628493 ], [ -85.972488, 36.628319 ], [ -85.966991, 36.628076 ], [ -85.956216, 36.627589 ], [ -85.936385, 36.626702 ], [ -85.934747, 36.62663 ], [ -85.928325, 36.626342 ], [ -85.921962, 36.626058 ], [ -85.920797, 36.626005 ], [ -85.920732, 36.626003 ], [ -85.920663, 36.625999 ], [ -85.919498, 36.625948 ], [ -85.918692, 36.625917 ], [ -85.91861, 36.625912 ], [ -85.918529, 36.625907 ], [ -85.910365, 36.625539 ], [ -85.908447, 36.625458 ], [ -85.905423, 36.625318 ], [ -85.875956, 36.623999 ], [ -85.873899, 36.62391 ], [ -85.864943, 36.623518 ], [ -85.860043, 36.623305 ], [ -85.853666, 36.623028 ], [ -85.844948, 36.622646 ], [ -85.84471, 36.622637 ], [ -85.832432, 36.6221 ], [ -85.831974, 36.622101 ], [ -85.828856, 36.622108 ], [ -85.826325, 36.622115 ], [ -85.826037, 36.622117 ], [ -85.824725, 36.622119 ], [ -85.811074, 36.622153 ], [ -85.805298, 36.622166 ], [ -85.805194, 36.622167 ], [ -85.805075, 36.622168 ], [ -85.80286, 36.622171 ], [ -85.802567, 36.622173 ], [ -85.802359, 36.622176 ], [ -85.797424, 36.622186 ], [ -85.796565, 36.622188 ], [ -85.790002, 36.622076 ], [ -85.788858, 36.622055 ], [ -85.788726, 36.622048 ], [ -85.788678, 36.621989 ], [ -85.788612, 36.621843 ], [ -85.788597, 36.62181 ], [ -85.788588, 36.621789 ], [ -85.788559, 36.621718 ], [ -85.788547, 36.621688 ], [ -85.788525, 36.621583 ], [ -85.788531, 36.621548 ], [ -85.788595, 36.621327 ], [ -85.788632, 36.621205 ], [ -85.788695, 36.619368 ], [ -85.788703, 36.619301 ], [ -85.788696, 36.619226 ], [ -85.788687, 36.619174 ], [ -85.788671, 36.619123 ], [ -85.788652, 36.619074 ], [ -85.78863, 36.61902 ], [ -85.788626, 36.619009 ], [ -85.788624, 36.618991 ], [ -85.788612, 36.618959 ], [ -85.788606, 36.618924 ], [ -85.788593, 36.618839 ], [ -85.788586, 36.618716 ], [ -85.788585, 36.618486 ], [ -85.788575, 36.618399 ], [ -85.788568, 36.61833 ], [ -85.788556, 36.618298 ], [ -85.788543, 36.618231 ], [ -85.788523, 36.618147 ], [ -85.788512, 36.618114 ], [ -85.788497, 36.618046 ], [ -85.78849, 36.61803 ], [ -85.788482, 36.617996 ], [ -85.788468, 36.617962 ], [ -85.788466, 36.617947 ], [ -85.788441, 36.617881 ], [ -85.788374, 36.617664 ], [ -85.788358, 36.617621 ], [ -85.788352, 36.617583 ], [ -85.788348, 36.617547 ], [ -85.78828, 36.617235 ], [ -85.788249, 36.617132 ], [ -85.788228, 36.616992 ], [ -85.788159, 36.616644 ], [ -85.788154, 36.616573 ], [ -85.788143, 36.616515 ], [ -85.788127, 36.616382 ], [ -85.788126, 36.616347 ], [ -85.788104, 36.616182 ], [ -85.788085, 36.616032 ], [ -85.788042, 36.615787 ], [ -85.788017, 36.615472 ], [ -85.788004, 36.615403 ], [ -85.788007, 36.615297 ], [ -85.788019, 36.615227 ], [ -85.788049, 36.615161 ], [ -85.788089, 36.615097 ], [ -85.788122, 36.615073 ], [ -85.788159, 36.615053 ], [ -85.788241, 36.615023 ], [ -85.788325, 36.615003 ], [ -85.788414, 36.614993 ], [ -85.788455, 36.614979 ], [ -85.788499, 36.614975 ], [ -85.788674, 36.614955 ], [ -85.788893, 36.614923 ], [ -85.789026, 36.614911 ], [ -85.789157, 36.614895 ], [ -85.789553, 36.614855 ], [ -85.789596, 36.614846 ], [ -85.78999, 36.614793 ], [ -85.790078, 36.614786 ], [ -85.790208, 36.61476 ], [ -85.790379, 36.614719 ], [ -85.790423, 36.614714 ], [ -85.790638, 36.614664 ], [ -85.790725, 36.614652 ], [ -85.790941, 36.614604 ], [ -85.790982, 36.61459 ], [ -85.7913, 36.614509 ], [ -85.791408, 36.614482 ], [ -85.791569, 36.614423 ], [ -85.791613, 36.614416 ], [ -85.791653, 36.6144 ], [ -85.791687, 36.614377 ], [ -85.791766, 36.614346 ], [ -85.79181, 36.61434 ], [ -85.791851, 36.614327 ], [ -85.792198, 36.614175 ], [ -85.792271, 36.614135 ], [ -85.792311, 36.61412 ], [ -85.792418, 36.61406 ], [ -85.792585, 36.613944 ], [ -85.792623, 36.613912 ], [ -85.792676, 36.613866 ], [ -85.792728, 36.6138 ], [ -85.79274, 36.613774 ], [ -85.792804, 36.613683 ], [ -85.792852, 36.613623 ], [ -85.792915, 36.613532 ], [ -85.792974, 36.61341 ], [ -85.793011, 36.613335 ], [ -85.793022, 36.613301 ], [ -85.793027, 36.613267 ], [ -85.793077, 36.613271 ], [ -85.794712, 36.613401 ], [ -85.796462, 36.613541 ], [ -85.797033, 36.610272 ], [ -85.797278, 36.608877 ], [ -85.797304, 36.608604 ], [ -85.797348, 36.608157 ], [ -85.797349, 36.608139 ], [ -85.797436, 36.607225 ], [ -85.797484, 36.606747 ], [ -85.797532, 36.606283 ], [ -85.797532, 36.60627 ], [ -85.797534, 36.606234 ], [ -85.797536, 36.606222 ], [ -85.797622, 36.604969 ], [ -85.797667, 36.604329 ], [ -85.79816, 36.601242 ], [ -85.798359, 36.600002 ], [ -85.798483, 36.599228 ], [ -85.798675, 36.598032 ], [ -85.798841, 36.596905 ], [ -85.798956, 36.596131 ], [ -85.7991, 36.595139 ], [ -85.799537, 36.592179 ], [ -85.799539, 36.592163 ], [ -85.799548, 36.592102 ], [ -85.79956, 36.592024 ], [ -85.799563, 36.592005 ], [ -85.799686, 36.591174 ], [ -85.799809, 36.59034 ], [ -85.799825, 36.590225 ], [ -85.800231, 36.58748 ], [ -85.800244, 36.587388 ], [ -85.800388, 36.586444 ], [ -85.800977, 36.582476 ], [ -85.801082, 36.581786 ], [ -85.801088, 36.581772 ], [ -85.801862, 36.576785 ], [ -85.802048, 36.575582 ], [ -85.802072, 36.575426 ], [ -85.802145, 36.574957 ], [ -85.80217, 36.574802 ], [ -85.802702, 36.572338 ], [ -85.8043, 36.564948 ], [ -85.804833, 36.562485 ], [ -85.804994, 36.56174 ], [ -85.805102, 36.561232 ], [ -85.805388, 36.559902 ], [ -85.805647, 36.558693 ], [ -85.805908, 36.557474 ], [ -85.806071, 36.556714 ], [ -85.806077, 36.556687 ], [ -85.806177, 36.556222 ], [ -85.806241, 36.555926 ], [ -85.806348, 36.555534 ], [ -85.806913, 36.553483 ], [ -85.807102, 36.5528 ], [ -85.80711, 36.552735 ], [ -85.807136, 36.55254 ], [ -85.807145, 36.552475 ] ] ] } },
{ "type": "Feature", "properties": { "STATEFP": "47", "COUNTYFP": "043", "COUNTYNS": "01639740", "GEOID": "47043", "GEOIDFQ": "0500000US47043", "NAME": "Dickson", "NAMELSAD": "Dickson County", "LSAD": "06", "CLASSFP": "H1", "MTFCC": "G4020", "CSAFP": "400", "CBSAFP": "34980", "METDIVFP": null, "FUNCSTAT": "A", "ALAND": 1268833489, "AWATER": 3679792, "INTPTLAT": "+36.1455325", "INTPTLON": "-087.3641546" }, "geometry": { "type": "MultiPolygon", "coordinates": [ [ [ [ -87.372244, 36.322092 ], [ -87.371943, 36.321999 ], [ -87.371355, 36.321999 ], [ -87.368922, 36.321999 ], [ -87.368922, 36.322273 ], [ -87.368923, 36.323171 ], [ -87.368925, 36.323201 ], [ -87.368924, 36.323216 ], [ -87.368924, 36.323274 ], [ -87.368927, 36.323449 ], [ -87.368928, 36.323508 ], [ -87.368902, 36.323503 ], [ -87.368873, 36.323497 ], [ -87.367854, 36.323493 ], [ -87.366088, 36.323488 ], [ -87.366093, 36.322032 ], [ -87.366098, 36.320958 ], [ -87.365436, 36.319807 ], [ -87.365225, 36.319785 ], [ -87.360629, 36.319319 ], [ -87.359097, 36.319164 ], [ -87.357628, 36.319015 ], [ -87.355266, 36.318775 ], [ -87.353224, 36.318568 ], [ -87.351829, 36.318427 ], [ -87.351757, 36.31842 ], [ -87.34931, 36.318172 ], [ -87.341972, 36.317428 ], [ -87.339527, 36.31718 ], [ -87.339493, 36.317176 ], [ -87.338823, 36.317108 ], [ -87.336713, 36.316896 ], [ -87.33601, 36.316826 ], [ -87.335489, 36.31677 ], [ -87.33351, 36.316569 ], [ -87.329698, 36.316182 ], [ -87.327204, 36.31593 ], [ -87.32701, 36.317113 ], [ -87.326806, 36.318367 ], [ -87.326718, 36.318911 ], [ -87.326607, 36.319594 ], [ -87.326568, 36.319833 ], [ -87.326253, 36.321768 ], [ -87.325958, 36.323582 ], [ -87.3212, 36.3232 ], [ -87.320939, 36.32318 ], [ -87.321167, 36.321496 ], [ -87.321198, 36.321256 ], [ -87.321295, 36.320538 ], [ -87.321588, 36.318385 ], [ -87.321645, 36.317972 ], [ -87.321689, 36.317668 ], [ -87.321727, 36.317385 ], [ -87.321841, 36.316536 ], [ -87.321861, 36.316389 ], [ -87.321725, 36.316381 ], [ -87.321592, 36.316369 ], [ -87.320987, 36.316325 ], [ -87.319391, 36.316212 ], [ -87.318856, 36.315898 ], [ -87.318218, 36.315524 ], [ -87.317673, 36.315203 ], [ -87.317268, 36.314965 ], [ -87.315861, 36.315189 ], [ -87.315672, 36.31522 ], [ -87.315548, 36.31524 ], [ -87.315433, 36.315533 ], [ -87.315177, 36.316188 ], [ -87.314735, 36.317316 ], [ -87.314808, 36.318469 ], [ -87.31501, 36.321654 ], [ -87.309161, 36.320226 ], [ -87.307033, 36.319707 ], [ -87.306179, 36.319499 ], [ -87.305167, 36.319252 ], [ -87.305191, 36.319001 ], [ -87.305409, 36.316815 ], [ -87.305575, 36.31514 ], [ -87.305679, 36.314094 ], [ -87.305695, 36.313937 ], [ -87.305703, 36.313854 ], [ -87.305708, 36.3138 ], [ -87.305734, 36.313537 ], [ -87.305745, 36.313436 ], [ -87.304946, 36.313132 ], [ -87.304649, 36.313019 ], [ -87.304335, 36.3129 ], [ -87.303438, 36.312561 ], [ -87.303395, 36.312544 ], [ -87.303129, 36.312442 ], [ -87.303085, 36.312466 ], [ -87.303025, 36.312499 ], [ -87.303006, 36.31251 ], [ -87.302809, 36.312619 ], [ -87.301984, 36.31308 ], [ -87.301785, 36.313192 ], [ -87.301709, 36.313234 ], [ -87.301653, 36.313257 ], [ -87.301613, 36.313274 ], [ -87.301564, 36.313296 ], [ -87.301519, 36.313313 ], [ -87.300945, 36.313543 ], [ -87.300932, 36.313549 ], [ -87.300843, 36.313585 ], [ -87.300754, 36.313621 ], [ -87.300336, 36.313929 ], [ -87.300135, 36.314207 ], [ -87.300085, 36.314302 ], [ -87.299506, 36.315406 ], [ -87.299143, 36.316603 ], [ -87.299003, 36.316839 ], [ -87.298908, 36.316938 ], [ -87.29871, 36.317147 ], [ -87.298425, 36.317313 ], [ -87.298086, 36.31741 ], [ -87.297946, 36.317449 ], [ -87.297801, 36.317491 ], [ -87.297531, 36.317578 ], [ -87.297394, 36.317623 ], [ -87.297119, 36.317713 ], [ -87.296413, 36.317747 ], [ -87.296162, 36.317688 ], [ -87.295497, 36.317334 ], [ -87.295135, 36.317204 ], [ -87.295109, 36.317199 ], [ -87.294569, 36.317104 ], [ -87.293857, 36.317057 ], [ -87.293285, 36.317112 ], [ -87.292176, 36.317367 ], [ -87.291023, 36.317415 ], [ -87.290409, 36.317489 ], [ -87.289739, 36.317766 ], [ -87.288306, 36.318543 ], [ -87.288192, 36.318642 ], [ -87.287211, 36.319506 ], [ -87.286373, 36.320081 ], [ -87.286302, 36.320143 ], [ -87.286308, 36.320194 ], [ -87.286342, 36.3205 ], [ -87.286461, 36.321574 ], [ -87.286501, 36.321933 ], [ -87.286432, 36.321927 ], [ -87.28624, 36.321915 ], [ -87.286167, 36.321912 ], [ -87.286088, 36.321906 ], [ -87.28224, 36.321681 ], [ -87.276553, 36.321349 ], [ -87.27046, 36.320994 ], [ -87.266534, 36.320764 ], [ -87.266522, 36.320765 ], [ -87.266492, 36.320762 ], [ -87.265719, 36.320873 ], [ -87.263273, 36.321226 ], [ -87.262538, 36.321333 ], [ -87.262459, 36.321346 ], [ -87.260178, 36.321675 ], [ -87.253339, 36.322665 ], [ -87.25106, 36.322996 ], [ -87.250981, 36.322594 ], [ -87.250826, 36.321802 ], [ -87.250411, 36.321858 ], [ -87.250006, 36.321914 ], [ -87.249061, 36.322097 ], [ -87.246227, 36.322645 ], [ -87.245283, 36.322829 ], [ -87.244923, 36.322898 ], [ -87.243844, 36.323107 ], [ -87.243485, 36.323177 ], [ -87.24258, 36.323353 ], [ -87.242495, 36.32337 ], [ -87.241384, 36.324446 ], [ -87.24079, 36.325023 ], [ -87.240739, 36.325073 ], [ -87.240672, 36.325079 ], [ -87.239954, 36.325146 ], [ -87.239158, 36.325162 ], [ -87.23838, 36.325065 ], [ -87.237812, 36.325038 ], [ -87.236831, 36.325322 ], [ -87.236207, 36.325554 ], [ -87.235571, 36.325593 ], [ -87.235264, 36.325733 ], [ -87.235102, 36.325954 ], [ -87.234864, 36.326278 ], [ -87.234701, 36.326399 ], [ -87.234467, 36.32657 ], [ -87.234244, 36.326736 ], [ -87.23394, 36.328377 ], [ -87.233887, 36.328983 ], [ -87.233745, 36.329175 ], [ -87.233718, 36.329334 ], [ -87.233752, 36.329438 ], [ -87.233848, 36.329482 ], [ -87.234073, 36.329433 ], [ -87.234153, 36.329416 ], [ -87.23435, 36.329515 ], [ -87.234486, 36.329647 ], [ -87.234527, 36.329768 ], [ -87.234575, 36.329966 ], [ -87.234561, 36.330103 ], [ -87.234493, 36.330175 ], [ -87.234351, 36.330197 ], [ -87.23416, 36.330153 ], [ -87.234093, 36.33018 ], [ -87.234052, 36.33034 ], [ -87.234052, 36.330417 ], [ -87.233848, 36.330422 ], [ -87.233685, 36.330461 ], [ -87.233638, 36.330527 ], [ -87.233624, 36.33062 ], [ -87.233672, 36.33068 ], [ -87.233719, 36.330801 ], [ -87.233713, 36.330867 ], [ -87.233509, 36.331115 ], [ -87.233457, 36.331159 ], [ -87.233407, 36.331203 ], [ -87.233231, 36.331296 ], [ -87.23304, 36.331335 ], [ -87.232923, 36.331335 ], [ -87.232575, 36.331334 ], [ -87.232461, 36.331337 ], [ -87.232006, 36.330258 ], [ -87.23178, 36.329735 ], [ -87.231708, 36.329567 ], [ -87.231371, 36.328859 ], [ -87.230799, 36.327815 ], [ -87.229938, 36.326701 ], [ -87.22911, 36.325764 ], [ -87.228734, 36.325438 ], [ -87.227539, 36.324406 ], [ -87.227411, 36.324265 ], [ -87.226811, 36.323614 ], [ -87.226038, 36.322726 ], [ -87.226031, 36.322718 ], [ -87.225341, 36.322084 ], [ -87.224205, 36.321042 ], [ -87.223729, 36.320699 ], [ -87.223616, 36.320618 ], [ -87.223503, 36.320536 ], [ -87.222862, 36.320074 ], [ -87.222221, 36.319611 ], [ -87.221938, 36.319406 ], [ -87.221655, 36.319202 ], [ -87.221207, 36.318879 ], [ -87.219736, 36.317818 ], [ -87.219532, 36.317678 ], [ -87.21858, 36.31703 ], [ -87.216732, 36.315886 ], [ -87.216681, 36.315865 ], [ -87.21536, 36.315327 ], [ -87.214179, 36.314878 ], [ -87.213465, 36.314801 ], [ -87.212673, 36.314715 ], [ -87.212467, 36.314725 ], [ -87.212094, 36.314744 ], [ -87.211762, 36.31476 ], [ -87.211721, 36.314763 ], [ -87.211062, 36.314796 ], [ -87.208363, 36.315363 ], [ -87.205921, 36.315766 ], [ -87.204916, 36.31599 ], [ -87.204711, 36.316036 ], [ -87.20442, 36.316037 ], [ -87.203636, 36.316038 ], [ -87.202083, 36.316021 ], [ -87.200058, 36.31571 ], [ -87.197113, 36.315141 ], [ -87.194489, 36.314699 ], [ -87.191824, 36.314167 ], [ -87.19056, 36.314131 ], [ -87.188169, 36.314029 ], [ -87.186855, 36.313973 ], [ -87.186565, 36.313962 ], [ -87.186511, 36.313961 ], [ -87.18547, 36.313925 ], [ -87.18319, 36.313847 ], [ -87.182743, 36.313851 ], [ -87.180424, 36.313873 ], [ -87.178078, 36.314057 ], [ -87.177303, 36.314145 ], [ -87.176425, 36.314056 ], [ -87.175368, 36.313865 ], [ -87.174058, 36.313433 ], [ -87.172865, 36.312984 ], [ -87.172637, 36.312898 ], [ -87.171623, 36.312262 ], [ -87.170747, 36.311616 ], [ -87.169784, 36.311028 ], [ -87.168853, 36.310666 ], [ -87.167372, 36.310139 ], [ -87.166916, 36.310068 ], [ -87.166045, 36.309933 ], [ -87.164708, 36.309591 ], [ -87.164617, 36.309568 ], [ -87.16283, 36.309221 ], [ -87.161204, 36.308954 ], [ -87.159587, 36.308582 ], [ -87.157799, 36.308114 ], [ -87.157657, 36.308066 ], [ -87.157049, 36.307861 ], [ -87.156589, 36.307706 ], [ -87.156344, 36.307556 ], [ -87.155575, 36.307086 ], [ -87.154531, 36.306458 ], [ -87.153043, 36.30535 ], [ -87.152983, 36.30508 ], [ -87.152804, 36.304271 ], [ -87.152745, 36.304002 ], [ -87.152698, 36.303457 ], [ -87.152632, 36.30303 ], [ -87.152605, 36.302906 ], [ -87.152536, 36.302587 ], [ -87.152389, 36.302223 ], [ -87.152289, 36.301975 ], [ -87.15197, 36.301236 ], [ -87.151652, 36.300577 ], [ -87.151165, 36.29995 ], [ -87.151086, 36.299847 ], [ -87.150882, 36.299584 ], [ -87.150791, 36.299447 ], [ -87.150849, 36.299429 ], [ -87.151048, 36.299367 ], [ -87.151247, 36.299304 ], [ -87.151294, 36.299289 ], [ -87.151435, 36.299244 ], [ -87.151483, 36.29923 ], [ -87.151418, 36.299108 ], [ -87.151398, 36.299052 ], [ -87.15138, 36.298909 ], [ -87.151388, 36.29872 ], [ -87.151393, 36.298613 ], [ -87.151458, 36.297915 ], [ -87.151487, 36.297577 ], [ -87.151522, 36.297341 ], [ -87.151573, 36.29714 ], [ -87.151583, 36.297102 ], [ -87.151665, 36.296851 ], [ -87.151725, 36.296632 ], [ -87.151749, 36.296623 ], [ -87.151871, 36.296579 ], [ -87.152818, 36.296233 ], [ -87.152983, 36.296172 ], [ -87.15334, 36.296042 ], [ -87.15429, 36.295794 ], [ -87.154358, 36.295776 ], [ -87.154426, 36.295758 ], [ -87.154461, 36.295749 ], [ -87.154955, 36.295527 ], [ -87.155111, 36.295353 ], [ -87.155357, 36.295079 ], [ -87.155355, 36.295021 ], [ -87.155336, 36.294337 ], [ -87.15513, 36.293814 ], [ -87.15521, 36.29316 ], [ -87.155569, 36.292478 ], [ -87.15593, 36.291991 ], [ -87.156332, 36.291567 ], [ -87.156885, 36.291263 ], [ -87.157808, 36.291069 ], [ -87.160051, 36.290653 ], [ -87.161124, 36.290562 ], [ -87.161781, 36.290564 ], [ -87.162487, 36.290582 ], [ -87.163168, 36.290906 ], [ -87.163632, 36.291354 ], [ -87.164177, 36.291753 ], [ -87.164296, 36.29184 ], [ -87.164936, 36.291979 ], [ -87.165234, 36.291992 ], [ -87.166109, 36.291895 ], [ -87.167061, 36.291693 ], [ -87.167826, 36.291621 ], [ -87.168178, 36.291683 ], [ -87.168362, 36.290529 ], [ -87.168913, 36.287067 ], [ -87.169098, 36.285914 ], [ -87.1691, 36.285895 ], [ -87.169191, 36.285316 ], [ -87.169197, 36.285281 ], [ -87.167427, 36.285113 ], [ -87.166825, 36.285056 ], [ -87.166781, 36.285052 ], [ -87.165387, 36.284916 ], [ -87.161076, 36.284499 ], [ -87.159903, 36.284387 ], [ -87.159639, 36.284361 ], [ -87.15947, 36.284336 ], [ -87.158963, 36.284263 ], [ -87.158796, 36.284239 ], [ -87.158463, 36.284214 ], [ -87.157465, 36.284142 ], [ -87.157133, 36.284119 ], [ -87.156832, 36.284087 ], [ -87.15593, 36.283991 ], [ -87.155629, 36.283959 ], [ -87.154834, 36.283903 ], [ -87.154039, 36.283847 ], [ -87.153357, 36.283799 ], [ -87.153743, 36.283666 ], [ -87.15433, 36.283594 ], [ -87.154448, 36.283579 ], [ -87.154971, 36.283516 ], [ -87.155481, 36.283456 ], [ -87.156552, 36.283107 ], [ -87.156946, 36.282861 ], [ -87.15729, 36.282584 ], [ -87.157614, 36.282218 ], [ -87.157976, 36.281795 ], [ -87.158138, 36.281317 ], [ -87.158331, 36.280863 ], [ -87.158414, 36.280402 ], [ -87.158466, 36.279862 ], [ -87.158307, 36.279178 ], [ -87.15783, 36.278504 ], [ -87.157376, 36.278032 ], [ -87.156656, 36.277805 ], [ -87.156212, 36.277408 ], [ -87.156183, 36.277382 ], [ -87.155744, 36.276684 ], [ -87.155367, 36.276066 ], [ -87.155211, 36.275551 ], [ -87.155067, 36.275057 ], [ -87.154981, 36.274762 ], [ -87.154989, 36.274672 ], [ -87.155075, 36.27368 ], [ -87.155295, 36.273064 ], [ -87.155959, 36.272154 ], [ -87.156439, 36.271577 ], [ -87.156792, 36.271329 ], [ -87.157167, 36.271085 ], [ -87.157676, 36.270583 ], [ -87.158521, 36.269835 ], [ -87.159056, 36.269418 ], [ -87.159415, 36.269155 ], [ -87.159725, 36.268962 ], [ -87.16005, 36.268802 ], [ -87.160477, 36.268593 ], [ -87.161589, 36.268486 ], [ -87.162662, 36.268339 ], [ -87.163396, 36.268211 ], [ -87.163675, 36.26807 ], [ -87.164245, 36.267791 ], [ -87.16537, 36.267151 ], [ -87.167109, 36.266303 ], [ -87.168652, 36.265732 ], [ -87.170029, 36.265283 ], [ -87.171197, 36.264933 ], [ -87.17265, 36.264258 ], [ -87.172823, 36.264145 ], [ -87.17402, 36.263373 ], [ -87.175094, 36.262693 ], [ -87.175204, 36.262628 ], [ -87.175958, 36.262184 ], [ -87.176712, 36.261741 ], [ -87.177856, 36.261101 ], [ -87.17834, 36.260822 ], [ -87.178388, 36.260818 ], [ -87.179215, 36.260758 ], [ -87.179234, 36.260757 ], [ -87.179763, 36.260529 ], [ -87.179886, 36.260476 ], [ -87.180568, 36.260303 ], [ -87.181105, 36.260166 ], [ -87.181255, 36.260047 ], [ -87.181806, 36.259763 ], [ -87.182197, 36.259039 ], [ -87.182356, 36.258747 ], [ -87.182387, 36.257975 ], [ -87.182455, 36.257786 ], [ -87.182485, 36.257706 ], [ -87.182588, 36.257424 ], [ -87.182974, 36.257056 ], [ -87.183002, 36.25703 ], [ -87.183323, 36.256723 ], [ -87.183786, 36.256492 ], [ -87.183916, 36.256427 ], [ -87.184874, 36.25599 ], [ -87.185517, 36.255709 ], [ -87.185732, 36.255568 ], [ -87.18597, 36.255414 ], [ -87.186368, 36.255158 ], [ -87.186837, 36.254857 ], [ -87.187929, 36.254032 ], [ -87.188824, 36.253305 ], [ -87.189649, 36.252619 ], [ -87.190504, 36.251925 ], [ -87.190848, 36.25162 ], [ -87.191398, 36.251133 ], [ -87.192142, 36.250319 ], [ -87.19232, 36.250054 ], [ -87.192733, 36.249666 ], [ -87.193301, 36.248969 ], [ -87.193742, 36.248082 ], [ -87.194013, 36.247052 ], [ -87.194168, 36.24633 ], [ -87.194127, 36.246078 ], [ -87.194045, 36.245936 ], [ -87.193964, 36.245794 ], [ -87.193844, 36.245552 ], [ -87.194005, 36.245311 ], [ -87.193346, 36.24466 ], [ -87.193002, 36.244432 ], [ -87.192658, 36.244203 ], [ -87.191983, 36.243984 ], [ -87.191682, 36.24383 ], [ -87.191569, 36.243687 ], [ -87.191358, 36.243555 ], [ -87.190134, 36.243204 ], [ -87.189244, 36.243251 ], [ -87.188703, 36.243082 ], [ -87.188268, 36.24283 ], [ -87.187665, 36.242354 ], [ -87.187174, 36.242178 ], [ -87.186874, 36.241967 ], [ -87.186665, 36.241906 ], [ -87.186401, 36.241936 ], [ -87.186142, 36.242074 ], [ -87.184635, 36.243393 ], [ -87.184247, 36.243682 ], [ -87.184068, 36.243929 ], [ -87.183914, 36.244005 ], [ -87.183498, 36.244089 ], [ -87.182237, 36.24477 ], [ -87.179575, 36.246163 ], [ -87.178134, 36.246919 ], [ -87.176979, 36.247392 ], [ -87.175924, 36.247689 ], [ -87.175479, 36.247733 ], [ -87.174672, 36.247729 ], [ -87.174046, 36.247679 ], [ -87.172937, 36.247392 ], [ -87.172023, 36.247014 ], [ -87.171191, 36.246595 ], [ -87.171117, 36.246538 ], [ -87.170839, 36.246322 ], [ -87.169998, 36.245312 ], [ -87.169443, 36.244379 ], [ -87.169387, 36.244134 ], [ -87.169585, 36.24399 ], [ -87.169806, 36.243959 ], [ -87.170386, 36.244133 ], [ -87.170771, 36.244058 ], [ -87.170905, 36.243964 ], [ -87.170911, 36.243951 ], [ -87.17099, 36.2438 ], [ -87.171018, 36.243623 ], [ -87.170972, 36.243269 ], [ -87.170531, 36.24253 ], [ -87.169759, 36.241836 ], [ -87.169093, 36.241138 ], [ -87.168153, 36.240153 ], [ -87.167781, 36.239762 ], [ -87.167477, 36.239248 ], [ -87.16704, 36.238993 ], [ -87.166742, 36.238208 ], [ -87.166721, 36.238168 ], [ -87.166401, 36.237549 ], [ -87.16559, 36.236399 ], [ -87.165186, 36.236067 ], [ -87.165172, 36.236046 ], [ -87.165001, 36.235782 ], [ -87.164932, 36.235503 ], [ -87.164985, 36.235226 ], [ -87.165052, 36.23491 ], [ -87.16506, 36.23402 ], [ -87.165386, 36.232896 ], [ -87.165454, 36.232664 ], [ -87.165653, 36.23175 ], [ -87.166186, 36.23009 ], [ -87.166569, 36.229486 ], [ -87.167087, 36.228861 ], [ -87.168415, 36.227902 ], [ -87.169043, 36.227563 ], [ -87.16939, 36.227519 ], [ -87.169752, 36.227475 ], [ -87.170089, 36.227378 ], [ -87.17107, 36.226703 ], [ -87.171508, 36.226512 ], [ -87.172114, 36.226386 ], [ -87.172946, 36.226358 ], [ -87.173188, 36.226351 ], [ -87.17426, 36.22642 ], [ -87.174912, 36.226551 ], [ -87.175983, 36.226915 ], [ -87.176491, 36.227209 ], [ -87.176964, 36.227411 ], [ -87.177079, 36.227492 ], [ -87.177837, 36.228025 ], [ -87.178306, 36.228262 ], [ -87.178795, 36.228242 ], [ -87.179217, 36.228044 ], [ -87.180066, 36.227357 ], [ -87.18057, 36.226857 ], [ -87.181545, 36.225747 ], [ -87.181874, 36.225281 ], [ -87.182713, 36.223941 ], [ -87.18297, 36.223355 ], [ -87.182861, 36.223229 ], [ -87.182793, 36.223149 ], [ -87.182744, 36.22294 ], [ -87.182853, 36.222451 ], [ -87.184184, 36.220886 ], [ -87.185029, 36.21997 ], [ -87.185337, 36.219767 ], [ -87.186472, 36.217679 ], [ -87.187392, 36.215181 ], [ -87.187601, 36.214161 ], [ -87.187633, 36.212914 ], [ -87.187718, 36.212312 ], [ -87.187859, 36.212161 ], [ -87.187952, 36.211961 ], [ -87.187968, 36.211783 ], [ -87.187832, 36.211484 ], [ -87.187694, 36.21088 ], [ -87.187503, 36.210443 ], [ -87.187304, 36.210207 ], [ -87.187022, 36.209977 ], [ -87.186798, 36.20986 ], [ -87.186541, 36.209797 ], [ -87.186092, 36.209782 ], [ -87.185164, 36.209898 ], [ -87.183464, 36.21022 ], [ -87.182368, 36.210532 ], [ -87.181278, 36.210734 ], [ -87.180711, 36.210759 ], [ -87.180429, 36.210772 ], [ -87.179848, 36.210586 ], [ -87.179347, 36.210286 ], [ -87.17865, 36.209783 ], [ -87.177401, 36.208715 ], [ -87.176709, 36.208207 ], [ -87.175432, 36.207013 ], [ -87.174957, 36.206636 ], [ -87.174568, 36.205978 ], [ -87.174445, 36.205822 ], [ -87.174023, 36.205285 ], [ -87.173715, 36.204979 ], [ -87.172801, 36.204466 ], [ -87.172203, 36.204064 ], [ -87.172012, 36.203936 ], [ -87.171627, 36.203589 ], [ -87.171432, 36.203502 ], [ -87.170592, 36.202213 ], [ -87.170579, 36.202189 ], [ -87.170027, 36.201164 ], [ -87.169924, 36.200531 ], [ -87.169997, 36.200036 ], [ -87.170209, 36.199053 ], [ -87.17037, 36.198682 ], [ -87.170736, 36.19828 ], [ -87.171066, 36.197998 ], [ -87.17147, 36.197655 ], [ -87.171678, 36.19738 ], [ -87.171933, 36.196738 ], [ -87.171914, 36.19635 ], [ -87.171707, 36.195367 ], [ -87.171758, 36.19455 ], [ -87.171482, 36.193616 ], [ -87.171111, 36.192969 ], [ -87.170812, 36.192614 ], [ -87.170506, 36.192405 ], [ -87.169911, 36.192159 ], [ -87.169756, 36.192046 ], [ -87.169623, 36.192151 ], [ -87.16756, 36.192498 ], [ -87.167542, 36.1925 ], [ -87.167196, 36.192546 ], [ -87.165271, 36.192547 ], [ -87.164428, 36.192453 ], [ -87.163053, 36.192302 ], [ -87.162661, 36.192225 ], [ -87.161749, 36.191931 ], [ -87.160254, 36.191715 ], [ -87.160164, 36.191703 ], [ -87.159605, 36.191573 ], [ -87.159338, 36.191444 ], [ -87.15868, 36.191075 ], [ -87.158152, 36.190592 ], [ -87.158038, 36.190211 ], [ -87.157678, 36.189721 ], [ -87.157553, 36.189345 ], [ -87.157125, 36.188679 ], [ -87.156845, 36.188282 ], [ -87.156402, 36.187654 ], [ -87.155789, 36.186952 ], [ -87.155293, 36.186444 ], [ -87.154821, 36.185965 ], [ -87.154798, 36.185936 ], [ -87.154238, 36.185205 ], [ -87.153699, 36.184384 ], [ -87.153299, 36.183554 ], [ -87.152774, 36.183024 ], [ -87.152449, 36.182597 ], [ -87.151772, 36.181471 ], [ -87.15151, 36.180914 ], [ -87.150789, 36.179685 ], [ -87.150332, 36.17868 ], [ -87.150002, 36.17779 ], [ -87.149954, 36.177445 ], [ -87.149876, 36.176878 ], [ -87.150049, 36.176513 ], [ -87.150692, 36.175922 ], [ -87.151578, 36.175379 ], [ -87.152294, 36.175084 ], [ -87.152979, 36.174713 ], [ -87.153817, 36.174374 ], [ -87.154728, 36.173867 ], [ -87.155347, 36.173457 ], [ -87.155909, 36.173163 ], [ -87.156595, 36.172901 ], [ -87.157061, 36.172789 ], [ -87.157724, 36.172571 ], [ -87.158327, 36.172432 ], [ -87.159175, 36.17238 ], [ -87.159632, 36.172262 ], [ -87.160057, 36.172262 ], [ -87.160213, 36.172261 ], [ -87.160372, 36.172383 ], [ -87.160595, 36.172393 ], [ -87.160816, 36.172372 ], [ -87.161292, 36.172229 ], [ -87.161519, 36.172235 ], [ -87.161582, 36.172167 ], [ -87.161644, 36.172099 ], [ -87.162284, 36.171402 ], [ -87.163102, 36.170647 ], [ -87.164289, 36.169937 ], [ -87.164698, 36.16977 ], [ -87.165023, 36.169639 ], [ -87.167255, 36.169228 ], [ -87.167493, 36.169081 ], [ -87.167706, 36.168949 ], [ -87.167919, 36.168817 ], [ -87.168423, 36.168465 ], [ -87.168729, 36.168204 ], [ -87.168861, 36.168025 ], [ -87.169387, 36.167587 ], [ -87.170827, 36.165953 ], [ -87.171317, 36.165072 ], [ -87.171682, 36.164267 ], [ -87.172238, 36.162725 ], [ -87.172317, 36.162374 ], [ -87.172328, 36.161875 ], [ -87.172257, 36.1612 ], [ -87.172102, 36.160499 ], [ -87.171903, 36.160064 ], [ -87.171231, 36.159021 ], [ -87.17106, 36.158614 ], [ -87.170657, 36.158187 ], [ -87.170161, 36.157572 ], [ -87.169691, 36.156988 ], [ -87.16918, 36.156447 ], [ -87.168838, 36.155987 ], [ -87.167918, 36.155115 ], [ -87.167266, 36.154804 ], [ -87.166506, 36.154591 ], [ -87.165928, 36.154613 ], [ -87.165856, 36.15467 ], [ -87.16579, 36.154728 ], [ -87.165776, 36.154736 ], [ -87.165786, 36.154667 ], [ -87.165809, 36.154501 ], [ -87.165812, 36.154477 ], [ -87.165832, 36.154355 ], [ -87.165845, 36.154261 ], [ -87.165847, 36.154242 ], [ -87.166065, 36.152762 ], [ -87.166139, 36.152271 ], [ -87.166206, 36.15181 ], [ -87.166411, 36.150428 ], [ -87.16648, 36.149968 ], [ -87.166639, 36.14889 ], [ -87.167118, 36.145656 ], [ -87.167278, 36.144579 ], [ -87.167289, 36.144504 ], [ -87.167314, 36.144333 ], [ -87.167425, 36.143603 ], [ -87.167465, 36.143362 ], [ -87.167531, 36.14289 ], [ -87.167738, 36.141475 ], [ -87.167807, 36.141004 ], [ -87.167818, 36.140928 ], [ -87.167851, 36.140704 ], [ -87.167863, 36.140629 ], [ -87.16789, 36.140438 ], [ -87.167975, 36.139867 ], [ -87.168004, 36.139677 ], [ -87.16801, 36.139636 ], [ -87.168088, 36.139098 ], [ -87.168328, 36.137485 ], [ -87.168409, 36.136949 ], [ -87.168564, 36.135888 ], [ -87.169036, 36.132707 ], [ -87.169194, 36.131646 ], [ -87.169196, 36.131627 ], [ -87.169246, 36.131289 ], [ -87.169406, 36.13022 ], [ -87.16946, 36.129864 ], [ -87.169588, 36.128984 ], [ -87.169672, 36.128418 ], [ -87.169981, 36.126346 ], [ -87.170101, 36.125544 ], [ -87.170105, 36.125466 ], [ -87.170128, 36.125058 ], [ -87.170496, 36.122911 ], [ -87.17181, 36.115264 ], [ -87.172249, 36.112715 ], [ -87.172274, 36.112565 ], [ -87.172351, 36.112115 ], [ -87.172378, 36.111966 ], [ -87.17243, 36.111657 ], [ -87.172589, 36.110729 ], [ -87.172643, 36.110421 ], [ -87.172677, 36.110222 ], [ -87.172782, 36.109625 ], [ -87.172799, 36.109533 ], [ -87.172791, 36.109425 ], [ -87.172805, 36.10849 ], [ -87.172819, 36.107615 ], [ -87.172841, 36.105685 ], [ -87.172852, 36.104753 ], [ -87.172869, 36.102892 ], [ -87.172922, 36.097792 ], [ -87.172927, 36.097316 ], [ -87.172932, 36.096883 ], [ -87.172944, 36.095729 ], [ -87.172948, 36.095457 ], [ -87.172948, 36.095438 ], [ -87.172949, 36.095382 ], [ -87.17295, 36.095364 ], [ -87.17295, 36.095346 ], [ -87.17295, 36.095292 ], [ -87.17295, 36.095274 ], [ -87.17295, 36.095222 ], [ -87.17295, 36.095067 ], [ -87.172951, 36.095017 ], [ -87.172953, 36.094193 ], [ -87.172962, 36.091727 ], [ -87.172966, 36.090911 ], [ -87.172972, 36.089638 ], [ -87.172988, 36.08584 ], [ -87.172994, 36.084573 ], [ -87.172996, 36.084015 ], [ -87.173003, 36.082338 ], [ -87.173005, 36.081901 ], [ -87.173006, 36.08184 ], [ -87.173006, 36.08178 ], [ -87.173582, 36.082143 ], [ -87.173799, 36.082211 ], [ -87.175279, 36.082679 ], [ -87.175804, 36.082769 ], [ -87.176115, 36.082769 ], [ -87.176367, 36.082701 ], [ -87.176426, 36.082662 ], [ -87.176599, 36.08255 ], [ -87.176718, 36.0824 ], [ -87.176781, 36.082193 ], [ -87.176804, 36.081898 ], [ -87.176808, 36.08184 ], [ -87.176803, 36.081791 ], [ -87.176772, 36.081473 ], [ -87.176762, 36.081368 ], [ -87.176567, 36.080676 ], [ -87.175994, 36.07972 ], [ -87.175791, 36.079147 ], [ -87.175232, 36.078117 ], [ -87.174995, 36.077679 ], [ -87.174739, 36.077074 ], [ -87.174314, 36.075822 ], [ -87.174134, 36.075289 ], [ -87.174115, 36.075149 ], [ -87.174191, 36.07484 ], [ -87.174056, 36.074135 ], [ -87.173851, 36.073511 ], [ -87.17369, 36.073257 ], [ -87.173563, 36.072879 ], [ -87.173127, 36.070885 ], [ -87.173138, 36.070565 ], [ -87.173222, 36.070291 ], [ -87.173681, 36.070051 ], [ -87.174342, 36.06998 ], [ -87.175425, 36.069558 ], [ -87.175651, 36.069407 ], [ -87.175869, 36.069264 ], [ -87.176014, 36.068929 ], [ -87.176292, 36.068653 ], [ -87.176726, 36.068405 ], [ -87.177981, 36.067845 ], [ -87.178302, 36.067682 ], [ -87.178624, 36.067518 ], [ -87.178649, 36.067456 ], [ -87.178674, 36.067393 ], [ -87.178772, 36.067147 ], [ -87.178905, 36.066544 ], [ -87.179052, 36.065888 ], [ -87.179554, 36.063566 ], [ -87.179769, 36.062573 ], [ -87.179898, 36.061981 ], [ -87.180321, 36.060041 ], [ -87.181028, 36.05681 ], [ -87.181762, 36.053455 ], [ -87.181981, 36.052446 ], [ -87.182269, 36.051123 ], [ -87.182533, 36.049914 ], [ -87.182541, 36.049876 ], [ -87.182564, 36.049763 ], [ -87.182573, 36.049726 ], [ -87.182596, 36.049619 ], [ -87.182899, 36.048229 ], [ -87.183879, 36.043741 ], [ -87.184207, 36.042246 ], [ -87.18428, 36.041932 ], [ -87.184499, 36.040993 ], [ -87.184569, 36.040701 ], [ -87.184981, 36.038706 ], [ -87.186094, 36.03361 ], [ -87.186332, 36.032527 ], [ -87.186575, 36.031409 ], [ -87.186578, 36.031393 ], [ -87.186818, 36.030293 ], [ -87.186895, 36.02994 ], [ -87.186928, 36.029789 ], [ -87.186981, 36.029547 ], [ -87.18714, 36.028814 ], [ -87.187288, 36.02803 ], [ -87.18736, 36.02771 ], [ -87.187796, 36.025785 ], [ -87.187857, 36.025515 ], [ -87.187885, 36.025366 ], [ -87.188125, 36.024106 ], [ -87.188208, 36.023686 ], [ -87.188227, 36.023574 ], [ -87.188252, 36.023444 ], [ -87.18829, 36.023241 ], [ -87.188312, 36.02313 ], [ -87.188343, 36.022953 ], [ -87.188441, 36.022426 ], [ -87.188474, 36.022251 ], [ -87.18848, 36.022214 ], [ -87.188495, 36.022137 ], [ -87.188563, 36.021798 ], [ -87.188587, 36.021686 ], [ -87.18881, 36.020521 ], [ -87.189413, 36.017377 ], [ -87.18945, 36.017184 ], [ -87.189478, 36.017027 ], [ -87.189603, 36.016341 ], [ -87.18969, 36.015861 ], [ -87.189844, 36.015008 ], [ -87.189908, 36.01465 ], [ -87.190566, 36.011018 ], [ -87.190728, 36.010127 ], [ -87.190786, 36.009808 ], [ -87.190974, 36.008778 ], [ -87.191242, 36.007376 ], [ -87.192641, 36.000086 ], [ -87.192646, 36.000062 ], [ -87.193003, 35.997968 ], [ -87.193055, 35.997648 ], [ -87.19319, 35.996781 ], [ -87.193434, 35.995217 ], [ -87.193816, 35.992786 ], [ -87.194271, 35.98989 ], [ -87.192923, 35.989774 ], [ -87.192297, 35.989721 ], [ -87.191976, 35.989694 ], [ -87.192248, 35.987594 ], [ -87.19225, 35.987578 ], [ -87.192543, 35.985318 ], [ -87.192846, 35.985335 ], [ -87.196746, 35.985576 ], [ -87.197194, 35.981759 ], [ -87.197406, 35.979967 ], [ -87.196636, 35.979886 ], [ -87.194925, 35.979688 ], [ -87.19051, 35.979175 ], [ -87.190531, 35.978472 ], [ -87.190562, 35.977424 ], [ -87.190627, 35.976765 ], [ -87.190659, 35.976587 ], [ -87.190697, 35.976388 ], [ -87.190726, 35.976265 ], [ -87.190772, 35.976058 ], [ -87.190785, 35.976002 ], [ -87.190826, 35.975884 ], [ -87.191328, 35.975906 ], [ -87.191897, 35.975949 ], [ -87.1921, 35.975966 ], [ -87.193892, 35.976088 ], [ -87.194693, 35.976147 ], [ -87.195109, 35.976169 ], [ -87.196177, 35.976228 ], [ -87.196436, 35.976241 ], [ -87.196742, 35.976251 ], [ -87.196863, 35.976255 ], [ -87.196993, 35.976248 ], [ -87.197186, 35.976237 ], [ -87.197494, 35.976191 ], [ -87.197941, 35.97607 ], [ -87.19833, 35.975931 ], [ -87.19837, 35.975919 ], [ -87.198907, 35.975767 ], [ -87.198993, 35.975742 ], [ -87.199012, 35.975737 ], [ -87.199334, 35.975662 ], [ -87.199378, 35.975652 ], [ -87.199442, 35.97564 ], [ -87.199602, 35.973889 ], [ -87.199805, 35.971694 ], [ -87.202871, 35.97179 ], [ -87.204629, 35.971848 ], [ -87.205477, 35.971874 ], [ -87.208026, 35.971956 ], [ -87.208878, 35.971985 ], [ -87.209057, 35.971983 ], [ -87.209551, 35.971972 ], [ -87.209774, 35.971978 ], [ -87.2098, 35.971946 ], [ -87.209868, 35.971891 ], [ -87.209929, 35.97183 ], [ -87.210146, 35.971683 ], [ -87.211017, 35.971099 ], [ -87.211336, 35.97089 ], [ -87.211666, 35.970676 ], [ -87.21174, 35.970637 ], [ -87.211835, 35.970566 ], [ -87.211862, 35.970533 ], [ -87.211903, 35.970461 ], [ -87.211936, 35.970423 ], [ -87.211957, 35.970346 ], [ -87.21197, 35.970329 ], [ -87.211984, 35.970297 ], [ -87.21199, 35.970209 ], [ -87.21199, 35.970082 ], [ -87.211977, 35.969978 ], [ -87.21195, 35.969939 ], [ -87.211794, 35.969577 ], [ -87.211517, 35.969016 ], [ -87.211361, 35.968681 ], [ -87.211175, 35.968375 ], [ -87.211151, 35.968335 ], [ -87.211104, 35.968269 ], [ -87.211057, 35.96823 ], [ -87.211003, 35.96817 ], [ -87.21073, 35.967927 ], [ -87.210665, 35.967938 ], [ -87.210472, 35.967974 ], [ -87.210408, 35.967986 ], [ -87.208499, 35.967915 ], [ -87.208609, 35.966759 ], [ -87.208994, 35.962723 ], [ -87.203933, 35.962321 ], [ -87.20394, 35.962241 ], [ -87.204242, 35.959186 ], [ -87.204693, 35.959223 ], [ -87.206049, 35.959337 ], [ -87.206501, 35.959375 ], [ -87.212045, 35.959839 ], [ -87.216193, 35.960187 ], [ -87.21826, 35.960374 ], [ -87.218552, 35.960401 ], [ -87.220912, 35.960615 ], [ -87.22261, 35.96077 ], [ -87.224309, 35.960924 ], [ -87.224462, 35.960937 ], [ -87.22454, 35.960945 ], [ -87.224771, 35.960966 ], [ -87.22565, 35.961046 ], [ -87.22653, 35.961126 ], [ -87.227575, 35.961199 ], [ -87.230711, 35.961419 ], [ -87.231757, 35.961493 ], [ -87.233856, 35.961669 ], [ -87.236598, 35.961899 ], [ -87.239429, 35.962136 ], [ -87.240159, 35.962197 ], [ -87.242261, 35.962375 ], [ -87.243168, 35.962449 ], [ -87.245892, 35.962678 ], [ -87.246802, 35.962756 ], [ -87.249925, 35.963025 ], [ -87.250009, 35.963033 ], [ -87.258127, 35.963546 ], [ -87.25931, 35.963621 ], [ -87.262439, 35.963819 ], [ -87.264135, 35.963927 ], [ -87.264496, 35.96395 ], [ -87.265831, 35.964035 ], [ -87.269281, 35.964254 ], [ -87.270672, 35.964342 ], [ -87.272731, 35.964475 ], [ -87.274235, 35.964595 ], [ -87.274329, 35.963897 ], [ -87.274509, 35.962567 ], [ -87.276845, 35.961315 ], [ -87.279488, 35.961413 ], [ -87.279901, 35.961429 ], [ -87.28049, 35.961748 ], [ -87.280292, 35.962276 ], [ -87.280172, 35.962598 ], [ -87.280165, 35.962822 ], [ -87.28019, 35.962914 ], [ -87.280265, 35.963191 ], [ -87.280291, 35.963284 ], [ -87.280879, 35.963522 ], [ -87.281177, 35.96357 ], [ -87.281823, 35.963676 ], [ -87.283974, 35.963832 ], [ -87.284909, 35.963901 ], [ -87.285853, 35.963968 ], [ -87.285765, 35.964875 ], [ -87.285917, 35.964889 ], [ -87.288688, 35.965145 ], [ -87.291306, 35.965389 ], [ -87.291921, 35.965446 ], [ -87.293924, 35.965633 ], [ -87.29447, 35.965683 ], [ -87.296111, 35.965836 ], [ -87.296658, 35.965887 ], [ -87.296762, 35.965896 ], [ -87.297076, 35.965926 ], [ -87.297181, 35.965936 ], [ -87.298611, 35.966069 ], [ -87.302237, 35.966407 ], [ -87.302129, 35.967065 ], [ -87.301916, 35.96837 ], [ -87.302638, 35.968454 ], [ -87.304178, 35.968637 ], [ -87.304339, 35.968655 ], [ -87.305717, 35.968821 ], [ -87.309875, 35.969315 ], [ -87.311609, 35.969519 ], [ -87.314036, 35.969809 ], [ -87.315206, 35.969936 ], [ -87.316019, 35.970025 ], [ -87.318003, 35.970241 ], [ -87.318161, 35.970259 ], [ -87.318319, 35.970276 ], [ -87.318719, 35.97032 ], [ -87.319104, 35.970362 ], [ -87.319891, 35.970448 ], [ -87.320042, 35.970463 ], [ -87.320503, 35.970514 ], [ -87.320658, 35.970531 ], [ -87.321224, 35.970593 ], [ -87.321791, 35.970655 ], [ -87.321985, 35.970675 ], [ -87.322177, 35.970696 ], [ -87.324224, 35.970921 ], [ -87.326272, 35.971145 ], [ -87.326612, 35.971181 ], [ -87.32668, 35.971188 ], [ -87.326952, 35.97122 ], [ -87.328481, 35.971387 ], [ -87.33001, 35.971554 ], [ -87.333223, 35.971906 ], [ -87.334112, 35.972003 ], [ -87.336542, 35.972268 ], [ -87.343738, 35.973057 ], [ -87.344747, 35.973167 ], [ -87.35077, 35.973826 ], [ -87.350965, 35.973847 ], [ -87.351553, 35.97391 ], [ -87.351749, 35.973932 ], [ -87.352024, 35.973962 ], [ -87.35285, 35.974052 ], [ -87.353127, 35.974082 ], [ -87.353592, 35.974132 ], [ -87.35499, 35.974284 ], [ -87.355457, 35.974335 ], [ -87.356164, 35.974416 ], [ -87.35662, 35.974467 ], [ -87.356871, 35.974496 ], [ -87.359074, 35.974746 ], [ -87.360112, 35.974863 ], [ -87.361277, 35.974996 ], [ -87.363034, 35.975178 ], [ -87.364082, 35.975287 ], [ -87.364791, 35.975361 ], [ -87.365114, 35.975394 ], [ -87.365436, 35.975428 ], [ -87.372498, 35.976162 ], [ -87.375012, 35.976424 ], [ -87.375304, 35.976453 ], [ -87.375553, 35.976486 ], [ -87.37615, 35.976565 ], [ -87.376304, 35.97658 ], [ -87.376555, 35.976605 ], [ -87.37665, 35.976613 ], [ -87.376744, 35.976623 ], [ -87.377561, 35.976706 ], [ -87.379165, 35.976871 ], [ -87.380579, 35.977015 ], [ -87.381587, 35.977118 ], [ -87.384231, 35.977388 ], [ -87.392168, 35.978198 ], [ -87.394814, 35.97847 ], [ -87.395732, 35.978563 ], [ -87.398486, 35.978844 ], [ -87.399405, 35.978938 ], [ -87.399802, 35.978979 ], [ -87.39984, 35.978982 ], [ -87.400045, 35.979003 ], [ -87.401303, 35.979132 ], [ -87.402128, 35.979217 ], [ -87.406999, 35.979714 ], [ -87.408898, 35.979908 ], [ -87.408916, 35.979909 ], [ -87.408969, 35.979915 ], [ -87.408988, 35.979917 ], [ -87.412957, 35.980322 ], [ -87.41857, 35.980895 ], [ -87.42468, 35.981521 ], [ -87.424863, 35.981539 ], [ -87.428833, 35.981946 ], [ -87.430075, 35.982076 ], [ -87.4338, 35.982466 ], [ -87.435043, 35.982596 ], [ -87.435144, 35.982606 ], [ -87.435447, 35.982638 ], [ -87.435548, 35.982649 ], [ -87.435612, 35.982655 ], [ -87.435806, 35.982676 ], [ -87.435871, 35.982683 ], [ -87.436083, 35.982705 ], [ -87.43672, 35.982771 ], [ -87.436933, 35.982794 ], [ -87.438211, 35.982927 ], [ -87.442048, 35.98333 ], [ -87.4432, 35.983453 ], [ -87.443328, 35.983466 ], [ -87.443436, 35.983477 ], [ -87.443826, 35.983518 ], [ -87.445322, 35.983675 ], [ -87.445527, 35.983697 ], [ -87.445822, 35.983728 ], [ -87.449363, 35.9841 ], [ -87.451977, 35.984376 ], [ -87.459987, 35.985218 ], [ -87.46353, 35.985591 ], [ -87.465924, 35.985841 ], [ -87.473107, 35.986594 ], [ -87.475502, 35.986845 ], [ -87.475691, 35.986864 ], [ -87.476259, 35.986924 ], [ -87.476449, 35.986944 ], [ -87.477634, 35.987068 ], [ -87.481192, 35.987441 ], [ -87.482378, 35.987566 ], [ -87.4823, 35.986927 ], [ -87.482115, 35.985401 ], [ -87.481841, 35.985435 ], [ -87.48049, 35.985605 ], [ -87.477686, 35.985959 ], [ -87.477719, 35.984848 ], [ -87.481404, 35.984546 ], [ -87.48215, 35.984485 ], [ -87.485209, 35.984234 ], [ -87.489015, 35.983923 ], [ -87.489192, 35.983907 ], [ -87.48969, 35.983865 ], [ -87.489693, 35.983901 ], [ -87.48971, 35.984079 ], [ -87.489742, 35.984321 ], [ -87.489841, 35.985047 ], [ -87.489874, 35.98529 ], [ -87.48988, 35.985695 ], [ -87.4899, 35.986912 ], [ -87.489907, 35.987318 ], [ -87.48991, 35.987488 ], [ -87.489919, 35.987998 ], [ -87.489922, 35.988169 ], [ -87.489925, 35.988335 ], [ -87.490133, 35.988369 ], [ -87.4904, 35.988412 ], [ -87.490561, 35.988439 ], [ -87.490608, 35.988446 ], [ -87.490755, 35.98847 ], [ -87.490804, 35.988479 ], [ -87.491389, 35.988538 ], [ -87.493144, 35.988717 ], [ -87.49373, 35.988777 ], [ -87.494482, 35.988853 ], [ -87.496738, 35.989084 ], [ -87.497079, 35.989119 ], [ -87.497491, 35.989161 ], [ -87.49984, 35.989357 ], [ -87.500071, 35.989376 ], [ -87.500771, 35.989447 ], [ -87.510602, 35.990441 ], [ -87.513881, 35.990775 ], [ -87.513902, 35.990824 ], [ -87.513969, 35.990977 ], [ -87.513992, 35.991029 ], [ -87.514411, 35.991077 ], [ -87.514654, 35.991105 ], [ -87.516643, 35.991335 ], [ -87.517306, 35.991412 ], [ -87.517484, 35.991429 ], [ -87.53453, 35.993074 ], [ -87.534812, 35.993722 ], [ -87.534949, 35.994035 ], [ -87.534686, 35.994439 ], [ -87.534591, 35.994859 ], [ -87.534802, 35.995245 ], [ -87.535186, 35.995434 ], [ -87.535548, 35.995612 ], [ -87.535755, 35.995692 ], [ -87.535832, 35.995722 ], [ -87.535976, 35.995778 ], [ -87.536742, 35.996217 ], [ -87.537525, 35.996293 ], [ -87.538279, 35.996465 ], [ -87.539475, 35.996216 ], [ -87.539822, 35.996327 ], [ -87.540012, 35.996471 ], [ -87.54002, 35.997285 ], [ -87.540383, 35.998017 ], [ -87.540202, 35.998744 ], [ -87.540794, 36.000062 ], [ -87.541053, 36.000432 ], [ -87.541218, 36.000708 ], [ -87.541175, 36.000925 ], [ -87.540771, 36.001462 ], [ -87.540689, 36.001695 ], [ -87.540652, 36.002202 ], [ -87.540501, 36.002394 ], [ -87.5405, 36.002438 ], [ -87.540498, 36.002471 ], [ -87.540492, 36.002958 ], [ -87.540844, 36.003372 ], [ -87.541062, 36.003521 ], [ -87.541345, 36.003715 ], [ -87.541491, 36.003934 ], [ -87.541586, 36.004116 ], [ -87.541694, 36.004323 ], [ -87.542218, 36.004489 ], [ -87.542571, 36.004815 ], [ -87.542689, 36.004969 ], [ -87.542681, 36.005044 ], [ -87.542654, 36.005324 ], [ -87.542425, 36.006136 ], [ -87.542395, 36.006942 ], [ -87.542514, 36.007677 ], [ -87.542637, 36.008089 ], [ -87.54291, 36.008487 ], [ -87.543126, 36.008674 ], [ -87.544247, 36.008933 ], [ -87.544265, 36.008942 ], [ -87.544279, 36.00895 ], [ -87.544374, 36.009006 ], [ -87.544406, 36.009025 ], [ -87.544618, 36.009151 ], [ -87.544808, 36.009302 ], [ -87.544906, 36.009396 ], [ -87.545005, 36.009585 ], [ -87.545165, 36.009958 ], [ -87.545306, 36.010178 ], [ -87.545515, 36.010227 ], [ -87.545909, 36.010392 ], [ -87.546065, 36.010651 ], [ -87.54613, 36.010934 ], [ -87.546287, 36.011112 ], [ -87.546533, 36.011472 ], [ -87.546784, 36.011652 ], [ -87.547008, 36.011811 ], [ -87.547421, 36.012161 ], [ -87.54755, 36.012276 ], [ -87.548377, 36.013023 ], [ -87.548803, 36.013421 ], [ -87.549124, 36.013619 ], [ -87.549619, 36.013873 ], [ -87.549907, 36.014012 ], [ -87.550167, 36.014138 ], [ -87.550337, 36.014255 ], [ -87.550337, 36.014633 ], [ -87.55054, 36.015285 ], [ -87.550781, 36.015501 ], [ -87.551139, 36.015648 ], [ -87.551866, 36.015807 ], [ -87.552312, 36.015978 ], [ -87.552372, 36.016007 ], [ -87.552874, 36.016237 ], [ -87.552982, 36.016397 ], [ -87.552783, 36.016704 ], [ -87.552305, 36.017211 ], [ -87.549898, 36.018175 ], [ -87.549849, 36.01822 ], [ -87.549529, 36.018575 ], [ -87.54897, 36.019279 ], [ -87.548839, 36.019433 ], [ -87.548425, 36.020099 ], [ -87.548402, 36.020316 ], [ -87.548527, 36.020687 ], [ -87.548703, 36.020946 ], [ -87.548808, 36.021358 ], [ -87.548774, 36.02172 ], [ -87.548682, 36.021938 ], [ -87.547784, 36.022424 ], [ -87.547545, 36.022447 ], [ -87.54714, 36.022323 ], [ -87.546763, 36.022297 ], [ -87.546475, 36.022335 ], [ -87.546264, 36.022527 ], [ -87.54601, 36.022781 ], [ -87.546008, 36.022859 ], [ -87.546011, 36.02317 ], [ -87.546022, 36.023555 ], [ -87.546093, 36.024161 ], [ -87.546224, 36.024829 ], [ -87.546348, 36.025508 ], [ -87.546457, 36.025924 ], [ -87.54653, 36.026128 ], [ -87.546584, 36.026276 ], [ -87.546603, 36.026354 ], [ -87.546665, 36.026607 ], [ -87.546682, 36.02695 ], [ -87.546679, 36.027063 ], [ -87.546675, 36.027302 ], [ -87.546674, 36.027356 ], [ -87.546668, 36.027505 ], [ -87.546659, 36.027804 ], [ -87.546681, 36.028046 ], [ -87.546704, 36.028113 ], [ -87.546721, 36.028162 ], [ -87.546802, 36.028291 ], [ -87.546861, 36.028383 ], [ -87.546854, 36.028926 ], [ -87.547117, 36.029291 ], [ -87.54751, 36.029552 ], [ -87.548011, 36.029648 ], [ -87.548401, 36.029722 ], [ -87.548687, 36.029845 ], [ -87.548773, 36.030225 ], [ -87.548776, 36.030318 ], [ -87.548787, 36.030677 ], [ -87.548804, 36.030839 ], [ -87.549118, 36.031148 ], [ -87.549548, 36.031318 ], [ -87.54986, 36.031347 ], [ -87.550085, 36.031559 ], [ -87.550304, 36.031784 ], [ -87.55042, 36.031887 ], [ -87.550469, 36.031931 ], [ -87.550693, 36.032192 ], [ -87.550766, 36.03236 ], [ -87.550823, 36.032718 ], [ -87.55082, 36.032982 ], [ -87.550803, 36.033167 ], [ -87.550762, 36.033484 ], [ -87.55074, 36.033743 ], [ -87.550722, 36.033948 ], [ -87.550716, 36.034093 ], [ -87.550703, 36.034486 ], [ -87.550671, 36.034871 ], [ -87.55067, 36.034882 ], [ -87.550633, 36.035072 ], [ -87.550622, 36.035148 ], [ -87.550586, 36.035431 ], [ -87.550513, 36.035784 ], [ -87.550424, 36.035964 ], [ -87.55038, 36.036055 ], [ -87.550284, 36.036209 ], [ -87.550088, 36.036521 ], [ -87.550054, 36.036569 ], [ -87.54982, 36.036908 ], [ -87.549662, 36.037221 ], [ -87.549449, 36.037695 ], [ -87.549403, 36.037798 ], [ -87.549311, 36.038099 ], [ -87.548902, 36.038486 ], [ -87.548116, 36.039233 ], [ -87.547983, 36.039554 ], [ -87.548119, 36.039749 ], [ -87.548132, 36.03976 ], [ -87.548414, 36.039994 ], [ -87.548551, 36.040135 ], [ -87.548872, 36.040464 ], [ -87.54904, 36.040636 ], [ -87.549134, 36.041056 ], [ -87.548993, 36.04124 ], [ -87.548721, 36.041536 ], [ -87.548663, 36.041584 ], [ -87.548313, 36.041882 ], [ -87.548168, 36.042007 ], [ -87.547933, 36.042252 ], [ -87.547635, 36.042566 ], [ -87.547522, 36.042823 ], [ -87.547548, 36.043155 ], [ -87.547931, 36.043542 ], [ -87.547959, 36.04357 ], [ -87.548407, 36.043772 ], [ -87.548415, 36.043808 ], [ -87.548418, 36.043822 ], [ -87.548415, 36.043921 ], [ -87.548415, 36.043959 ], [ -87.548414, 36.044028 ], [ -87.548365, 36.044239 ], [ -87.548319, 36.044405 ], [ -87.548303, 36.044466 ], [ -87.548202, 36.044657 ], [ -87.548081, 36.044843 ], [ -87.547953, 36.044986 ], [ -87.547773, 36.045135 ], [ -87.547502, 36.045296 ], [ -87.547382, 36.045351 ], [ -87.547141, 36.045462 ], [ -87.546971, 36.045552 ], [ -87.546623, 36.04554 ], [ -87.546165, 36.045641 ], [ -87.545827, 36.045871 ], [ -87.545594, 36.046031 ], [ -87.545298, 36.046641 ], [ -87.545311, 36.047125 ], [ -87.545345, 36.047528 ], [ -87.545253, 36.048495 ], [ -87.545335, 36.049044 ], [ -87.545351, 36.049346 ], [ -87.545367, 36.049632 ], [ -87.545801, 36.049978 ], [ -87.546112, 36.050206 ], [ -87.546122, 36.050225 ], [ -87.546153, 36.050283 ], [ -87.546164, 36.050303 ], [ -87.546179, 36.050332 ], [ -87.546234, 36.050585 ], [ -87.546227, 36.051028 ], [ -87.546217, 36.05126 ], [ -87.546157, 36.051608 ], [ -87.546021, 36.052179 ], [ -87.545785, 36.052934 ], [ -87.545744, 36.053162 ], [ -87.545567, 36.053314 ], [ -87.54549, 36.053883 ], [ -87.545512, 36.054304 ], [ -87.545454, 36.054759 ], [ -87.545386, 36.055376 ], [ -87.545398, 36.05558 ], [ -87.545629, 36.056015 ], [ -87.545962, 36.056272 ], [ -87.54655, 36.056356 ], [ -87.546883, 36.056356 ], [ -87.54766, 36.056378 ], [ -87.548208, 36.056318 ], [ -87.54857, 36.05631 ], [ -87.548777, 36.0566 ], [ -87.548838, 36.056894 ], [ -87.548958, 36.057199 ], [ -87.549089, 36.057375 ], [ -87.549259, 36.0576 ], [ -87.549323, 36.057793 ], [ -87.549318, 36.058162 ], [ -87.549385, 36.058344 ], [ -87.549399, 36.058383 ], [ -87.549439, 36.058531 ], [ -87.549462, 36.058612 ], [ -87.549473, 36.058872 ], [ -87.54946, 36.059113 ], [ -87.549459, 36.059149 ], [ -87.549431, 36.059306 ], [ -87.549401, 36.059474 ], [ -87.549323, 36.059756 ], [ -87.549198, 36.060022 ], [ -87.54917, 36.060078 ], [ -87.548474, 36.065171 ], [ -87.548271, 36.066708 ], [ -87.547952, 36.069004 ], [ -87.547721, 36.070691 ], [ -87.546795, 36.077477 ], [ -87.546375, 36.08056 ], [ -87.546308, 36.081053 ], [ -87.546287, 36.081203 ], [ -87.54624, 36.081547 ], [ -87.546088, 36.082661 ], [ -87.546023, 36.083131 ], [ -87.545936, 36.083775 ], [ -87.545514, 36.086866 ], [ -87.544759, 36.092396 ], [ -87.544681, 36.09297 ], [ -87.544625, 36.093383 ], [ -87.544599, 36.093575 ], [ -87.544558, 36.093867 ], [ -87.544519, 36.094158 ], [ -87.544503, 36.094277 ], [ -87.544615, 36.094899 ], [ -87.545207, 36.098176 ], [ -87.545928, 36.102174 ], [ -87.546182, 36.103582 ], [ -87.546233, 36.103867 ], [ -87.546388, 36.104722 ], [ -87.54644, 36.105007 ], [ -87.546787, 36.106928 ], [ -87.54773, 36.112145 ], [ -87.547828, 36.112691 ], [ -87.548176, 36.114613 ], [ -87.549648, 36.123067 ], [ -87.549653, 36.123104 ], [ -87.549917, 36.125058 ], [ -87.551483, 36.134017 ], [ -87.551529, 36.134604 ], [ -87.551729, 36.136707 ], [ -87.551806, 36.137514 ], [ -87.552182, 36.137745 ], [ -87.552566, 36.138822 ], [ -87.55305, 36.140176 ], [ -87.55477, 36.145048 ], [ -87.555166, 36.146155 ], [ -87.555794, 36.147907 ], [ -87.556357, 36.149478 ], [ -87.556754, 36.150586 ], [ -87.556965, 36.151175 ], [ -87.557598, 36.152945 ], [ -87.55781, 36.153535 ], [ -87.558556, 36.155618 ], [ -87.560795, 36.16187 ], [ -87.561542, 36.163954 ], [ -87.56222, 36.165844 ], [ -87.566629, 36.177415 ], [ -87.566754, 36.177743 ], [ -87.566798, 36.177857 ], [ -87.566609, 36.177934 ], [ -87.559096, 36.189235 ], [ -87.558488, 36.190149 ], [ -87.557532, 36.19157 ], [ -87.557194, 36.192077 ], [ -87.556344, 36.193344 ], [ -87.555598, 36.194458 ], [ -87.553795, 36.197147 ], [ -87.553069, 36.198232 ], [ -87.552946, 36.198415 ], [ -87.551203, 36.20104 ], [ -87.549308, 36.203897 ], [ -87.545978, 36.208915 ], [ -87.544237, 36.211541 ], [ -87.543736, 36.212294 ], [ -87.542235, 36.214555 ], [ -87.541735, 36.215309 ], [ -87.541701, 36.215358 ], [ -87.541623, 36.215478 ], [ -87.541602, 36.215508 ], [ -87.54157, 36.215558 ], [ -87.54152, 36.215633 ], [ -87.540917, 36.216528 ], [ -87.53896, 36.219437 ], [ -87.538308, 36.220408 ], [ -87.538154, 36.220637 ], [ -87.537266, 36.221983 ], [ -87.536574, 36.223033 ], [ -87.534502, 36.226173 ], [ -87.534423, 36.226293 ], [ -87.534344, 36.226413 ], [ -87.534145, 36.226713 ], [ -87.533106, 36.22829 ], [ -87.532562, 36.229114 ], [ -87.530932, 36.231589 ], [ -87.530415, 36.232375 ], [ -87.530407, 36.232422 ], [ -87.530401, 36.232457 ], [ -87.530383, 36.232562 ], [ -87.530378, 36.232598 ], [ -87.529864, 36.235692 ], [ -87.529341, 36.238849 ], [ -87.529506, 36.239093 ], [ -87.529206, 36.240333 ], [ -87.529213, 36.240527 ], [ -87.529509, 36.240667 ], [ -87.530135, 36.240763 ], [ -87.53062, 36.240946 ], [ -87.532068, 36.243028 ], [ -87.532092, 36.243459 ], [ -87.532266, 36.24649 ], [ -87.532282, 36.24659 ], [ -87.532304, 36.246616 ], [ -87.532344, 36.246713 ], [ -87.532361, 36.246745 ], [ -87.532363, 36.246872 ], [ -87.532368, 36.247126 ], [ -87.532152, 36.247344 ], [ -87.531972, 36.247527 ], [ -87.531815, 36.247775 ], [ -87.531771, 36.248282 ], [ -87.53168, 36.24896 ], [ -87.531599, 36.249256 ], [ -87.531479, 36.249701 ], [ -87.531262, 36.249678 ], [ -87.52926, 36.249471 ], [ -87.523627, 36.24889 ], [ -87.523635, 36.249263 ], [ -87.523652, 36.250056 ], [ -87.523935, 36.251242 ], [ -87.523881, 36.251643 ], [ -87.523728, 36.252849 ], [ -87.523678, 36.253253 ], [ -87.523662, 36.253372 ], [ -87.523454, 36.255001 ], [ -87.52332, 36.256056 ], [ -87.523047, 36.258195 ], [ -87.522787, 36.260248 ], [ -87.522567, 36.261999 ], [ -87.522519, 36.262378 ], [ -87.522376, 36.263515 ], [ -87.522329, 36.263895 ], [ -87.522107, 36.265652 ], [ -87.521442, 36.270926 ], [ -87.52133, 36.271815 ], [ -87.521223, 36.272685 ], [ -87.520315, 36.272684 ], [ -87.520213, 36.272684 ], [ -87.519468, 36.272683 ], [ -87.519275, 36.274549 ], [ -87.519183, 36.275453 ], [ -87.519179, 36.275465 ], [ -87.519171, 36.275571 ], [ -87.519166, 36.275613 ], [ -87.519116, 36.276096 ], [ -87.5191, 36.276257 ], [ -87.519081, 36.276438 ], [ -87.519025, 36.276982 ], [ -87.519007, 36.277163 ], [ -87.518982, 36.277404 ], [ -87.518931, 36.277899 ], [ -87.518795, 36.279227 ], [ -87.519677, 36.279231 ], [ -87.520416, 36.279236 ], [ -87.520242, 36.280648 ], [ -87.51972, 36.284888 ], [ -87.519547, 36.286301 ], [ -87.519538, 36.286357 ], [ -87.519517, 36.286528 ], [ -87.519512, 36.286586 ], [ -87.519488, 36.28677 ], [ -87.5194, 36.287477 ], [ -87.519072, 36.290156 ], [ -87.518964, 36.291052 ], [ -87.51895, 36.291148 ], [ -87.51891, 36.291437 ], [ -87.518897, 36.291534 ], [ -87.518629, 36.293461 ], [ -87.518202, 36.296539 ], [ -87.517826, 36.299242 ], [ -87.517559, 36.30117 ], [ -87.51755, 36.301234 ], [ -87.517514, 36.301487 ], [ -87.517382, 36.302439 ], [ -87.517339, 36.302757 ], [ -87.517311, 36.302967 ], [ -87.517297, 36.30306 ], [ -87.51717, 36.303974 ], [ -87.517129, 36.304279 ], [ -87.517057, 36.304787 ], [ -87.516964, 36.305468 ], [ -87.516846, 36.306316 ], [ -87.516777, 36.306827 ], [ -87.516738, 36.307103 ], [ -87.516593, 36.30815 ], [ -87.516344, 36.309949 ], [ -87.516096, 36.312129 ], [ -87.515945, 36.313459 ], [ -87.515928, 36.313605 ], [ -87.515791, 36.314804 ], [ -87.515574, 36.316722 ], [ -87.515333, 36.31884 ], [ -87.515181, 36.320186 ], [ -87.514957, 36.322152 ], [ -87.514571, 36.325557 ], [ -87.514288, 36.328051 ], [ -87.514065, 36.330018 ], [ -87.513533, 36.334713 ], [ -87.51188, 36.334566 ], [ -87.506921, 36.334125 ], [ -87.505401, 36.33399 ], [ -87.505269, 36.333974 ], [ -87.503805, 36.333796 ], [ -87.500012, 36.333338 ], [ -87.499418, 36.333238 ], [ -87.497965, 36.332994 ], [ -87.49568, 36.332774 ], [ -87.493098, 36.332527 ], [ -87.488827, 36.332132 ], [ -87.488058, 36.332062 ], [ -87.486543, 36.331915 ], [ -87.486479, 36.331908 ], [ -87.486287, 36.331887 ], [ -87.486224, 36.33188 ], [ -87.485835, 36.331841 ], [ -87.484409, 36.331699 ], [ -87.483495, 36.331609 ], [ -87.478963, 36.3312 ], [ -87.477148, 36.331037 ], [ -87.476722, 36.330991 ], [ -87.474945, 36.3308 ], [ -87.474208, 36.330722 ], [ -87.468707, 36.330134 ], [ -87.465386, 36.329828 ], [ -87.462443, 36.329558 ], [ -87.461495, 36.329467 ], [ -87.460424, 36.329359 ], [ -87.454563, 36.328769 ], [ -87.454371, 36.32875 ], [ -87.452353, 36.328556 ], [ -87.452316, 36.328553 ], [ -87.45211, 36.328533 ], [ -87.451382, 36.328463 ], [ -87.45114, 36.32844 ], [ -87.449157, 36.32825 ], [ -87.447746, 36.328115 ], [ -87.444465, 36.327803 ], [ -87.437564, 36.32715 ], [ -87.434408, 36.326852 ], [ -87.43417, 36.32683 ], [ -87.434127, 36.326824 ], [ -87.433054, 36.326721 ], [ -87.429711, 36.326401 ], [ -87.428597, 36.326296 ], [ -87.428099, 36.326247 ], [ -87.426605, 36.326103 ], [ -87.426109, 36.326056 ], [ -87.425937, 36.326038 ], [ -87.425127, 36.325931 ], [ -87.422188, 36.325545 ], [ -87.42121, 36.325418 ], [ -87.420934, 36.325507 ], [ -87.419427, 36.325328 ], [ -87.418971, 36.32527 ], [ -87.415654, 36.325003 ], [ -87.409462, 36.324329 ], [ -87.409363, 36.32432 ], [ -87.409068, 36.324295 ], [ -87.40897, 36.324287 ], [ -87.407712, 36.324152 ], [ -87.404945, 36.323856 ], [ -87.403939, 36.323766 ], [ -87.40268, 36.323655 ], [ -87.402646, 36.323652 ], [ -87.402319, 36.323623 ], [ -87.401239, 36.323528 ], [ -87.400879, 36.323497 ], [ -87.398061, 36.323248 ], [ -87.392972, 36.322799 ], [ -87.389615, 36.322455 ], [ -87.386968, 36.322185 ], [ -87.386802, 36.322167 ], [ -87.38674, 36.32216 ], [ -87.386554, 36.322139 ], [ -87.386492, 36.322133 ], [ -87.386314, 36.322114 ], [ -87.385643, 36.322037 ], [ -87.38509, 36.321974 ], [ -87.383097, 36.321765 ], [ -87.382278, 36.321679 ], [ -87.382249, 36.321676 ], [ -87.381274, 36.321571 ], [ -87.37835, 36.321256 ], [ -87.377376, 36.321151 ], [ -87.377354, 36.321149 ], [ -87.377219, 36.321134 ], [ -87.376749, 36.321083 ], [ -87.376593, 36.321067 ], [ -87.376379, 36.321043 ], [ -87.375741, 36.320975 ], [ -87.375526, 36.320952 ], [ -87.375009, 36.320859 ], [ -87.374931, 36.32085 ], [ -87.373125, 36.320654 ], [ -87.372524, 36.320589 ], [ -87.372453, 36.320587 ], [ -87.37224, 36.320584 ], [ -87.372194, 36.320583 ], [ -87.37217, 36.320583 ], [ -87.372176, 36.320601 ], [ -87.372197, 36.320657 ], [ -87.372204, 36.320676 ], [ -87.372403, 36.321232 ], [ -87.372244, 36.322092 ] ] ], [ [ [ -87.152297, 36.288729 ], [ -87.151995, 36.289037 ], [ -87.151895, 36.28914 ], [ -87.151877, 36.289158 ], [ -87.151812, 36.289184 ], [ -87.151703, 36.2893 ], [ -87.15138, 36.289657 ], [ -87.151282, 36.289766 ], [ -87.151273, 36.28978 ], [ -87.15118, 36.289872 ], [ -87.151041, 36.289966 ], [ -87.150648, 36.290237 ], [ -87.150334, 36.290523 ], [ -87.150224, 36.290625 ], [ -87.15011, 36.290722 ], [ -87.149803, 36.290981 ], [ -87.148899, 36.291747 ], [ -87.148886, 36.291757 ], [ -87.148581, 36.292016 ], [ -87.148406, 36.292156 ], [ -87.146906, 36.293344 ], [ -87.146531, 36.293166 ], [ -87.146253, 36.293035 ], [ -87.145975, 36.292903 ], [ -87.144301, 36.292109 ], [ -87.144172, 36.292142 ], [ -87.143731, 36.292747 ], [ -87.142584, 36.294258 ], [ -87.14252, 36.294339 ], [ -87.142315, 36.294607 ], [ -87.141927, 36.294603 ], [ -87.141847, 36.294602 ], [ -87.141287, 36.294318 ], [ -87.140944, 36.294081 ], [ -87.140482, 36.293691 ], [ -87.139968, 36.293158 ], [ -87.139332, 36.292418 ], [ -87.139466, 36.292342 ], [ -87.140007, 36.292031 ], [ -87.141632, 36.291105 ], [ -87.142175, 36.290798 ], [ -87.142256, 36.290749 ], [ -87.142372, 36.290684 ], [ -87.14252, 36.290656 ], [ -87.142616, 36.290641 ], [ -87.14396, 36.290388 ], [ -87.144398, 36.290307 ], [ -87.147981, 36.289552 ], [ -87.149322, 36.289272 ], [ -87.149612, 36.289209 ], [ -87.150488, 36.289027 ], [ -87.150769, 36.288969 ], [ -87.15078, 36.288956 ], [ -87.151103, 36.288898 ], [ -87.152074, 36.288695 ], [ -87.152398, 36.288627 ], [ -87.152297, 36.288729 ] ] ] ] } },
{ "type": "Feature", "properties": { "STATEFP": "47", "COUNTYFP": "187", "COUNTYNS": "01639801", "GEOID": "47187", "GEOIDFQ": "0500000US47187", "NAME": "Williamson", "NAMELSAD": "Williamson County", "LSAD": "06", "CLASSFP": "H1", "MTFCC": "G4020", "CSAFP": "400", "CBSAFP": "34980", "METDIVFP": null, "FUNCSTAT": "A", "ALAND": 1509613349, "AWATER": 3011572, "INTPTLAT": "+35.8948454", "INTPTLON": "-086.8978885" }, "geometry": { "type": "Polygon", "coordinates": [ [ [ -86.692324, 35.994753 ], [ -86.692165, 35.994682 ], [ -86.691904, 35.994581 ], [ -86.691596, 35.994572 ], [ -86.691422, 35.994636 ], [ -86.691346, 35.994648 ], [ -86.690694, 35.994905 ], [ -86.690195, 35.99498 ], [ -86.689695, 35.994924 ], [ -86.689614, 35.994966 ], [ -86.689499, 35.995028 ], [ -86.689318, 35.995124 ], [ -86.689273, 35.995109 ], [ -86.68914, 35.995064 ], [ -86.689096, 35.99505 ], [ -86.689019, 35.995066 ], [ -86.688819, 35.995108 ], [ -86.68799, 35.995284 ], [ -86.687714, 35.995343 ], [ -86.687394, 35.995104 ], [ -86.687305, 35.995037 ], [ -86.6872, 35.994962 ], [ -86.686735, 35.994608 ], [ -86.686455, 35.994363 ], [ -86.686347, 35.994269 ], [ -86.686164, 35.994092 ], [ -86.686044, 35.993976 ], [ -86.685882, 35.993799 ], [ -86.685059, 35.992899 ], [ -86.684785, 35.992599 ], [ -86.684523, 35.992314 ], [ -86.683781, 35.991505 ], [ -86.683738, 35.991459 ], [ -86.683475, 35.991177 ], [ -86.683327, 35.991015 ], [ -86.682884, 35.990531 ], [ -86.682737, 35.99037 ], [ -86.682682, 35.99031 ], [ -86.682517, 35.99013 ], [ -86.682462, 35.99007 ], [ -86.682442, 35.990048 ], [ -86.682343, 35.989939 ], [ -86.682189, 35.989769 ], [ -86.682, 35.989536 ], [ -86.681889, 35.989399 ], [ -86.679411, 35.988436 ], [ -86.678252, 35.987988 ], [ -86.676845, 35.987445 ], [ -86.676761, 35.987413 ], [ -86.6761, 35.987158 ], [ -86.675907, 35.987083 ], [ -86.675738, 35.987018 ], [ -86.675519, 35.986933 ], [ -86.675476, 35.986916 ], [ -86.674927, 35.986704 ], [ -86.674534, 35.986552 ], [ -86.673863, 35.986292 ], [ -86.673747, 35.986247 ], [ -86.673426, 35.986124 ], [ -86.672482, 35.98576 ], [ -86.669453, 35.984592 ], [ -86.667542, 35.983855 ], [ -86.666792, 35.983565 ], [ -86.664852, 35.982816 ], [ -86.664248, 35.982583 ], [ -86.6636, 35.982334 ], [ -86.66171, 35.981604 ], [ -86.656665, 35.979657 ], [ -86.656189, 35.979472 ], [ -86.654761, 35.97892 ], [ -86.654285, 35.978736 ], [ -86.654186, 35.978698 ], [ -86.653891, 35.978585 ], [ -86.653793, 35.978548 ], [ -86.653293, 35.978355 ], [ -86.651796, 35.977776 ], [ -86.651297, 35.977584 ], [ -86.6506, 35.977314 ], [ -86.64851, 35.976507 ], [ -86.648288, 35.976422 ], [ -86.64829, 35.975914 ], [ -86.648289, 35.975845 ], [ -86.648288, 35.975641 ], [ -86.648288, 35.975573 ], [ -86.64825, 35.975569 ], [ -86.648195, 35.975565 ], [ -86.648136, 35.975559 ], [ -86.648099, 35.975556 ], [ -86.647925, 35.975539 ], [ -86.647403, 35.97549 ], [ -86.647229, 35.975474 ], [ -86.647085, 35.975461 ], [ -86.646656, 35.975425 ], [ -86.646513, 35.975413 ], [ -86.646387, 35.975402 ], [ -86.646012, 35.975369 ], [ -86.645887, 35.975359 ], [ -86.64514, 35.975269 ], [ -86.64474, 35.975247 ], [ -86.644008, 35.975206 ], [ -86.643552, 35.975181 ], [ -86.642968, 35.97514 ], [ -86.642367, 35.975097 ], [ -86.640347, 35.974948 ], [ -86.638803, 35.974811 ], [ -86.638366, 35.974779 ], [ -86.636485, 35.974642 ], [ -86.636019, 35.97461 ], [ -86.634622, 35.974517 ], [ -86.634157, 35.974486 ], [ -86.632912, 35.974401 ], [ -86.630549, 35.974241 ], [ -86.627397, 35.974027 ], [ -86.627695, 35.972128 ], [ -86.621951, 35.971627 ], [ -86.6186, 35.971336 ], [ -86.618625, 35.971086 ], [ -86.618664, 35.970684 ], [ -86.618782, 35.969481 ], [ -86.618822, 35.96908 ], [ -86.618828, 35.969023 ], [ -86.618837, 35.968908 ], [ -86.618857, 35.96866 ], [ -86.618878, 35.968395 ], [ -86.618892, 35.968224 ], [ -86.618893, 35.968208 ], [ -86.618896, 35.968163 ], [ -86.618899, 35.968141 ], [ -86.6189, 35.967963 ], [ -86.618928, 35.967712 ], [ -86.619946, 35.967867 ], [ -86.620309, 35.967921 ], [ -86.620811, 35.967997 ], [ -86.621783, 35.968145 ], [ -86.621911, 35.968232 ], [ -86.622047, 35.968068 ], [ -86.622266, 35.967968 ], [ -86.622618, 35.967807 ], [ -86.622753, 35.967744 ], [ -86.624923, 35.966758 ], [ -86.625036, 35.966706 ], [ -86.624027, 35.96453 ], [ -86.62401, 35.964492 ], [ -86.623658, 35.964169 ], [ -86.623058, 35.964013 ], [ -86.622003, 35.964058 ], [ -86.622024, 35.963913 ], [ -86.622203, 35.962643 ], [ -86.622201, 35.962161 ], [ -86.622195, 35.959463 ], [ -86.622363, 35.958019 ], [ -86.623501, 35.958047 ], [ -86.623629, 35.95805 ], [ -86.624585, 35.958169 ], [ -86.624639, 35.958145 ], [ -86.625153, 35.954574 ], [ -86.625152, 35.954425 ], [ -86.624949, 35.954122 ], [ -86.624984, 35.953923 ], [ -86.623788, 35.952701 ], [ -86.623733, 35.952645 ], [ -86.623629, 35.952539 ], [ -86.622461, 35.951346 ], [ -86.621683, 35.950552 ], [ -86.62166, 35.950528 ], [ -86.621556, 35.950422 ], [ -86.614985, 35.943708 ], [ -86.615032, 35.943593 ], [ -86.61571, 35.941937 ], [ -86.615817, 35.941677 ], [ -86.615923, 35.941417 ], [ -86.616395, 35.940263 ], [ -86.619121, 35.933946 ], [ -86.624995, 35.920343 ], [ -86.625468, 35.919017 ], [ -86.625878, 35.918348 ], [ -86.62652, 35.916784 ], [ -86.626851, 35.915866 ], [ -86.626978, 35.915135 ], [ -86.626884, 35.914956 ], [ -86.626532, 35.914281 ], [ -86.626216, 35.913181 ], [ -86.626625, 35.91249 ], [ -86.62731, 35.911574 ], [ -86.62791, 35.910961 ], [ -86.628, 35.910163 ], [ -86.627624, 35.90958 ], [ -86.62757, 35.909225 ], [ -86.627338, 35.909018 ], [ -86.627157, 35.908857 ], [ -86.626927, 35.908502 ], [ -86.626592, 35.907733 ], [ -86.626345, 35.907251 ], [ -86.625835, 35.90673 ], [ -86.62544, 35.906411 ], [ -86.624994, 35.906052 ], [ -86.624243, 35.905421 ], [ -86.61763, 35.899864 ], [ -86.616933, 35.896957 ], [ -86.61626, 35.894148 ], [ -86.615132, 35.88944 ], [ -86.615109, 35.889341 ], [ -86.613771, 35.883756 ], [ -86.614713, 35.883226 ], [ -86.615513, 35.882778 ], [ -86.619588, 35.883715 ], [ -86.621372, 35.882569 ], [ -86.619485, 35.875064 ], [ -86.619104, 35.873619 ], [ -86.618698, 35.871919 ], [ -86.618556, 35.871339 ], [ -86.618408, 35.871243 ], [ -86.618209, 35.871074 ], [ -86.617315, 35.870223 ], [ -86.617188, 35.869932 ], [ -86.617144, 35.869829 ], [ -86.617122, 35.869425 ], [ -86.617296, 35.868812 ], [ -86.617561, 35.868512 ], [ -86.617905, 35.86818 ], [ -86.618032, 35.867913 ], [ -86.617901, 35.867486 ], [ -86.61766, 35.866971 ], [ -86.617617, 35.866285 ], [ -86.617475, 35.865673 ], [ -86.617502, 35.865342 ], [ -86.617698, 35.864978 ], [ -86.617627, 35.864478 ], [ -86.617427, 35.864132 ], [ -86.617228, 35.86399 ], [ -86.616923, 35.863772 ], [ -86.616893, 35.86375 ], [ -86.616808, 35.863685 ], [ -86.616781, 35.863666 ], [ -86.616665, 35.863577 ], [ -86.616006, 35.863027 ], [ -86.615757, 35.862585 ], [ -86.615597, 35.862343 ], [ -86.615309, 35.862103 ], [ -86.614863, 35.861895 ], [ -86.614596, 35.861735 ], [ -86.614013, 35.861672 ], [ -86.613419, 35.861569 ], [ -86.612944, 35.861378 ], [ -86.612721, 35.861139 ], [ -86.612675, 35.861088 ], [ -86.612056, 35.85997 ], [ -86.61208, 35.859906 ], [ -86.60617, 35.858975 ], [ -86.607099, 35.855828 ], [ -86.605648, 35.855156 ], [ -86.605294, 35.854993 ], [ -86.605137, 35.85492 ], [ -86.605079, 35.85418 ], [ -86.603678, 35.85388 ], [ -86.600428, 35.853185 ], [ -86.600221, 35.851519 ], [ -86.600209, 35.851429 ], [ -86.600176, 35.851168 ], [ -86.600167, 35.851081 ], [ -86.600032, 35.849994 ], [ -86.600221, 35.849847 ], [ -86.601457, 35.848891 ], [ -86.601178, 35.846465 ], [ -86.601026, 35.84514 ], [ -86.601222, 35.845021 ], [ -86.601356, 35.844927 ], [ -86.601433, 35.844855 ], [ -86.601527, 35.844738 ], [ -86.60162, 35.844535 ], [ -86.601649, 35.844268 ], [ -86.601655, 35.844224 ], [ -86.601659, 35.84411 ], [ -86.601658, 35.843943 ], [ -86.601676, 35.843608 ], [ -86.601662, 35.843448 ], [ -86.601581, 35.842973 ], [ -86.601515, 35.842691 ], [ -86.60147, 35.84242 ], [ -86.601445, 35.842213 ], [ -86.601439, 35.84208 ], [ -86.601443, 35.841963 ], [ -86.60146, 35.841759 ], [ -86.60149, 35.841567 ], [ -86.601506, 35.841498 ], [ -86.601547, 35.841417 ], [ -86.601598, 35.841331 ], [ -86.601752, 35.841161 ], [ -86.601851, 35.841062 ], [ -86.6019, 35.841022 ], [ -86.601931, 35.840997 ], [ -86.601992, 35.840958 ], [ -86.602228, 35.840853 ], [ -86.602333, 35.840811 ], [ -86.602401, 35.840769 ], [ -86.602463, 35.84071 ], [ -86.602505, 35.840663 ], [ -86.602544, 35.840576 ], [ -86.602562, 35.840481 ], [ -86.602582, 35.840246 ], [ -86.602683, 35.840228 ], [ -86.602988, 35.840177 ], [ -86.60309, 35.840161 ], [ -86.603221, 35.84014 ], [ -86.603247, 35.839957 ], [ -86.603384, 35.839017 ], [ -86.60343, 35.838704 ], [ -86.608061, 35.838735 ], [ -86.608358, 35.838738 ], [ -86.616383, 35.838795 ], [ -86.616949, 35.834334 ], [ -86.617084, 35.833264 ], [ -86.617335, 35.831287 ], [ -86.619949, 35.831643 ], [ -86.621611, 35.831869 ], [ -86.622427, 35.831981 ], [ -86.624995, 35.832202 ], [ -86.625534, 35.832249 ], [ -86.625661, 35.831165 ], [ -86.625858, 35.829499 ], [ -86.625889, 35.828944 ], [ -86.625984, 35.827288 ], [ -86.626009, 35.826859 ], [ -86.626018, 35.826738 ], [ -86.626027, 35.826526 ], [ -86.624995, 35.826445 ], [ -86.622262, 35.826074 ], [ -86.619792, 35.82574 ], [ -86.619306, 35.82566 ], [ -86.616046, 35.825127 ], [ -86.613506, 35.824671 ], [ -86.613209, 35.824648 ], [ -86.612657, 35.824739 ], [ -86.611816, 35.824558 ], [ -86.611806, 35.824469 ], [ -86.611996, 35.823148 ], [ -86.612109, 35.82237 ], [ -86.612512, 35.820392 ], [ -86.612722, 35.819309 ], [ -86.612707, 35.819215 ], [ -86.612483, 35.817855 ], [ -86.612414, 35.817439 ], [ -86.612245, 35.817448 ], [ -86.61232, 35.816786 ], [ -86.612494, 35.816003 ], [ -86.612868, 35.813965 ], [ -86.612951, 35.813515 ], [ -86.613433, 35.813486 ], [ -86.61387, 35.813486 ], [ -86.61691, 35.813484 ], [ -86.617033, 35.816227 ], [ -86.618354, 35.81617 ], [ -86.618691, 35.816156 ], [ -86.618748, 35.815551 ], [ -86.620919, 35.815445 ], [ -86.621684, 35.816297 ], [ -86.622475, 35.81631 ], [ -86.622619, 35.815689 ], [ -86.623291, 35.815735 ], [ -86.623615, 35.81366 ], [ -86.623826, 35.812522 ], [ -86.623863, 35.812403 ], [ -86.624564, 35.810196 ], [ -86.624995, 35.80927 ], [ -86.625198, 35.808897 ], [ -86.625273, 35.808492 ], [ -86.625188, 35.808232 ], [ -86.624996, 35.808196 ], [ -86.624442, 35.807848 ], [ -86.623581, 35.807336 ], [ -86.623284, 35.807223 ], [ -86.622878, 35.806967 ], [ -86.622689, 35.806742 ], [ -86.622415, 35.805227 ], [ -86.619801, 35.805659 ], [ -86.619475, 35.805714 ], [ -86.619678, 35.806859 ], [ -86.61971, 35.807174 ], [ -86.619486, 35.807851 ], [ -86.619016, 35.808499 ], [ -86.616937, 35.809054 ], [ -86.61536, 35.809476 ], [ -86.614994, 35.809573 ], [ -86.613896, 35.809867 ], [ -86.613531, 35.809965 ], [ -86.613537, 35.809948 ], [ -86.613586, 35.809823 ], [ -86.613606, 35.809724 ], [ -86.613599, 35.80962 ], [ -86.613498, 35.809373 ], [ -86.613315, 35.809092 ], [ -86.613072, 35.808749 ], [ -86.613059, 35.80873 ], [ -86.612903, 35.808394 ], [ -86.612815, 35.808131 ], [ -86.612815, 35.807938 ], [ -86.612754, 35.807663 ], [ -86.612646, 35.807416 ], [ -86.612558, 35.80701 ], [ -86.612558, 35.806905 ], [ -86.612572, 35.806845 ], [ -86.612734, 35.806537 ], [ -86.612754, 35.806394 ], [ -86.612646, 35.80618 ], [ -86.612375, 35.805855 ], [ -86.612234, 35.805625 ], [ -86.612146, 35.805498 ], [ -86.611957, 35.804998 ], [ -86.611944, 35.804972 ], [ -86.611855, 35.804795 ], [ -86.611741, 35.804657 ], [ -86.611599, 35.804542 ], [ -86.611349, 35.80441 ], [ -86.611086, 35.804279 ], [ -86.610991, 35.804207 ], [ -86.610908, 35.804115 ], [ -86.611751, 35.799307 ], [ -86.613241, 35.790824 ], [ -86.613328, 35.790331 ], [ -86.61849, 35.790758 ], [ -86.618838, 35.790787 ], [ -86.623703, 35.791191 ], [ -86.623699, 35.791237 ], [ -86.623698, 35.791265 ], [ -86.62369, 35.79149 ], [ -86.623688, 35.791565 ], [ -86.623687, 35.791594 ], [ -86.623687, 35.791629 ], [ -86.623692, 35.791806 ], [ -86.623695, 35.791822 ], [ -86.62371, 35.791886 ], [ -86.62373, 35.791983 ], [ -86.623739, 35.792054 ], [ -86.623783, 35.792378 ], [ -86.623776, 35.792573 ], [ -86.623771, 35.792747 ], [ -86.623766, 35.792958 ], [ -86.62377, 35.793015 ], [ -86.623793, 35.793276 ], [ -86.623829, 35.793703 ], [ -86.623825, 35.793814 ], [ -86.623823, 35.793965 ], [ -86.623828, 35.794082 ], [ -86.62383, 35.794179 ], [ -86.623837, 35.794223 ], [ -86.623885, 35.794508 ], [ -86.623941, 35.794636 ], [ -86.623997, 35.794762 ], [ -86.624981, 35.794895 ], [ -86.626462, 35.795006 ], [ -86.631989, 35.79542 ], [ -86.632088, 35.794484 ], [ -86.633042, 35.794523 ], [ -86.635521, 35.794627 ], [ -86.635629, 35.794645 ], [ -86.635989, 35.794675 ], [ -86.637398, 35.794793 ], [ -86.637791, 35.794827 ], [ -86.637827, 35.794896 ], [ -86.638959, 35.794977 ], [ -86.642355, 35.79522 ], [ -86.643487, 35.795301 ], [ -86.64445, 35.79537 ], [ -86.647049, 35.795558 ], [ -86.647094, 35.795269 ], [ -86.647234, 35.794373 ], [ -86.647243, 35.794314 ], [ -86.647263, 35.79418 ], [ -86.647325, 35.79378 ], [ -86.647347, 35.793647 ], [ -86.647434, 35.793089 ], [ -86.647695, 35.791416 ], [ -86.647783, 35.790858 ], [ -86.647795, 35.790781 ], [ -86.647831, 35.790547 ], [ -86.647844, 35.79047 ], [ -86.647959, 35.790444 ], [ -86.647978, 35.79044 ], [ -86.648194, 35.790411 ], [ -86.648313, 35.790418 ], [ -86.648382, 35.790423 ], [ -86.648432, 35.79043 ], [ -86.648711, 35.790459 ], [ -86.64955, 35.790551 ], [ -86.649811, 35.79058 ], [ -86.64983, 35.790581 ], [ -86.649843, 35.790477 ], [ -86.649875, 35.790209 ], [ -86.649878, 35.790166 ], [ -86.649886, 35.790063 ], [ -86.649887, 35.790038 ], [ -86.649889, 35.790022 ], [ -86.649909, 35.789896 ], [ -86.649916, 35.789855 ], [ -86.649964, 35.789859 ], [ -86.650109, 35.789871 ], [ -86.650157, 35.789876 ], [ -86.650465, 35.789902 ], [ -86.650962, 35.789944 ], [ -86.651395, 35.78998 ], [ -86.651684, 35.790005 ], [ -86.651706, 35.790006 ], [ -86.651984, 35.790029 ], [ -86.653463, 35.790155 ], [ -86.658733, 35.790601 ], [ -86.660492, 35.790752 ], [ -86.660963, 35.790787 ], [ -86.66238, 35.790897 ], [ -86.662783, 35.790928 ], [ -86.662855, 35.790934 ], [ -86.663088, 35.790421 ], [ -86.663229, 35.789927 ], [ -86.663374, 35.789421 ], [ -86.663368, 35.789174 ], [ -86.663152, 35.788827 ], [ -86.66291, 35.788598 ], [ -86.662693, 35.788392 ], [ -86.662149, 35.787977 ], [ -86.661899, 35.787643 ], [ -86.661751, 35.787367 ], [ -86.661689, 35.787251 ], [ -86.661459, 35.786608 ], [ -86.661457, 35.786382 ], [ -86.661467, 35.786348 ], [ -86.661457, 35.786317 ], [ -86.661454, 35.786008 ], [ -86.661542, 35.785734 ], [ -86.661772, 35.785392 ], [ -86.662134, 35.785137 ], [ -86.662726, 35.78483 ], [ -86.662892, 35.784695 ], [ -86.663112, 35.784519 ], [ -86.663329, 35.784211 ], [ -86.664042, 35.783682 ], [ -86.664239, 35.783252 ], [ -86.664217, 35.782898 ], [ -86.664144, 35.78273 ], [ -86.663931, 35.782503 ], [ -86.663667, 35.782312 ], [ -86.663316, 35.782158 ], [ -86.662919, 35.782167 ], [ -86.662707, 35.782219 ], [ -86.662066, 35.782534 ], [ -86.661728, 35.78261 ], [ -86.661398, 35.782512 ], [ -86.660081, 35.781796 ], [ -86.659966, 35.781734 ], [ -86.659728, 35.781481 ], [ -86.659704, 35.781365 ], [ -86.659664, 35.781169 ], [ -86.659902, 35.78005 ], [ -86.659926, 35.779626 ], [ -86.65998, 35.77907 ], [ -86.660052, 35.778342 ], [ -86.660299, 35.77743 ], [ -86.660306, 35.777408 ], [ -86.660225, 35.776879 ], [ -86.660235, 35.776752 ], [ -86.660245, 35.776624 ], [ -86.660275, 35.776226 ], [ -86.6603, 35.776027 ], [ -86.660625, 35.773483 ], [ -86.660635, 35.77341 ], [ -86.660717, 35.772634 ], [ -86.660826, 35.771593 ], [ -86.661156, 35.768471 ], [ -86.661266, 35.767431 ], [ -86.66128, 35.767433 ], [ -86.661504, 35.767459 ], [ -86.662201, 35.767541 ], [ -86.662217, 35.767547 ], [ -86.662443, 35.767629 ], [ -86.662568, 35.767809 ], [ -86.662622, 35.768357 ], [ -86.662634, 35.76848 ], [ -86.662671, 35.768768 ], [ -86.662767, 35.76896 ], [ -86.662877, 35.769079 ], [ -86.663443, 35.769452 ], [ -86.663554, 35.76968 ], [ -86.663561, 35.769848 ], [ -86.663488, 35.770264 ], [ -86.663444, 35.770525 ], [ -86.663458, 35.770716 ], [ -86.663531, 35.770849 ], [ -86.663598, 35.770896 ], [ -86.663666, 35.770943 ], [ -86.663821, 35.770982 ], [ -86.664068, 35.771002 ], [ -86.665291, 35.771102 ], [ -86.6657, 35.771136 ], [ -86.667327, 35.771325 ], [ -86.667399, 35.771332 ], [ -86.670776, 35.771705 ], [ -86.671037, 35.771726 ], [ -86.671288, 35.771736 ], [ -86.671371, 35.771721 ], [ -86.671439, 35.771697 ], [ -86.671521, 35.771644 ], [ -86.671583, 35.771541 ], [ -86.671618, 35.771427 ], [ -86.671662, 35.77113 ], [ -86.671715, 35.770706 ], [ -86.671786, 35.770155 ], [ -86.671904, 35.7694 ], [ -86.671977, 35.769016 ], [ -86.671982, 35.768985 ], [ -86.672, 35.768894 ], [ -86.672002, 35.768885 ], [ -86.67201, 35.768866 ], [ -86.67203, 35.76882 ], [ -86.672094, 35.768743 ], [ -86.672194, 35.768683 ], [ -86.672316, 35.768648 ], [ -86.672417, 35.768633 ], [ -86.672562, 35.768625 ], [ -86.672737, 35.768623 ], [ -86.672897, 35.768637 ], [ -86.673575, 35.768731 ], [ -86.674363, 35.768832 ], [ -86.674498, 35.768853 ], [ -86.675149, 35.76896 ], [ -86.675135, 35.768304 ], [ -86.6751, 35.766342 ], [ -86.675091, 35.765689 ], [ -86.678142, 35.765772 ], [ -86.678645, 35.762187 ], [ -86.679478, 35.756258 ], [ -86.679931, 35.756304 ], [ -86.680326, 35.753875 ], [ -86.680854, 35.750621 ], [ -86.681701, 35.750753 ], [ -86.681813, 35.750066 ], [ -86.688045, 35.750658 ], [ -86.692366, 35.751069 ], [ -86.69219, 35.751972 ], [ -86.692155, 35.75227 ], [ -86.692181, 35.752448 ], [ -86.692486, 35.753328 ], [ -86.692493, 35.75335 ], [ -86.692499, 35.753365 ], [ -86.692475, 35.753416 ], [ -86.692465, 35.753438 ], [ -86.692372, 35.753639 ], [ -86.692094, 35.754242 ], [ -86.692025, 35.754393 ], [ -86.692076, 35.754414 ], [ -86.692141, 35.754441 ], [ -86.69231, 35.754511 ], [ -86.692339, 35.75452 ], [ -86.692376, 35.754532 ], [ -86.692584, 35.754189 ], [ -86.692874, 35.753739 ], [ -86.692884, 35.753723 ], [ -86.693006, 35.753534 ], [ -86.693406, 35.752922 ], [ -86.69354, 35.752719 ], [ -86.693698, 35.752712 ], [ -86.694237, 35.752691 ], [ -86.695234, 35.752653 ], [ -86.69565, 35.752613 ], [ -86.696117, 35.752539 ], [ -86.696318, 35.752486 ], [ -86.696904, 35.752334 ], [ -86.696886, 35.751722 ], [ -86.696911, 35.751569 ], [ -86.697164, 35.750072 ], [ -86.697277, 35.749304 ], [ -86.697393, 35.74855 ], [ -86.697429, 35.748254 ], [ -86.69755, 35.747306 ], [ -86.69758, 35.747077 ], [ -86.697601, 35.746911 ], [ -86.697619, 35.74678 ], [ -86.697667, 35.746416 ], [ -86.697759, 35.746277 ], [ -86.697794, 35.746284 ], [ -86.697799, 35.746022 ], [ -86.697818, 35.745243 ], [ -86.697826, 35.744984 ], [ -86.697913, 35.743502 ], [ -86.697964, 35.742632 ], [ -86.697972, 35.742497 ], [ -86.697983, 35.742323 ], [ -86.697985, 35.742238 ], [ -86.697992, 35.741922 ], [ -86.69801, 35.741484 ], [ -86.698017, 35.741335 ], [ -86.698032, 35.741059 ], [ -86.698087, 35.740013 ], [ -86.698136, 35.739054 ], [ -86.698214, 35.737572 ], [ -86.698269, 35.736572 ], [ -86.698352, 35.735098 ], [ -86.698427, 35.734193 ], [ -86.698446, 35.733958 ], [ -86.698478, 35.733578 ], [ -86.698561, 35.732581 ], [ -86.698669, 35.731831 ], [ -86.69879, 35.730991 ], [ -86.698802, 35.730911 ], [ -86.698905, 35.730202 ], [ -86.699528, 35.726707 ], [ -86.699612, 35.726245 ], [ -86.699728, 35.725615 ], [ -86.699752, 35.725478 ], [ -86.699777, 35.72534 ], [ -86.699898, 35.724665 ], [ -86.69997, 35.724254 ], [ -86.70019, 35.723029 ], [ -86.700265, 35.722621 ], [ -86.700214, 35.722143 ], [ -86.700201, 35.722022 ], [ -86.699659, 35.719428 ], [ -86.69953, 35.718889 ], [ -86.699281, 35.717837 ], [ -86.699099, 35.717828 ], [ -86.698559, 35.717811 ], [ -86.698381, 35.717808 ], [ -86.698302, 35.717816 ], [ -86.698138, 35.717837 ], [ -86.698119, 35.717839 ], [ -86.698068, 35.717846 ], [ -86.698003, 35.717835 ], [ -86.697897, 35.717844 ], [ -86.695406, 35.717587 ], [ -86.695008, 35.717547 ], [ -86.694905, 35.717577 ], [ -86.694862, 35.717673 ], [ -86.694703, 35.71876 ], [ -86.694658, 35.718837 ], [ -86.694468, 35.718832 ], [ -86.693091, 35.718713 ], [ -86.692638, 35.718633 ], [ -86.692002, 35.71852 ], [ -86.691817, 35.7185 ], [ -86.688557, 35.718372 ], [ -86.688588, 35.718082 ], [ -86.689103, 35.713267 ], [ -86.689105, 35.713254 ], [ -86.688612, 35.713181 ], [ -86.688464, 35.713169 ], [ -86.68845, 35.713168 ], [ -86.688291, 35.713165 ], [ -86.68817, 35.713171 ], [ -86.688045, 35.713191 ], [ -86.687936, 35.713217 ], [ -86.686631, 35.7135 ], [ -86.686566, 35.71351 ], [ -86.686325, 35.71355 ], [ -86.686082, 35.713561 ], [ -86.685925, 35.713558 ], [ -86.685971, 35.712949 ], [ -86.68611, 35.711125 ], [ -86.686157, 35.710519 ], [ -86.686193, 35.710051 ], [ -86.687485, 35.710163 ], [ -86.692371, 35.710588 ], [ -86.69554, 35.710864 ], [ -86.695555, 35.709409 ], [ -86.69568, 35.708742 ], [ -86.695937, 35.707368 ], [ -86.696292, 35.707377 ], [ -86.69668, 35.707388 ], [ -86.696859, 35.707393 ], [ -86.697016, 35.707397 ], [ -86.697106, 35.707401 ], [ -86.697399, 35.707408 ], [ -86.697278, 35.706863 ], [ -86.697134, 35.706326 ], [ -86.697053, 35.705995 ], [ -86.69692, 35.705431 ], [ -86.698991, 35.705512 ], [ -86.699086, 35.705516 ], [ -86.69918, 35.705519 ], [ -86.706963, 35.705822 ], [ -86.707062, 35.705825 ], [ -86.707149, 35.705829 ], [ -86.707335, 35.705836 ], [ -86.731098, 35.70676 ], [ -86.731191, 35.703905 ], [ -86.732926, 35.703839 ], [ -86.733422, 35.702104 ], [ -86.734354, 35.698849 ], [ -86.736132, 35.698944 ], [ -86.737848, 35.700152 ], [ -86.740705, 35.700557 ], [ -86.740667, 35.701195 ], [ -86.740639, 35.70168 ], [ -86.741587, 35.702754 ], [ -86.7419, 35.703109 ], [ -86.742015, 35.70323 ], [ -86.742143, 35.703351 ], [ -86.742529, 35.70371 ], [ -86.742656, 35.703835 ], [ -86.742697, 35.70388 ], [ -86.74271, 35.703893 ], [ -86.742817, 35.703993 ], [ -86.742834, 35.704003 ], [ -86.742877, 35.704049 ], [ -86.742931, 35.704082 ], [ -86.743093, 35.704183 ], [ -86.743127, 35.704205 ], [ -86.743148, 35.704216 ], [ -86.743376, 35.704335 ], [ -86.743071, 35.705785 ], [ -86.741751, 35.706176 ], [ -86.741643, 35.707591 ], [ -86.746606, 35.707889 ], [ -86.746743, 35.706825 ], [ -86.746787, 35.706516 ], [ -86.74682, 35.706187 ], [ -86.746833, 35.706058 ], [ -86.746824, 35.705987 ], [ -86.746408, 35.705665 ], [ -86.74676, 35.703164 ], [ -86.749998, 35.703486 ], [ -86.750077, 35.703514 ], [ -86.750203, 35.703063 ], [ -86.750326, 35.701758 ], [ -86.750461, 35.701113 ], [ -86.750652, 35.699888 ], [ -86.750898, 35.699791 ], [ -86.751094, 35.699557 ], [ -86.751328, 35.699089 ], [ -86.751651, 35.696447 ], [ -86.752794, 35.696539 ], [ -86.752207, 35.701743 ], [ -86.754078, 35.701817 ], [ -86.754047, 35.701463 ], [ -86.760603, 35.701804 ], [ -86.760726, 35.70181 ], [ -86.760708, 35.702007 ], [ -86.760105, 35.708206 ], [ -86.767908, 35.708678 ], [ -86.767893, 35.708509 ], [ -86.76785, 35.708002 ], [ -86.767836, 35.707834 ], [ -86.767825, 35.707711 ], [ -86.767367, 35.702359 ], [ -86.76748, 35.702365 ], [ -86.768884, 35.702443 ], [ -86.769278, 35.702465 ], [ -86.769524, 35.700289 ], [ -86.773169, 35.700446 ], [ -86.772273, 35.702671 ], [ -86.772913, 35.702685 ], [ -86.772643, 35.705802 ], [ -86.774347, 35.705909 ], [ -86.774677, 35.702832 ], [ -86.778509, 35.703106 ], [ -86.782284, 35.703376 ], [ -86.782016, 35.706595 ], [ -86.781997, 35.706839 ], [ -86.782017, 35.706841 ], [ -86.782808, 35.706925 ], [ -86.782877, 35.706933 ], [ -86.783074, 35.70695 ], [ -86.784533, 35.707084 ], [ -86.788918, 35.707489 ], [ -86.79038, 35.707625 ], [ -86.790393, 35.707541 ], [ -86.790399, 35.707506 ], [ -86.79042, 35.707375 ], [ -86.790433, 35.707299 ], [ -86.790448, 35.707219 ], [ -86.790901, 35.707265 ], [ -86.792263, 35.707406 ], [ -86.792717, 35.707453 ], [ -86.794483, 35.707635 ], [ -86.797898, 35.707988 ], [ -86.799608, 35.708804 ], [ -86.799972, 35.708978 ], [ -86.799868, 35.709696 ], [ -86.799347, 35.709778 ], [ -86.799223, 35.70979 ], [ -86.798903, 35.709819 ], [ -86.798352, 35.709873 ], [ -86.79794, 35.709911 ], [ -86.797621, 35.709942 ], [ -86.797602, 35.710093 ], [ -86.797556, 35.710482 ], [ -86.797562, 35.710547 ], [ -86.797576, 35.710701 ], [ -86.797526, 35.710957 ], [ -86.797433, 35.711444 ], [ -86.79772, 35.711475 ], [ -86.797981, 35.711504 ], [ -86.799484, 35.711668 ], [ -86.803996, 35.71216 ], [ -86.804665, 35.712234 ], [ -86.804828, 35.712252 ], [ -86.804992, 35.71227 ], [ -86.8055, 35.712325 ], [ -86.806444, 35.712428 ], [ -86.806973, 35.712486 ], [ -86.806502, 35.714755 ], [ -86.80631, 35.715686 ], [ -86.807044, 35.715764 ], [ -86.809246, 35.716004 ], [ -86.809981, 35.716085 ], [ -86.810095, 35.716098 ], [ -86.810458, 35.716095 ], [ -86.810863, 35.716022 ], [ -86.811153, 35.71596 ], [ -86.811286, 35.715932 ], [ -86.811811, 35.718378 ], [ -86.811982, 35.718997 ], [ -86.812022, 35.719272 ], [ -86.811891, 35.720455 ], [ -86.812726, 35.720544 ], [ -86.815231, 35.720812 ], [ -86.816066, 35.720902 ], [ -86.817464, 35.721051 ], [ -86.821659, 35.721501 ], [ -86.823058, 35.721651 ], [ -86.823018, 35.721963 ], [ -86.822899, 35.722901 ], [ -86.82286, 35.723214 ], [ -86.822944, 35.723231 ], [ -86.823201, 35.723286 ], [ -86.823288, 35.723306 ], [ -86.823303, 35.723305 ], [ -86.823331, 35.723305 ], [ -86.823376, 35.723305 ], [ -86.823417, 35.723308 ], [ -86.823446, 35.723312 ], [ -86.823517, 35.723319 ], [ -86.824098, 35.723405 ], [ -86.82443, 35.723452 ], [ -86.824611, 35.723479 ], [ -86.825289, 35.723561 ], [ -86.825962, 35.72363 ], [ -86.826283, 35.723678 ], [ -86.827033, 35.723761 ], [ -86.827395, 35.723792 ], [ -86.827795, 35.723827 ], [ -86.828348, 35.723894 ], [ -86.828384, 35.7239 ], [ -86.828914, 35.723981 ], [ -86.829327, 35.724048 ], [ -86.829743, 35.724106 ], [ -86.829795, 35.724112 ], [ -86.830122, 35.724154 ], [ -86.830618, 35.724207 ], [ -86.831241, 35.724268 ], [ -86.833118, 35.724485 ], [ -86.83405, 35.724579 ], [ -86.834273, 35.724602 ], [ -86.835111, 35.724663 ], [ -86.83533, 35.724671 ], [ -86.835474, 35.724671 ], [ -86.836082, 35.724746 ], [ -86.837912, 35.724976 ], [ -86.838524, 35.725054 ], [ -86.838527, 35.725045 ], [ -86.838555, 35.724975 ], [ -86.838859, 35.725012 ], [ -86.839772, 35.725124 ], [ -86.840077, 35.725162 ], [ -86.840141, 35.725175 ], [ -86.840337, 35.725215 ], [ -86.840403, 35.725229 ], [ -86.840457, 35.72524 ], [ -86.840648, 35.725254 ], [ -86.84071, 35.725259 ], [ -86.840655, 35.725621 ], [ -86.842697, 35.725887 ], [ -86.842575, 35.726803 ], [ -86.84248, 35.727522 ], [ -86.84376, 35.727614 ], [ -86.844121, 35.725044 ], [ -86.845194, 35.725139 ], [ -86.845491, 35.725166 ], [ -86.846197, 35.726307 ], [ -86.846963, 35.72755 ], [ -86.847271, 35.72805 ], [ -86.847629, 35.72863 ], [ -86.848532, 35.730094 ], [ -86.848613, 35.730226 ], [ -86.84884, 35.73059 ], [ -86.848918, 35.730716 ], [ -86.849153, 35.731092 ], [ -86.849393, 35.731479 ], [ -86.849418, 35.731519 ], [ -86.849456, 35.731542 ], [ -86.852276, 35.733247 ], [ -86.853946, 35.73427 ], [ -86.854124, 35.734342 ], [ -86.854963, 35.734605 ], [ -86.856044, 35.734893 ], [ -86.857789, 35.735357 ], [ -86.858802, 35.735625 ], [ -86.863164, 35.73676 ], [ -86.864433, 35.737076 ], [ -86.864766, 35.737159 ], [ -86.865158, 35.737257 ], [ -86.865226, 35.737274 ], [ -86.865317, 35.737297 ], [ -86.865613, 35.73737 ], [ -86.866413, 35.737569 ], [ -86.866513, 35.737594 ], [ -86.867468, 35.737832 ], [ -86.867702, 35.737891 ], [ -86.867983, 35.737961 ], [ -86.870377, 35.738559 ], [ -86.870487, 35.738587 ], [ -86.870812, 35.738669 ], [ -86.87159, 35.738864 ], [ -86.871655, 35.738879 ], [ -86.871939, 35.738944 ], [ -86.872491, 35.739075 ], [ -86.872763, 35.739138 ], [ -86.873047, 35.739204 ], [ -86.87331, 35.739262 ], [ -86.873589, 35.739324 ], [ -86.875, 35.73964 ], [ -86.875233, 35.739701 ], [ -86.875778, 35.739843 ], [ -86.876109, 35.739929 ], [ -86.877104, 35.740189 ], [ -86.877436, 35.740276 ], [ -86.87763, 35.740325 ], [ -86.877917, 35.7404 ], [ -86.879364, 35.740777 ], [ -86.879403, 35.740787 ], [ -86.879838, 35.740941 ], [ -86.880458, 35.741158 ], [ -86.882327, 35.741813 ], [ -86.88295, 35.742033 ], [ -86.88361, 35.742264 ], [ -86.883987, 35.742396 ], [ -86.885594, 35.74296 ], [ -86.88593, 35.743078 ], [ -86.886255, 35.743192 ], [ -86.886506, 35.74328 ], [ -86.8866, 35.743313 ], [ -86.886655, 35.743332 ], [ -86.886821, 35.74339 ], [ -86.886877, 35.74341 ], [ -86.887592, 35.743661 ], [ -86.888056, 35.743823 ], [ -86.88973, 35.744412 ], [ -86.890457, 35.744667 ], [ -86.890837, 35.7448 ], [ -86.891365, 35.744984 ], [ -86.891977, 35.745199 ], [ -86.892358, 35.745332 ], [ -86.892595, 35.745415 ], [ -86.892855, 35.745506 ], [ -86.893309, 35.745666 ], [ -86.893547, 35.74575 ], [ -86.893706, 35.745805 ], [ -86.893806, 35.74584 ], [ -86.894076, 35.745935 ], [ -86.894209, 35.745982 ], [ -86.894283, 35.746008 ], [ -86.894508, 35.746086 ], [ -86.894583, 35.746113 ], [ -86.894728, 35.746164 ], [ -86.89541, 35.746403 ], [ -86.89559, 35.746466 ], [ -86.896904, 35.746926 ], [ -86.8976, 35.74717 ], [ -86.898493, 35.747484 ], [ -86.898613, 35.747526 ], [ -86.898804, 35.747593 ], [ -86.899621, 35.74788 ], [ -86.899689, 35.747903 ], [ -86.900238, 35.748096 ], [ -86.900587, 35.748218 ], [ -86.900617, 35.748228 ], [ -86.900964, 35.74835 ], [ -86.90209, 35.748746 ], [ -86.902708, 35.748963 ], [ -86.902728, 35.748967 ], [ -86.902808, 35.748994 ], [ -86.903595, 35.749255 ], [ -86.90602, 35.750065 ], [ -86.906184, 35.750117 ], [ -86.907052, 35.750393 ], [ -86.907266, 35.75046 ], [ -86.9073, 35.750471 ], [ -86.907905, 35.750684 ], [ -86.908119, 35.75076 ], [ -86.909111, 35.75111 ], [ -86.909667, 35.751307 ], [ -86.910862, 35.75173 ], [ -86.911548, 35.751973 ], [ -86.912089, 35.752165 ], [ -86.913083, 35.752518 ], [ -86.913439, 35.752642 ], [ -86.913495, 35.752661 ], [ -86.914513, 35.753017 ], [ -86.914826, 35.753127 ], [ -86.91487, 35.753151 ], [ -86.914865, 35.753175 ], [ -86.914902, 35.753208 ], [ -86.914975, 35.753239 ], [ -86.91537, 35.753406 ], [ -86.915461, 35.753444 ], [ -86.915492, 35.753457 ], [ -86.915502, 35.753462 ], [ -86.915562, 35.753488 ], [ -86.915708, 35.753553 ], [ -86.915746, 35.753564 ], [ -86.915811, 35.753583 ], [ -86.916396, 35.753755 ], [ -86.918152, 35.754271 ], [ -86.918373, 35.754336 ], [ -86.91874, 35.754438 ], [ -86.919778, 35.754725 ], [ -86.92162, 35.755236 ], [ -86.922893, 35.755589 ], [ -86.923932, 35.755877 ], [ -86.923978, 35.755887 ], [ -86.924118, 35.75592 ], [ -86.924167, 35.755932 ], [ -86.92437, 35.755976 ], [ -86.924419, 35.755987 ], [ -86.924984, 35.756117 ], [ -86.925009, 35.756123 ], [ -86.925189, 35.756173 ], [ -86.927966, 35.756922 ], [ -86.928979, 35.757196 ], [ -86.92911, 35.757261 ], [ -86.934871, 35.760223 ], [ -86.935144, 35.760364 ], [ -86.935719, 35.760659 ], [ -86.938278, 35.761972 ], [ -86.937785, 35.762393 ], [ -86.936308, 35.763655 ], [ -86.935816, 35.764077 ], [ -86.935586, 35.764308 ], [ -86.934897, 35.765001 ], [ -86.934668, 35.765233 ], [ -86.934492, 35.76541 ], [ -86.934158, 35.765749 ], [ -86.933907, 35.765859 ], [ -86.933679, 35.765961 ], [ -86.933615, 35.766148 ], [ -86.933424, 35.76671 ], [ -86.933361, 35.766898 ], [ -86.933336, 35.76697 ], [ -86.932512, 35.768411 ], [ -86.932333, 35.768726 ], [ -86.931156, 35.77237 ], [ -86.930867, 35.773345 ], [ -86.930515, 35.77454 ], [ -86.930326, 35.774993 ], [ -86.930035, 35.775685 ], [ -86.929779, 35.776302 ], [ -86.929166, 35.776899 ], [ -86.928935, 35.777589 ], [ -86.928918, 35.777644 ], [ -86.92836, 35.778057 ], [ -86.92838, 35.778058 ], [ -86.928459, 35.778064 ], [ -86.928698, 35.778087 ], [ -86.928779, 35.778095 ], [ -86.928828, 35.778101 ], [ -86.928977, 35.778122 ], [ -86.929027, 35.778129 ], [ -86.929077, 35.778136 ], [ -86.929227, 35.778157 ], [ -86.929251, 35.77816 ], [ -86.929278, 35.778163 ], [ -86.929338, 35.778171 ], [ -86.929518, 35.778195 ], [ -86.929579, 35.778204 ], [ -86.929735, 35.778221 ], [ -86.930143, 35.778266 ], [ -86.930209, 35.778273 ], [ -86.930367, 35.778291 ], [ -86.930892, 35.778341 ], [ -86.932468, 35.778493 ], [ -86.932754, 35.778521 ], [ -86.932994, 35.778553 ], [ -86.933697, 35.778648 ], [ -86.934792, 35.778796 ], [ -86.935808, 35.77892 ], [ -86.935854, 35.778926 ], [ -86.936515, 35.778992 ], [ -86.936586, 35.778997 ], [ -86.93663, 35.779001 ], [ -86.936716, 35.779013 ], [ -86.93679, 35.779037 ], [ -86.936856, 35.779078 ], [ -86.938243, 35.779212 ], [ -86.941723, 35.779551 ], [ -86.941811, 35.778868 ], [ -86.941991, 35.777486 ], [ -86.942142, 35.776312 ], [ -86.942293, 35.775152 ], [ -86.943783, 35.773294 ], [ -86.944302, 35.77265 ], [ -86.94451, 35.772672 ], [ -86.944657, 35.772688 ], [ -86.945206, 35.772744 ], [ -86.946862, 35.772921 ], [ -86.947258, 35.772964 ], [ -86.947416, 35.772982 ], [ -86.94854, 35.773102 ], [ -86.951914, 35.773463 ], [ -86.952242, 35.773499 ], [ -86.952096, 35.774288 ], [ -86.952075, 35.774398 ], [ -86.952013, 35.774731 ], [ -86.951993, 35.774842 ], [ -86.951777, 35.776005 ], [ -86.95113, 35.779496 ], [ -86.950915, 35.78066 ], [ -86.950773, 35.781421 ], [ -86.950733, 35.781642 ], [ -86.952822, 35.78183 ], [ -86.953484, 35.78189 ], [ -86.953593, 35.781904 ], [ -86.956672, 35.782242 ], [ -86.956825, 35.782259 ], [ -86.962471, 35.782883 ], [ -86.962304, 35.779426 ], [ -86.962156, 35.776332 ], [ -86.961771, 35.776086 ], [ -86.960616, 35.775348 ], [ -86.960568, 35.775317 ], [ -86.960967, 35.77532 ], [ -86.961111, 35.775319 ], [ -86.961546, 35.775315 ], [ -86.961692, 35.775315 ], [ -86.961762, 35.775314 ], [ -86.961975, 35.775312 ], [ -86.962047, 35.775312 ], [ -86.965271, 35.775652 ], [ -86.965999, 35.775729 ], [ -86.964036, 35.772633 ], [ -86.964824, 35.771854 ], [ -86.969043, 35.771693 ], [ -86.96951, 35.771676 ], [ -86.971521, 35.772325 ], [ -86.97215, 35.772534 ], [ -86.972426, 35.772622 ], [ -86.973253, 35.772887 ], [ -86.97353, 35.772976 ], [ -86.973814, 35.773066 ], [ -86.974768, 35.773374 ], [ -86.978488, 35.774579 ], [ -86.979625, 35.774947 ], [ -86.97973, 35.774977 ], [ -86.980307, 35.775148 ], [ -86.982042, 35.775662 ], [ -86.982622, 35.775835 ], [ -86.983877, 35.776232 ], [ -86.987642, 35.777427 ], [ -86.988622, 35.777738 ], [ -86.988898, 35.777828 ], [ -86.990091, 35.778213 ], [ -86.993676, 35.779371 ], [ -86.994637, 35.779682 ], [ -86.994869, 35.779766 ], [ -86.996213, 35.78024 ], [ -86.996868, 35.780472 ], [ -86.997457, 35.778528 ], [ -86.99901, 35.77856 ], [ -87.000002, 35.778581 ], [ -87.000427, 35.778679 ], [ -87.000867, 35.778722 ], [ -87.00219, 35.778851 ], [ -87.002631, 35.778896 ], [ -87.002896, 35.778921 ], [ -87.003692, 35.779001 ], [ -87.003959, 35.779028 ], [ -87.0039, 35.779354 ], [ -87.003725, 35.780332 ], [ -87.003668, 35.78066 ], [ -87.003661, 35.780695 ], [ -87.003662, 35.780706 ], [ -87.003691, 35.780704 ], [ -87.00378, 35.780714 ], [ -87.003816, 35.780715 ], [ -87.006084, 35.780866 ], [ -87.01137, 35.78122 ], [ -87.01125, 35.78193 ], [ -87.011802, 35.782518 ], [ -87.012623, 35.783392 ], [ -87.013515, 35.783994 ], [ -87.013799, 35.784119 ], [ -87.014133, 35.784266 ], [ -87.01418, 35.784838 ], [ -87.014307, 35.785118 ], [ -87.015091, 35.785089 ], [ -87.015999, 35.785677 ], [ -87.016078, 35.785728 ], [ -87.016679, 35.786817 ], [ -87.015524, 35.786969 ], [ -87.018478, 35.787903 ], [ -87.020259, 35.788467 ], [ -87.020602, 35.788575 ], [ -87.021631, 35.7889 ], [ -87.021956, 35.789003 ], [ -87.021974, 35.789009 ], [ -87.023383, 35.789455 ], [ -87.026594, 35.790471 ], [ -87.027612, 35.790793 ], [ -87.029022, 35.791239 ], [ -87.029768, 35.791473 ], [ -87.031707, 35.792087 ], [ -87.03201, 35.792183 ], [ -87.03276, 35.792423 ], [ -87.03303, 35.792507 ], [ -87.03313, 35.79253 ], [ -87.033862, 35.793588 ], [ -87.033962, 35.79373 ], [ -87.033978, 35.793942 ], [ -87.034, 35.794124 ], [ -87.034465, 35.79529 ], [ -87.034926, 35.795699 ], [ -87.035624, 35.796178 ], [ -87.035681, 35.796213 ], [ -87.039697, 35.794626 ], [ -87.045676, 35.796595 ], [ -87.054072, 35.799275 ], [ -87.054399, 35.799377 ], [ -87.054706, 35.799475 ], [ -87.055448, 35.799711 ], [ -87.055769, 35.799792 ], [ -87.057873, 35.80046 ], [ -87.058565, 35.800679 ], [ -87.071048, 35.804644 ], [ -87.073514, 35.805427 ], [ -87.075209, 35.805966 ], [ -87.075242, 35.805976 ], [ -87.07534, 35.806007 ], [ -87.075374, 35.806018 ], [ -87.075858, 35.806172 ], [ -87.075954, 35.806203 ], [ -87.077311, 35.806634 ], [ -87.077796, 35.806787 ], [ -87.077994, 35.80685 ], [ -87.079103, 35.807201 ], [ -87.083024, 35.808447 ], [ -87.084333, 35.808864 ], [ -87.095571, 35.812433 ], [ -87.09569, 35.812471 ], [ -87.096124, 35.812609 ], [ -87.097536, 35.813057 ], [ -87.10012, 35.813878 ], [ -87.106041, 35.815759 ], [ -87.106324, 35.815849 ], [ -87.107174, 35.816119 ], [ -87.107458, 35.816209 ], [ -87.109102, 35.816736 ], [ -87.109419, 35.816838 ], [ -87.115305, 35.818733 ], [ -87.117268, 35.819367 ], [ -87.11848, 35.819753 ], [ -87.122126, 35.820917 ], [ -87.123345, 35.821308 ], [ -87.123633, 35.821396 ], [ -87.123801, 35.821441 ], [ -87.124998, 35.821759 ], [ -87.125181, 35.821825 ], [ -87.125632, 35.82199 ], [ -87.126087, 35.822154 ], [ -87.127461, 35.822652 ], [ -87.127927, 35.822822 ], [ -87.128147, 35.8229 ], [ -87.129373, 35.823291 ], [ -87.131351, 35.823922 ], [ -87.133737, 35.824681 ], [ -87.135194, 35.825145 ], [ -87.137905, 35.825994 ], [ -87.146038, 35.828544 ], [ -87.148752, 35.829395 ], [ -87.149005, 35.829473 ], [ -87.15046, 35.829939 ], [ -87.155592, 35.831587 ], [ -87.157304, 35.832139 ], [ -87.157351, 35.832152 ], [ -87.157522, 35.83223 ], [ -87.158176, 35.83253 ], [ -87.158396, 35.832631 ], [ -87.158559, 35.83271 ], [ -87.162233, 35.833871 ], [ -87.16411, 35.834464 ], [ -87.173776, 35.837519 ], [ -87.177627, 35.838738 ], [ -87.177671, 35.838749 ], [ -87.17781, 35.838787 ], [ -87.17786, 35.838802 ], [ -87.178591, 35.839032 ], [ -87.180793, 35.83973 ], [ -87.181222, 35.839867 ], [ -87.181528, 35.839965 ], [ -87.181583, 35.839982 ], [ -87.181754, 35.84004 ], [ -87.181812, 35.84006 ], [ -87.182237, 35.840194 ], [ -87.182539, 35.840303 ], [ -87.184335, 35.840954 ], [ -87.184701, 35.841086 ], [ -87.185423, 35.841348 ], [ -87.18657, 35.84171 ], [ -87.190011, 35.842796 ], [ -87.191159, 35.843158 ], [ -87.191243, 35.843184 ], [ -87.191498, 35.843265 ], [ -87.191585, 35.843294 ], [ -87.193462, 35.843885 ], [ -87.195258, 35.844452 ], [ -87.199098, 35.845664 ], [ -87.200978, 35.846259 ], [ -87.201546, 35.846436 ], [ -87.203255, 35.846967 ], [ -87.203826, 35.847146 ], [ -87.205828, 35.847766 ], [ -87.211843, 35.849635 ], [ -87.213851, 35.850261 ], [ -87.214099, 35.850337 ], [ -87.214849, 35.850572 ], [ -87.215099, 35.850651 ], [ -87.214737, 35.852709 ], [ -87.213651, 35.858883 ], [ -87.21329, 35.86094 ], [ -87.213072, 35.862223 ], [ -87.212419, 35.866068 ], [ -87.212202, 35.86735 ], [ -87.2122, 35.867363 ], [ -87.212171, 35.867594 ], [ -87.212138, 35.867859 ], [ -87.212078, 35.868326 ], [ -87.212048, 35.868571 ], [ -87.212039, 35.868662 ], [ -87.212016, 35.868937 ], [ -87.21201, 35.869031 ], [ -87.212007, 35.869084 ], [ -87.211998, 35.869248 ], [ -87.211997, 35.869303 ], [ -87.211973, 35.86943 ], [ -87.211631, 35.871133 ], [ -87.210844, 35.875065 ], [ -87.210616, 35.876634 ], [ -87.210348, 35.878481 ], [ -87.209973, 35.881002 ], [ -87.208949, 35.887907 ], [ -87.208851, 35.888567 ], [ -87.208478, 35.891087 ], [ -87.208464, 35.891172 ], [ -87.208448, 35.891284 ], [ -87.208434, 35.891424 ], [ -87.208427, 35.891509 ], [ -87.208403, 35.891743 ], [ -87.208336, 35.892451 ], [ -87.208315, 35.892681 ], [ -87.20825, 35.893373 ], [ -87.208058, 35.895434 ], [ -87.207997, 35.896123 ], [ -87.207977, 35.896336 ], [ -87.207641, 35.898611 ], [ -87.206539, 35.906077 ], [ -87.206171, 35.908573 ], [ -87.20603, 35.909337 ], [ -87.205603, 35.911652 ], [ -87.205462, 35.912424 ], [ -87.205402, 35.912743 ], [ -87.205224, 35.913701 ], [ -87.205165, 35.914019 ], [ -87.205145, 35.914147 ], [ -87.205087, 35.914528 ], [ -87.20507, 35.914639 ], [ -87.205063, 35.914657 ], [ -87.204622, 35.917932 ], [ -87.204373, 35.919767 ], [ -87.203678, 35.924878 ], [ -87.203284, 35.927763 ], [ -87.203258, 35.927959 ], [ -87.202839, 35.93104 ], [ -87.202714, 35.931879 ], [ -87.202341, 35.934396 ], [ -87.202218, 35.935235 ], [ -87.202191, 35.935405 ], [ -87.202116, 35.935911 ], [ -87.202103, 35.935994 ], [ -87.202092, 35.936075 ], [ -87.20192, 35.937234 ], [ -87.201821, 35.937901 ], [ -87.201746, 35.938415 ], [ -87.201703, 35.938705 ], [ -87.201595, 35.939429 ], [ -87.201583, 35.939513 ], [ -87.201426, 35.940579 ], [ -87.205665, 35.940967 ], [ -87.205047, 35.946004 ], [ -87.204625, 35.949448 ], [ -87.204573, 35.949874 ], [ -87.204545, 35.9501 ], [ -87.204536, 35.950176 ], [ -87.204521, 35.950301 ], [ -87.204504, 35.950436 ], [ -87.204488, 35.95057 ], [ -87.204476, 35.950659 ], [ -87.204431, 35.951018 ], [ -87.204211, 35.95282 ], [ -87.204863, 35.95289 ], [ -87.204638, 35.955155 ], [ -87.204488, 35.956727 ], [ -87.204481, 35.956741 ], [ -87.204434, 35.95722 ], [ -87.204289, 35.958694 ], [ -87.204242, 35.959186 ], [ -87.20394, 35.962241 ], [ -87.203933, 35.962321 ], [ -87.208994, 35.962723 ], [ -87.208609, 35.966759 ], [ -87.208499, 35.967915 ], [ -87.210408, 35.967986 ], [ -87.210472, 35.967974 ], [ -87.210665, 35.967938 ], [ -87.21073, 35.967927 ], [ -87.211003, 35.96817 ], [ -87.211057, 35.96823 ], [ -87.211104, 35.968269 ], [ -87.211151, 35.968335 ], [ -87.211175, 35.968375 ], [ -87.211361, 35.968681 ], [ -87.211517, 35.969016 ], [ -87.211794, 35.969577 ], [ -87.21195, 35.969939 ], [ -87.211977, 35.969978 ], [ -87.21199, 35.970082 ], [ -87.21199, 35.970209 ], [ -87.211984, 35.970297 ], [ -87.21197, 35.970329 ], [ -87.211957, 35.970346 ], [ -87.211936, 35.970423 ], [ -87.211903, 35.970461 ], [ -87.211862, 35.970533 ], [ -87.211835, 35.970566 ], [ -87.21174, 35.970637 ], [ -87.211666, 35.970676 ], [ -87.211336, 35.97089 ], [ -87.211017, 35.971099 ], [ -87.210146, 35.971683 ], [ -87.209929, 35.97183 ], [ -87.209868, 35.971891 ], [ -87.2098, 35.971946 ], [ -87.209774, 35.971978 ], [ -87.209551, 35.971972 ], [ -87.209057, 35.971983 ], [ -87.208878, 35.971985 ], [ -87.208026, 35.971956 ], [ -87.205477, 35.971874 ], [ -87.204629, 35.971848 ], [ -87.202871, 35.97179 ], [ -87.199805, 35.971694 ], [ -87.199602, 35.973889 ], [ -87.199442, 35.97564 ], [ -87.199378, 35.975652 ], [ -87.199334, 35.975662 ], [ -87.199012, 35.975737 ], [ -87.198993, 35.975742 ], [ -87.198907, 35.975767 ], [ -87.19837, 35.975919 ], [ -87.19833, 35.975931 ], [ -87.197941, 35.97607 ], [ -87.197494, 35.976191 ], [ -87.197186, 35.976237 ], [ -87.196993, 35.976248 ], [ -87.196863, 35.976255 ], [ -87.196742, 35.976251 ], [ -87.196436, 35.976241 ], [ -87.196177, 35.976228 ], [ -87.195109, 35.976169 ], [ -87.194693, 35.976147 ], [ -87.193892, 35.976088 ], [ -87.1921, 35.975966 ], [ -87.191897, 35.975949 ], [ -87.191328, 35.975906 ], [ -87.190826, 35.975884 ], [ -87.190785, 35.976002 ], [ -87.190772, 35.976058 ], [ -87.190726, 35.976265 ], [ -87.190697, 35.976388 ], [ -87.190659, 35.976587 ], [ -87.190627, 35.976765 ], [ -87.190562, 35.977424 ], [ -87.190531, 35.978472 ], [ -87.19051, 35.979175 ], [ -87.194925, 35.979688 ], [ -87.196636, 35.979886 ], [ -87.197406, 35.979967 ], [ -87.197194, 35.981759 ], [ -87.196746, 35.985576 ], [ -87.192846, 35.985335 ], [ -87.192543, 35.985318 ], [ -87.19225, 35.987578 ], [ -87.192248, 35.987594 ], [ -87.191976, 35.989694 ], [ -87.192297, 35.989721 ], [ -87.192923, 35.989774 ], [ -87.194271, 35.98989 ], [ -87.193816, 35.992786 ], [ -87.193434, 35.995217 ], [ -87.19319, 35.996781 ], [ -87.193055, 35.997648 ], [ -87.193003, 35.997968 ], [ -87.192646, 36.000062 ], [ -87.192641, 36.000086 ], [ -87.191242, 36.007376 ], [ -87.190974, 36.008778 ], [ -87.190786, 36.009808 ], [ -87.190728, 36.010127 ], [ -87.190566, 36.011018 ], [ -87.189908, 36.01465 ], [ -87.189844, 36.015008 ], [ -87.18969, 36.015861 ], [ -87.189603, 36.016341 ], [ -87.189478, 36.017027 ], [ -87.18945, 36.017184 ], [ -87.189413, 36.017377 ], [ -87.18881, 36.020521 ], [ -87.188587, 36.021686 ], [ -87.188563, 36.021798 ], [ -87.188495, 36.022137 ], [ -87.18848, 36.022214 ], [ -87.188474, 36.022251 ], [ -87.188441, 36.022426 ], [ -87.188343, 36.022953 ], [ -87.188312, 36.02313 ], [ -87.18829, 36.023241 ], [ -87.188252, 36.023444 ], [ -87.188227, 36.023574 ], [ -87.188208, 36.023686 ], [ -87.188125, 36.024106 ], [ -87.187885, 36.025366 ], [ -87.187857, 36.025515 ], [ -87.187796, 36.025785 ], [ -87.18736, 36.02771 ], [ -87.187288, 36.02803 ], [ -87.18714, 36.028814 ], [ -87.186981, 36.029547 ], [ -87.186928, 36.029789 ], [ -87.186895, 36.02994 ], [ -87.186818, 36.030293 ], [ -87.186578, 36.031393 ], [ -87.186575, 36.031409 ], [ -87.186332, 36.032527 ], [ -87.186094, 36.03361 ], [ -87.184981, 36.038706 ], [ -87.184569, 36.040701 ], [ -87.184499, 36.040993 ], [ -87.18428, 36.041932 ], [ -87.184207, 36.042246 ], [ -87.183879, 36.043741 ], [ -87.182899, 36.048229 ], [ -87.182596, 36.049619 ], [ -87.182573, 36.049726 ], [ -87.182528, 36.049723 ], [ -87.182507, 36.049723 ], [ -87.182393, 36.049717 ], [ -87.182348, 36.049716 ], [ -87.179922, 36.049607 ], [ -87.172646, 36.04928 ], [ -87.170221, 36.049172 ], [ -87.170161, 36.049144 ], [ -87.170132, 36.049146 ], [ -87.169848, 36.049166 ], [ -87.169754, 36.049174 ], [ -87.169345, 36.049172 ], [ -87.16812, 36.049169 ], [ -87.167712, 36.049168 ], [ -87.165847, 36.049067 ], [ -87.163154, 36.048922 ], [ -87.160371, 36.04881 ], [ -87.160251, 36.048803 ], [ -87.158387, 36.048708 ], [ -87.157173, 36.048648 ], [ -87.154421, 36.048507 ], [ -87.153533, 36.048471 ], [ -87.15232, 36.048422 ], [ -87.151801, 36.048401 ], [ -87.150245, 36.048338 ], [ -87.149727, 36.048317 ], [ -87.149431, 36.048305 ], [ -87.148605, 36.048273 ], [ -87.145239, 36.048143 ], [ -87.144876, 36.048129 ], [ -87.144118, 36.048098 ], [ -87.14409, 36.048097 ], [ -87.144006, 36.048094 ], [ -87.143979, 36.048093 ], [ -87.143899, 36.048089 ], [ -87.143659, 36.04808 ], [ -87.143579, 36.048077 ], [ -87.143333, 36.048067 ], [ -87.143058, 36.048056 ], [ -87.142341, 36.048028 ], [ -87.141497, 36.047967 ], [ -87.140978, 36.047931 ], [ -87.139806, 36.047847 ], [ -87.138271, 36.04773 ], [ -87.134698, 36.047458 ], [ -87.132065, 36.047236 ], [ -87.131602, 36.047195 ], [ -87.130158, 36.047069 ], [ -87.127455, 36.046835 ], [ -87.127423, 36.04683 ], [ -87.12733, 36.046818 ], [ -87.127299, 36.046814 ], [ -87.126598, 36.046751 ], [ -87.125, 36.04661 ], [ -87.124503, 36.046514 ], [ -87.12404, 36.046426 ], [ -87.123818, 36.046359 ], [ -87.123798, 36.046352 ], [ -87.123548, 36.046276 ], [ -87.121173, 36.046125 ], [ -87.113274, 36.045625 ], [ -87.110641, 36.045459 ], [ -87.109737, 36.0454 ], [ -87.107027, 36.045225 ], [ -87.106124, 36.045167 ], [ -87.1045, 36.045065 ], [ -87.099628, 36.044762 ], [ -87.098005, 36.044661 ], [ -87.097921, 36.044633 ], [ -87.097705, 36.044562 ], [ -87.09767, 36.044559 ], [ -87.097583, 36.044553 ], [ -87.096629, 36.044492 ], [ -87.093767, 36.044309 ], [ -87.092814, 36.044249 ], [ -87.085365, 36.043805 ], [ -87.085304, 36.043761 ], [ -87.084916, 36.043805 ], [ -87.08436, 36.043864 ], [ -87.084008, 36.043874 ], [ -87.083961, 36.043876 ], [ -87.083911, 36.043877 ], [ -87.08389, 36.043878 ], [ -87.083744, 36.043882 ], [ -87.083306, 36.043897 ], [ -87.08316, 36.043902 ], [ -87.082431, 36.043926 ], [ -87.080244, 36.043997 ], [ -87.079516, 36.044022 ], [ -87.079497, 36.044023 ], [ -87.07944, 36.044025 ], [ -87.079422, 36.044027 ], [ -87.07906, 36.044038 ], [ -87.078347, 36.04406 ], [ -87.077976, 36.044071 ], [ -87.077616, 36.044083 ], [ -87.076306, 36.044127 ], [ -87.072375, 36.044262 ], [ -87.071066, 36.044307 ], [ -87.070232, 36.044342 ], [ -87.06773, 36.04445 ], [ -87.067512, 36.04446 ], [ -87.066897, 36.044499 ], [ -87.066772, 36.044506 ], [ -87.06434, 36.044703 ], [ -87.060979, 36.044977 ], [ -87.05667, 36.045327 ], [ -87.053722, 36.045582 ], [ -87.053625, 36.045198 ], [ -87.05347, 36.044584 ], [ -87.053069, 36.042996 ], [ -87.052901, 36.042337 ], [ -87.052757, 36.041765 ], [ -87.051917, 36.038439 ], [ -87.050887, 36.034585 ], [ -87.048786, 36.026563 ], [ -87.048335, 36.024842 ], [ -87.047862, 36.022903 ], [ -87.04729, 36.020556 ], [ -87.046707, 36.018163 ], [ -87.045677, 36.013935 ], [ -87.045351, 36.012597 ], [ -87.044687, 36.009872 ], [ -87.04362, 36.005496 ], [ -87.043524, 36.005099 ], [ -87.043268, 36.004049 ], [ -87.042991, 36.00291 ], [ -87.042946, 36.002727 ], [ -87.042739, 36.001888 ], [ -87.041843, 35.998251 ], [ -87.041764, 35.99793 ], [ -87.041755, 35.997892 ], [ -87.041693, 35.997643 ], [ -87.041601, 35.997269 ], [ -87.04155, 35.997062 ], [ -87.041427, 35.996563 ], [ -87.040999, 35.99483 ], [ -87.040749, 35.993825 ], [ -87.040288, 35.991944 ], [ -87.039493, 35.989557 ], [ -87.039386, 35.989242 ], [ -87.039223, 35.989286 ], [ -87.03197, 35.989752 ], [ -87.028336, 35.989857 ], [ -87.027833, 35.990193 ], [ -87.02763, 35.990325 ], [ -87.026471, 35.991078 ], [ -87.024785, 35.992078 ], [ -87.024252, 35.992418 ], [ -87.023023, 35.993202 ], [ -87.022766, 35.993368 ], [ -87.021071, 35.994451 ], [ -87.018781, 35.995913 ], [ -87.017627, 35.996752 ], [ -87.016437, 35.997617 ], [ -87.016365, 35.997668 ], [ -87.016153, 35.997822 ], [ -87.016082, 35.997874 ], [ -87.015604, 35.998223 ], [ -87.015522, 35.998274 ], [ -87.013183, 35.999738 ], [ -87.00728, 36.003433 ], [ -87.004417, 36.005227 ], [ -87.001496, 36.007057 ], [ -87.00073, 36.007536 ], [ -86.998537, 36.008908 ], [ -86.997366, 36.00964 ], [ -86.987551, 36.015781 ], [ -86.984985, 36.017408 ], [ -86.980863, 36.020021 ], [ -86.980605, 36.020184 ], [ -86.97964, 36.020799 ], [ -86.976824, 36.02258 ], [ -86.975948, 36.023135 ], [ -86.974663, 36.023965 ], [ -86.974423, 36.024118 ], [ -86.973686, 36.024594 ], [ -86.973354, 36.024808 ], [ -86.973155, 36.024936 ], [ -86.972978, 36.02505 ], [ -86.972582, 36.025305 ], [ -86.972439, 36.025398 ], [ -86.972048, 36.02565 ], [ -86.97075, 36.026467 ], [ -86.968965, 36.027596 ], [ -86.968487, 36.027906 ], [ -86.968249, 36.028054 ], [ -86.967477, 36.028536 ], [ -86.96489, 36.030152 ], [ -86.963867, 36.030814 ], [ -86.963575, 36.031003 ], [ -86.962984, 36.031386 ], [ -86.962633, 36.031603 ], [ -86.961043, 36.032594 ], [ -86.95541, 36.036103 ], [ -86.953695, 36.037172 ], [ -86.953413, 36.037347 ], [ -86.95279, 36.037735 ], [ -86.95235, 36.038013 ], [ -86.952002, 36.038243 ], [ -86.951924, 36.038287 ], [ -86.951692, 36.038416 ], [ -86.95168, 36.038424 ], [ -86.951638, 36.03845 ], [ -86.951513, 36.038528 ], [ -86.951472, 36.038555 ], [ -86.950668, 36.039067 ], [ -86.94876, 36.040284 ], [ -86.948259, 36.040605 ], [ -86.947647, 36.040997 ], [ -86.947456, 36.041119 ], [ -86.947362, 36.041178 ], [ -86.947245, 36.041253 ], [ -86.947012, 36.0414 ], [ -86.946907, 36.041468 ], [ -86.946823, 36.041523 ], [ -86.946786, 36.041547 ], [ -86.946675, 36.041619 ], [ -86.946639, 36.041644 ], [ -86.946608, 36.041664 ], [ -86.946517, 36.041724 ], [ -86.946487, 36.041745 ], [ -86.946388, 36.0418 ], [ -86.946035, 36.042024 ], [ -86.944805, 36.042807 ], [ -86.944169, 36.04321 ], [ -86.943581, 36.043578 ], [ -86.941314, 36.044998 ], [ -86.939232, 36.046303 ], [ -86.939161, 36.046332 ], [ -86.939107, 36.046367 ], [ -86.938871, 36.046525 ], [ -86.938726, 36.04662 ], [ -86.937527, 36.047426 ], [ -86.937108, 36.047708 ], [ -86.9369, 36.047845 ], [ -86.936861, 36.047874 ], [ -86.936762, 36.047937 ], [ -86.936666, 36.048002 ], [ -86.936545, 36.048084 ], [ -86.936415, 36.048156 ], [ -86.935356, 36.048825 ], [ -86.932179, 36.050835 ], [ -86.931435, 36.051307 ], [ -86.931278, 36.051406 ], [ -86.931121, 36.051506 ], [ -86.930998, 36.051584 ], [ -86.930876, 36.051661 ], [ -86.930663, 36.051795 ], [ -86.92929, 36.052664 ], [ -86.9292, 36.052722 ], [ -86.928861, 36.052942 ], [ -86.928602, 36.052909 ], [ -86.927151, 36.052725 ], [ -86.926473, 36.052638 ], [ -86.92353, 36.05226 ], [ -86.922815, 36.052168 ], [ -86.921686, 36.052023 ], [ -86.920112, 36.051822 ], [ -86.919745, 36.051774 ], [ -86.919116, 36.051693 ], [ -86.91684, 36.051403 ], [ -86.91277, 36.050882 ], [ -86.912384, 36.050835 ], [ -86.910991, 36.050665 ], [ -86.909744, 36.050513 ], [ -86.908797, 36.050398 ], [ -86.907999, 36.0503 ], [ -86.905066, 36.049941 ], [ -86.903024, 36.04969 ], [ -86.896719, 36.04892 ], [ -86.893385, 36.048515 ], [ -86.893041, 36.048472 ], [ -86.892639, 36.048428 ], [ -86.891237, 36.048262 ], [ -86.888988, 36.04797 ], [ -86.887386, 36.047758 ], [ -86.885613, 36.047526 ], [ -86.88458, 36.047389 ], [ -86.883805, 36.047286 ], [ -86.883497, 36.047246 ], [ -86.88255, 36.047121 ], [ -86.882165, 36.04707 ], [ -86.88029, 36.046824 ], [ -86.877018, 36.046393 ], [ -86.87426, 36.04603 ], [ -86.872697, 36.045825 ], [ -86.872219, 36.045769 ], [ -86.865008, 36.044925 ], [ -86.864761, 36.044896 ], [ -86.864861, 36.044782 ], [ -86.864957, 36.044672 ], [ -86.857964, 36.04407 ], [ -86.856722, 36.043963 ], [ -86.856653, 36.043966 ], [ -86.855368, 36.043854 ], [ -86.854511, 36.043734 ], [ -86.851942, 36.043374 ], [ -86.851086, 36.043255 ], [ -86.850684, 36.043206 ], [ -86.849478, 36.043059 ], [ -86.849077, 36.043011 ], [ -86.848694, 36.042959 ], [ -86.847545, 36.042806 ], [ -86.847163, 36.042756 ], [ -86.846801, 36.042697 ], [ -86.845715, 36.04252 ], [ -86.845389, 36.042468 ], [ -86.845354, 36.04246 ], [ -86.844698, 36.042385 ], [ -86.842732, 36.04216 ], [ -86.842077, 36.042086 ], [ -86.841309, 36.041998 ], [ -86.841052, 36.041969 ], [ -86.839007, 36.041736 ], [ -86.83824, 36.041649 ], [ -86.838127, 36.041636 ], [ -86.83779, 36.041598 ], [ -86.837678, 36.041586 ], [ -86.837633, 36.04158 ], [ -86.837612, 36.041576 ], [ -86.837553, 36.041564 ], [ -86.837533, 36.041561 ], [ -86.837071, 36.041512 ], [ -86.836575, 36.04146 ], [ -86.835688, 36.041358 ], [ -86.835228, 36.041306 ], [ -86.834733, 36.041249 ], [ -86.833248, 36.04108 ], [ -86.832753, 36.041024 ], [ -86.832499, 36.040995 ], [ -86.831739, 36.040908 ], [ -86.831486, 36.04088 ], [ -86.830104, 36.040727 ], [ -86.825959, 36.04027 ], [ -86.824747, 36.040137 ], [ -86.824578, 36.040116 ], [ -86.824321, 36.040088 ], [ -86.823552, 36.040004 ], [ -86.823296, 36.039977 ], [ -86.823011, 36.039945 ], [ -86.822299, 36.039865 ], [ -86.822159, 36.03985 ], [ -86.821875, 36.039819 ], [ -86.821453, 36.039772 ], [ -86.820187, 36.039632 ], [ -86.819766, 36.039586 ], [ -86.819107, 36.039512 ], [ -86.81713, 36.03929 ], [ -86.816472, 36.039217 ], [ -86.81459, 36.039016 ], [ -86.813433, 36.038894 ], [ -86.812688, 36.038814 ], [ -86.80542, 36.038043 ], [ -86.804967, 36.037995 ], [ -86.804319, 36.037926 ], [ -86.801282, 36.037603 ], [ -86.801261, 36.0376 ], [ -86.801198, 36.037591 ], [ -86.801178, 36.037589 ], [ -86.801014, 36.037577 ], [ -86.799879, 36.037485 ], [ -86.79782, 36.037318 ], [ -86.797332, 36.037279 ], [ -86.795985, 36.03717 ], [ -86.795019, 36.037092 ], [ -86.794688, 36.037066 ], [ -86.793927, 36.036968 ], [ -86.793914, 36.036967 ], [ -86.791639, 36.036734 ], [ -86.791445, 36.036715 ], [ -86.791133, 36.036693 ], [ -86.790875, 36.036715 ], [ -86.787205, 36.035999 ], [ -86.786137, 36.035716 ], [ -86.785814, 36.035625 ], [ -86.784238, 36.035217 ], [ -86.783499, 36.035022 ], [ -86.783463, 36.03501 ], [ -86.783355, 36.034974 ], [ -86.783268, 36.034946 ], [ -86.783079, 36.034886 ], [ -86.783001, 36.034857 ], [ -86.781603, 36.0344 ], [ -86.781367, 36.034324 ], [ -86.777524, 36.033347 ], [ -86.777185, 36.033256 ], [ -86.777128, 36.033239 ], [ -86.777073, 36.033218 ], [ -86.775166, 36.032261 ], [ -86.769289, 36.029313 ], [ -86.769095, 36.029216 ], [ -86.767331, 36.028331 ], [ -86.767112, 36.028229 ], [ -86.766736, 36.02803 ], [ -86.766345, 36.027823 ], [ -86.764968, 36.027094 ], [ -86.764379, 36.026782 ], [ -86.764159, 36.026666 ], [ -86.764029, 36.026597 ], [ -86.76298, 36.026042 ], [ -86.762631, 36.025857 ], [ -86.762211, 36.025635 ], [ -86.760953, 36.024969 ], [ -86.760534, 36.024747 ], [ -86.760444, 36.024699 ], [ -86.759605, 36.024255 ], [ -86.759315, 36.024101 ], [ -86.756818, 36.022779 ], [ -86.755889, 36.022288 ], [ -86.755769, 36.022225 ], [ -86.75541, 36.022037 ], [ -86.755293, 36.021976 ], [ -86.754297, 36.021447 ], [ -86.751316, 36.019865 ], [ -86.750323, 36.019339 ], [ -86.750072, 36.019207 ], [ -86.749514, 36.018916 ], [ -86.746415, 36.017301 ], [ -86.746348, 36.017267 ], [ -86.745155, 36.016646 ], [ -86.741744, 36.014867 ], [ -86.741207, 36.014587 ], [ -86.740607, 36.014275 ], [ -86.74037, 36.014151 ], [ -86.739982, 36.013949 ], [ -86.739659, 36.013781 ], [ -86.739423, 36.013658 ], [ -86.739268, 36.013577 ], [ -86.738806, 36.013336 ], [ -86.738652, 36.013256 ], [ -86.738439, 36.013115 ], [ -86.737742, 36.012762 ], [ -86.73497, 36.011358 ], [ -86.734426, 36.011083 ], [ -86.734046, 36.010891 ], [ -86.733019, 36.010362 ], [ -86.732843, 36.010272 ], [ -86.732069, 36.009873 ], [ -86.731882, 36.009856 ], [ -86.729686, 36.009643 ], [ -86.728537, 36.009532 ], [ -86.728276, 36.009507 ], [ -86.727496, 36.009432 ], [ -86.727236, 36.009407 ], [ -86.72719, 36.009403 ], [ -86.726775, 36.009367 ], [ -86.726076, 36.009306 ], [ -86.72553, 36.00926 ], [ -86.725115, 36.009225 ], [ -86.724944, 36.00921 ], [ -86.724431, 36.009166 ], [ -86.72426, 36.009152 ], [ -86.724195, 36.009146 ], [ -86.724002, 36.009129 ], [ -86.723938, 36.009124 ], [ -86.723668, 36.0091 ], [ -86.722858, 36.009031 ], [ -86.722589, 36.009008 ], [ -86.722411, 36.008994 ], [ -86.722181, 36.008976 ], [ -86.72188, 36.008948 ], [ -86.721703, 36.008932 ], [ -86.721594, 36.008923 ], [ -86.72103, 36.008852 ], [ -86.720169, 36.008744 ], [ -86.720145, 36.008741 ], [ -86.720133, 36.00874 ], [ -86.719198, 36.008621 ], [ -86.718824, 36.008592 ], [ -86.712896, 36.008122 ], [ -86.711543, 36.00729 ], [ -86.704329, 36.002855 ], [ -86.703215, 36.00217 ], [ -86.702458, 36.001705 ], [ -86.700189, 36.000312 ], [ -86.69985, 36.000104 ], [ -86.699806, 36.000077 ], [ -86.699741, 36.000038 ], [ -86.699677, 35.999998 ], [ -86.699555, 35.999922 ], [ -86.699433, 35.999847 ], [ -86.699056, 35.999615 ], [ -86.697925, 35.99892 ], [ -86.697548, 35.998689 ], [ -86.697419, 35.998609 ], [ -86.696672, 35.99815 ], [ -86.694046, 35.996536 ], [ -86.693244, 35.996043 ], [ -86.693173, 35.996 ], [ -86.693053, 35.995665 ], [ -86.692872, 35.995153 ], [ -86.692488, 35.994816 ], [ -86.692324, 35.994753 ] ] ] } },
{ "type": "Feature", "properties": { "STATEFP": "47", "COUNTYFP": "147", "COUNTYNS": "01639786", "GEOID": "47147", "GEOIDFQ": "0500000US47147", "NAME": "Robertson", "NAMELSAD": "Robertson County", "LSAD": "06", "CLASSFP": "H1", "MTFCC": "G4020", "CSAFP": "400", "CBSAFP": "34980", "METDIVFP": null, "FUNCSTAT": "A", "ALAND": 1233703853, "AWATER": 457701, "INTPTLAT": "+36.5243849", "INTPTLON": "-086.8725935" }, "geometry": { "type": "Polygon", "coordinates": [ [ [ -86.642164, 36.507271 ], [ -86.642158, 36.507105 ], [ -86.642154, 36.507022 ], [ -86.642148, 36.50684 ], [ -86.642145, 36.506774 ], [ -86.642143, 36.506692 ], [ -86.642129, 36.506573 ], [ -86.642103, 36.506221 ], [ -86.642089, 36.506064 ], [ -86.642038, 36.505463 ], [ -86.641867, 36.504188 ], [ -86.641821, 36.503845 ], [ -86.641811, 36.503768 ], [ -86.641778, 36.503565 ], [ -86.641765, 36.503485 ], [ -86.641735, 36.503297 ], [ -86.641726, 36.503245 ], [ -86.641713, 36.503166 ], [ -86.641673, 36.502929 ], [ -86.641609, 36.502536 ], [ -86.641499, 36.501855 ], [ -86.641322, 36.500638 ], [ -86.641245, 36.500189 ], [ -86.641215, 36.500013 ], [ -86.641124, 36.499429 ], [ -86.64092, 36.498113 ], [ -86.640848, 36.497678 ], [ -86.640822, 36.497518 ], [ -86.640766, 36.497093 ], [ -86.64075, 36.496814 ], [ -86.640748, 36.496774 ], [ -86.640757, 36.496512 ], [ -86.640774, 36.496277 ], [ -86.640822, 36.49598 ], [ -86.640827, 36.495951 ], [ -86.640882, 36.495708 ], [ -86.640893, 36.495637 ], [ -86.640945, 36.495468 ], [ -86.641001, 36.495292 ], [ -86.641146, 36.494918 ], [ -86.641152, 36.494906 ], [ -86.641318, 36.494591 ], [ -86.641351, 36.494529 ], [ -86.641578, 36.494118 ], [ -86.641997, 36.493395 ], [ -86.642086, 36.493246 ], [ -86.642092, 36.493236 ], [ -86.642339, 36.492823 ], [ -86.642414, 36.4927 ], [ -86.642605, 36.492382 ], [ -86.642694, 36.492233 ], [ -86.642834, 36.492003 ], [ -86.642851, 36.491974 ], [ -86.642914, 36.491864 ], [ -86.643106, 36.491536 ], [ -86.64317, 36.491427 ], [ -86.643202, 36.491349 ], [ -86.643258, 36.491263 ], [ -86.643335, 36.491143 ], [ -86.643377, 36.491072 ], [ -86.643439, 36.490965 ], [ -86.643555, 36.490765 ], [ -86.643575, 36.490733 ], [ -86.643581, 36.490721 ], [ -86.643626, 36.490646 ], [ -86.643689, 36.49054 ], [ -86.644438, 36.489265 ], [ -86.644631, 36.488875 ], [ -86.644731, 36.488657 ], [ -86.644827, 36.488423 ], [ -86.644954, 36.488055 ], [ -86.645022, 36.487836 ], [ -86.645039, 36.487783 ], [ -86.645051, 36.487745 ], [ -86.645061, 36.487711 ], [ -86.645129, 36.487425 ], [ -86.645148, 36.48733 ], [ -86.645196, 36.487091 ], [ -86.645244, 36.486722 ], [ -86.645307, 36.486099 ], [ -86.645341, 36.485776 ], [ -86.645389, 36.485123 ], [ -86.645404, 36.484927 ], [ -86.645422, 36.484673 ], [ -86.645439, 36.484459 ], [ -86.645487, 36.483911 ], [ -86.64551, 36.483658 ], [ -86.645515, 36.483602 ], [ -86.64556, 36.483099 ], [ -86.645658, 36.482017 ], [ -86.645772, 36.481433 ], [ -86.64578, 36.481395 ], [ -86.645829, 36.481195 ], [ -86.645895, 36.480952 ], [ -86.645916, 36.480892 ], [ -86.645996, 36.480668 ], [ -86.646019, 36.480605 ], [ -86.646048, 36.480524 ], [ -86.646153, 36.480267 ], [ -86.646253, 36.480056 ], [ -86.646274, 36.480014 ], [ -86.646384, 36.479804 ], [ -86.646413, 36.479746 ], [ -86.646503, 36.479572 ], [ -86.646533, 36.479515 ], [ -86.646817, 36.479034 ], [ -86.646917, 36.478856 ], [ -86.648006, 36.476933 ], [ -86.648045, 36.476863 ], [ -86.64842, 36.476199 ], [ -86.648437, 36.47617 ], [ -86.648489, 36.476083 ], [ -86.648507, 36.476055 ], [ -86.648668, 36.475773 ], [ -86.648739, 36.47565 ], [ -86.649152, 36.474927 ], [ -86.649254, 36.47475 ], [ -86.649312, 36.474644 ], [ -86.649429, 36.474433 ], [ -86.649781, 36.473801 ], [ -86.649899, 36.473591 ], [ -86.650003, 36.473411 ], [ -86.650077, 36.473276 ], [ -86.650423, 36.472656 ], [ -86.650609, 36.472332 ], [ -86.650789, 36.472019 ], [ -86.650933, 36.471767 ], [ -86.650984, 36.471678 ], [ -86.651569, 36.470659 ], [ -86.651636, 36.470543 ], [ -86.651764, 36.470319 ], [ -86.651919, 36.470051 ], [ -86.651973, 36.469968 ], [ -86.652045, 36.469861 ], [ -86.652168, 36.469693 ], [ -86.652325, 36.469489 ], [ -86.652495, 36.469306 ], [ -86.652675, 36.469134 ], [ -86.652773, 36.469046 ], [ -86.652876, 36.468955 ], [ -86.653085, 36.468783 ], [ -86.653181, 36.468718 ], [ -86.653231, 36.468685 ], [ -86.653469, 36.468527 ], [ -86.653566, 36.468463 ], [ -86.653644, 36.468403 ], [ -86.65388, 36.468227 ], [ -86.653959, 36.468168 ], [ -86.654661, 36.467661 ], [ -86.655035, 36.467392 ], [ -86.656429, 36.466391 ], [ -86.656766, 36.466135 ], [ -86.657458, 36.465612 ], [ -86.657682, 36.465442 ], [ -86.657697, 36.46543 ], [ -86.657896, 36.465286 ], [ -86.658106, 36.465142 ], [ -86.658428, 36.464901 ], [ -86.658656, 36.464731 ], [ -86.658669, 36.464721 ], [ -86.658679, 36.464703 ], [ -86.658723, 36.464678 ], [ -86.658737, 36.464668 ], [ -86.659057, 36.464422 ], [ -86.659091, 36.464396 ], [ -86.659102, 36.464387 ], [ -86.659131, 36.464363 ], [ -86.659967, 36.4637 ], [ -86.660301, 36.463434 ], [ -86.660692, 36.463125 ], [ -86.660866, 36.462981 ], [ -86.661391, 36.462551 ], [ -86.661566, 36.462408 ], [ -86.661775, 36.462235 ], [ -86.662228, 36.461865 ], [ -86.662405, 36.461719 ], [ -86.662615, 36.461548 ], [ -86.662737, 36.461439 ], [ -86.662812, 36.461375 ], [ -86.662965, 36.461242 ], [ -86.66313, 36.461101 ], [ -86.663264, 36.460985 ], [ -86.664021, 36.46033 ], [ -86.664374, 36.460026 ], [ -86.664615, 36.459809 ], [ -86.665133, 36.459346 ], [ -86.666397, 36.458211 ], [ -86.666472, 36.458143 ], [ -86.668115, 36.456613 ], [ -86.672607, 36.452448 ], [ -86.672828, 36.452246 ], [ -86.673179, 36.451924 ], [ -86.673232, 36.451875 ], [ -86.673507, 36.451631 ], [ -86.673605, 36.451545 ], [ -86.6742, 36.45099 ], [ -86.67485, 36.450371 ], [ -86.675239, 36.450001 ], [ -86.675341, 36.449895 ], [ -86.675473, 36.449752 ], [ -86.675523, 36.449699 ], [ -86.675604, 36.449602 ], [ -86.675703, 36.449487 ], [ -86.675834, 36.449325 ], [ -86.675848, 36.449306 ], [ -86.675966, 36.449152 ], [ -86.675985, 36.449127 ], [ -86.676042, 36.449053 ], [ -86.676062, 36.449029 ], [ -86.676135, 36.448929 ], [ -86.676225, 36.448807 ], [ -86.676308, 36.448683 ], [ -86.676344, 36.448622 ], [ -86.676409, 36.448517 ], [ -86.676473, 36.448405 ], [ -86.676588, 36.448207 ], [ -86.676655, 36.448067 ], [ -86.676712, 36.447952 ], [ -86.676809, 36.447738 ], [ -86.676946, 36.447437 ], [ -86.67708, 36.447088 ], [ -86.677165, 36.44687 ], [ -86.677254, 36.446652 ], [ -86.677524, 36.445998 ], [ -86.677614, 36.445781 ], [ -86.678092, 36.444593 ], [ -86.678098, 36.444575 ], [ -86.67818, 36.444371 ], [ -86.678228, 36.444246 ], [ -86.67837, 36.443892 ], [ -86.67838, 36.443867 ], [ -86.678411, 36.443788 ], [ -86.678625, 36.443249 ], [ -86.678748, 36.442941 ], [ -86.678871, 36.442631 ], [ -86.679604, 36.440785 ], [ -86.679626, 36.440732 ], [ -86.679694, 36.440574 ], [ -86.679717, 36.440522 ], [ -86.679755, 36.440438 ], [ -86.679805, 36.440331 ], [ -86.67987, 36.440186 ], [ -86.679908, 36.440102 ], [ -86.679917, 36.440082 ], [ -86.679948, 36.440023 ], [ -86.679958, 36.440004 ], [ -86.679971, 36.439977 ], [ -86.680013, 36.439898 ], [ -86.680027, 36.439872 ], [ -86.680048, 36.439829 ], [ -86.680059, 36.439808 ], [ -86.680114, 36.439704 ], [ -86.680137, 36.439662 ], [ -86.680195, 36.439554 ], [ -86.680259, 36.439439 ], [ -86.680385, 36.43924 ], [ -86.680451, 36.439137 ], [ -86.680567, 36.438955 ], [ -86.680748, 36.438698 ], [ -86.680759, 36.438681 ], [ -86.680923, 36.438452 ], [ -86.68098, 36.438379 ], [ -86.681033, 36.438311 ], [ -86.68108, 36.438251 ], [ -86.681124, 36.438197 ], [ -86.681239, 36.438058 ], [ -86.681292, 36.437993 ], [ -86.681392, 36.437884 ], [ -86.681578, 36.437682 ], [ -86.681792, 36.437449 ], [ -86.68182, 36.43742 ], [ -86.681987, 36.437253 ], [ -86.682141, 36.437105 ], [ -86.682215, 36.437037 ], [ -86.682321, 36.436939 ], [ -86.682642, 36.436649 ], [ -86.682749, 36.436552 ], [ -86.682851, 36.436461 ], [ -86.683115, 36.436227 ], [ -86.683159, 36.436188 ], [ -86.683262, 36.436098 ], [ -86.683298, 36.436066 ], [ -86.683408, 36.43597 ], [ -86.683445, 36.435939 ], [ -86.683509, 36.435879 ], [ -86.683704, 36.435703 ], [ -86.683769, 36.435644 ], [ -86.683844, 36.435575 ], [ -86.683925, 36.435502 ], [ -86.684071, 36.43537 ], [ -86.684148, 36.435302 ], [ -86.684288, 36.435178 ], [ -86.684478, 36.435011 ], [ -86.684526, 36.434968 ], [ -86.684874, 36.434659 ], [ -86.685032, 36.434515 ], [ -86.685097, 36.434461 ], [ -86.685149, 36.434418 ], [ -86.685243, 36.434336 ], [ -86.685359, 36.43424 ], [ -86.685482, 36.434132 ], [ -86.685566, 36.434052 ], [ -86.685659, 36.433964 ], [ -86.685674, 36.433951 ], [ -86.685777, 36.433857 ], [ -86.686036, 36.433629 ], [ -86.686055, 36.433611 ], [ -86.686103, 36.433553 ], [ -86.686132, 36.433542 ], [ -86.686152, 36.433523 ], [ -86.686205, 36.433462 ], [ -86.686233, 36.433451 ], [ -86.686248, 36.433436 ], [ -86.686295, 36.433394 ], [ -86.686311, 36.43338 ], [ -86.686326, 36.433365 ], [ -86.686375, 36.433321 ], [ -86.686391, 36.433307 ], [ -86.686405, 36.433293 ], [ -86.686419, 36.433282 ], [ -86.686448, 36.433254 ], [ -86.686463, 36.433241 ], [ -86.686484, 36.43322 ], [ -86.686549, 36.433159 ], [ -86.686571, 36.433139 ], [ -86.686589, 36.43312 ], [ -86.686643, 36.433067 ], [ -86.686662, 36.433049 ], [ -86.686711, 36.433 ], [ -86.686834, 36.43288 ], [ -86.68686, 36.432852 ], [ -86.686909, 36.432803 ], [ -86.687009, 36.432703 ], [ -86.687044, 36.432669 ], [ -86.687205, 36.4325 ], [ -86.687258, 36.432445 ], [ -86.687304, 36.432397 ], [ -86.687403, 36.432296 ], [ -86.687478, 36.432213 ], [ -86.687706, 36.431968 ], [ -86.687782, 36.431886 ], [ -86.6878, 36.431865 ], [ -86.687857, 36.431805 ], [ -86.687876, 36.431785 ], [ -86.687941, 36.431709 ], [ -86.688137, 36.431481 ], [ -86.688203, 36.431406 ], [ -86.688259, 36.43134 ], [ -86.688428, 36.431145 ], [ -86.688485, 36.431081 ], [ -86.68857, 36.430982 ], [ -86.688648, 36.430907 ], [ -86.688652, 36.430888 ], [ -86.688829, 36.430686 ], [ -86.688916, 36.430588 ], [ -86.688997, 36.430496 ], [ -86.68904, 36.430448 ], [ -86.689348, 36.430101 ], [ -86.689568, 36.429853 ], [ -86.689669, 36.42974 ], [ -86.690528, 36.428773 ], [ -86.690864, 36.428393 ], [ -86.691522, 36.427649 ], [ -86.692174, 36.426914 ], [ -86.692238, 36.426841 ], [ -86.692431, 36.426623 ], [ -86.692496, 36.426551 ], [ -86.692562, 36.426476 ], [ -86.692643, 36.426384 ], [ -86.692665, 36.42636 ], [ -86.692863, 36.426129 ], [ -86.693074, 36.425876 ], [ -86.693218, 36.425707 ], [ -86.693235, 36.425684 ], [ -86.693251, 36.425663 ], [ -86.69329, 36.425616 ], [ -86.693308, 36.425594 ], [ -86.693535, 36.425288 ], [ -86.693601, 36.425187 ], [ -86.693831, 36.424841 ], [ -86.694214, 36.424177 ], [ -86.694356, 36.423885 ], [ -86.694423, 36.423751 ], [ -86.694441, 36.423711 ], [ -86.694533, 36.423499 ], [ -86.694557, 36.423426 ], [ -86.694576, 36.423365 ], [ -86.694636, 36.423185 ], [ -86.694656, 36.423125 ], [ -86.694671, 36.423078 ], [ -86.694719, 36.422937 ], [ -86.694735, 36.422891 ], [ -86.69483, 36.422571 ], [ -86.69488, 36.422372 ], [ -86.694908, 36.422259 ], [ -86.694911, 36.422242 ], [ -86.694981, 36.421871 ], [ -86.695064, 36.421319 ], [ -86.695079, 36.421067 ], [ -86.695096, 36.420799 ], [ -86.695092, 36.420465 ], [ -86.695075, 36.42026 ], [ -86.695073, 36.42024 ], [ -86.695042, 36.419867 ], [ -86.695032, 36.419745 ], [ -86.695007, 36.419572 ], [ -86.694918, 36.419089 ], [ -86.694903, 36.419007 ], [ -86.694869, 36.41882 ], [ -86.694781, 36.418426 ], [ -86.694603, 36.417853 ], [ -86.694528, 36.417675 ], [ -86.694339, 36.417224 ], [ -86.694301, 36.417135 ], [ -86.694207, 36.416911 ], [ -86.694188, 36.416871 ], [ -86.694149, 36.416784 ], [ -86.694115, 36.416709 ], [ -86.694013, 36.416486 ], [ -86.69398, 36.416412 ], [ -86.693908, 36.416258 ], [ -86.69378, 36.415981 ], [ -86.693702, 36.415813 ], [ -86.693695, 36.415797 ], [ -86.693627, 36.415642 ], [ -86.693562, 36.415494 ], [ -86.693367, 36.415051 ], [ -86.693302, 36.414904 ], [ -86.693258, 36.414804 ], [ -86.693127, 36.414507 ], [ -86.693084, 36.414408 ], [ -86.693015, 36.41425 ], [ -86.692809, 36.413776 ], [ -86.692741, 36.413619 ], [ -86.692672, 36.413464 ], [ -86.69258, 36.413257 ], [ -86.692465, 36.412999 ], [ -86.692397, 36.412845 ], [ -86.692332, 36.412698 ], [ -86.69211, 36.412201 ], [ -86.692106, 36.41219 ], [ -86.691931, 36.411764 ], [ -86.69157, 36.410981 ], [ -86.691458, 36.410773 ], [ -86.691332, 36.410557 ], [ -86.691187, 36.410342 ], [ -86.691168, 36.410314 ], [ -86.691074, 36.410174 ], [ -86.690923, 36.40995 ], [ -86.690819, 36.409815 ], [ -86.690759, 36.409742 ], [ -86.690775, 36.409685 ], [ -86.690827, 36.409515 ], [ -86.690845, 36.409459 ], [ -86.69094, 36.409159 ], [ -86.69108, 36.408982 ], [ -86.691236, 36.408787 ], [ -86.691956, 36.408367 ], [ -86.692359, 36.40801 ], [ -86.692765, 36.407652 ], [ -86.692795, 36.407623 ], [ -86.692889, 36.407538 ], [ -86.69292, 36.40751 ], [ -86.692988, 36.407446 ], [ -86.693096, 36.407349 ], [ -86.693211, 36.407279 ], [ -86.693292, 36.407231 ], [ -86.694528, 36.407048 ], [ -86.695745, 36.406869 ], [ -86.69656, 36.406832 ], [ -86.697008, 36.406981 ], [ -86.697214, 36.407144 ], [ -86.697463, 36.407282 ], [ -86.697647, 36.407327 ], [ -86.697697, 36.407339 ], [ -86.697867, 36.407341 ], [ -86.698033, 36.407177 ], [ -86.698062, 36.407149 ], [ -86.698121, 36.407152 ], [ -86.698288, 36.40716 ], [ -86.698588, 36.407235 ], [ -86.69875, 36.4074 ], [ -86.69886, 36.407646 ], [ -86.698869, 36.407677 ], [ -86.698904, 36.40779 ], [ -86.698926, 36.40785 ], [ -86.698993, 36.408027 ], [ -86.699022, 36.408103 ], [ -86.699202, 36.408391 ], [ -86.699319, 36.408484 ], [ -86.699469, 36.408602 ], [ -86.699509, 36.408635 ], [ -86.699633, 36.408739 ], [ -86.699668, 36.408772 ], [ -86.699818, 36.408918 ], [ -86.700309, 36.409213 ], [ -86.70049, 36.409244 ], [ -86.700706, 36.409308 ], [ -86.700682, 36.409456 ], [ -86.700821, 36.409548 ], [ -86.700886, 36.409605 ], [ -86.701188, 36.410083 ], [ -86.70155, 36.410049 ], [ -86.701873, 36.409955 ], [ -86.701896, 36.409952 ], [ -86.70194, 36.40992 ], [ -86.701954, 36.409899 ], [ -86.702076, 36.409815 ], [ -86.702226, 36.409678 ], [ -86.702319, 36.409593 ], [ -86.702675, 36.40953 ], [ -86.70288, 36.409539 ], [ -86.702956, 36.409543 ], [ -86.704113, 36.409767 ], [ -86.706195, 36.410244 ], [ -86.706386, 36.410299 ], [ -86.707536, 36.410631 ], [ -86.707544, 36.410645 ], [ -86.707568, 36.410687 ], [ -86.707577, 36.410701 ], [ -86.707718, 36.410941 ], [ -86.707724, 36.410951 ], [ -86.707828, 36.411187 ], [ -86.707924, 36.411531 ], [ -86.707988, 36.411719 ], [ -86.707988, 36.411732 ], [ -86.708004, 36.411947 ], [ -86.708001, 36.412011 ], [ -86.708, 36.412116 ], [ -86.707999, 36.412434 ], [ -86.707999, 36.41254 ], [ -86.708018, 36.412584 ], [ -86.708038, 36.412617 ], [ -86.708044, 36.412641 ], [ -86.708049, 36.41266 ], [ -86.708105, 36.412668 ], [ -86.70813, 36.412673 ], [ -86.7082, 36.412704 ], [ -86.70841, 36.412799 ], [ -86.708451, 36.412818 ], [ -86.708473, 36.412795 ], [ -86.708497, 36.412774 ], [ -86.708523, 36.412753 ], [ -86.708671, 36.41253 ], [ -86.708795, 36.412429 ], [ -86.709032, 36.412278 ], [ -86.709123, 36.412286 ], [ -86.70923, 36.41234 ], [ -86.709258, 36.412397 ], [ -86.70941, 36.412924 ], [ -86.70946, 36.413128 ], [ -86.709476, 36.413152 ], [ -86.70955, 36.413196 ], [ -86.709636, 36.413248 ], [ -86.709849, 36.413375 ], [ -86.709949, 36.413435 ], [ -86.710032, 36.413488 ], [ -86.710279, 36.413653 ], [ -86.710366, 36.413704 ], [ -86.71037, 36.413718 ], [ -86.710421, 36.413739 ], [ -86.710645, 36.413878 ], [ -86.710746, 36.413921 ], [ -86.711271, 36.414122 ], [ -86.711832, 36.414057 ], [ -86.712205, 36.414014 ], [ -86.712358, 36.413869 ], [ -86.712475, 36.413761 ], [ -86.712596, 36.413647 ], [ -86.712754, 36.413536 ], [ -86.713076, 36.413311 ], [ -86.71346, 36.413146 ], [ -86.713843, 36.413218 ], [ -86.714156, 36.413343 ], [ -86.714256, 36.413379 ], [ -86.714732, 36.413554 ], [ -86.715212, 36.413746 ], [ -86.715691, 36.413895 ], [ -86.716156, 36.413998 ], [ -86.71686, 36.413956 ], [ -86.717037, 36.41395 ], [ -86.71757, 36.413935 ], [ -86.717695, 36.413922 ], [ -86.717767, 36.413916 ], [ -86.718272, 36.413866 ], [ -86.718329, 36.413859 ], [ -86.718387, 36.413873 ], [ -86.718731, 36.413959 ], [ -86.718763, 36.413967 ], [ -86.718796, 36.414046 ], [ -86.7188, 36.414057 ], [ -86.718813, 36.41409 ], [ -86.718818, 36.414102 ], [ -86.718867, 36.414227 ], [ -86.718874, 36.414304 ], [ -86.718898, 36.414546 ], [ -86.719055, 36.414905 ], [ -86.719141, 36.4151 ], [ -86.719418, 36.415755 ], [ -86.719655, 36.416316 ], [ -86.719785, 36.418007 ], [ -86.719793, 36.41809 ], [ -86.719812, 36.418264 ], [ -86.719927, 36.418282 ], [ -86.720305, 36.41834 ], [ -86.720528, 36.418375 ], [ -86.720719, 36.418389 ], [ -86.720733, 36.418389 ], [ -86.720977, 36.418377 ], [ -86.721013, 36.418377 ], [ -86.721048, 36.418375 ], [ -86.72111, 36.418372 ], [ -86.721156, 36.41837 ], [ -86.721192, 36.418369 ], [ -86.721329, 36.418353 ], [ -86.721457, 36.418338 ], [ -86.721515, 36.418326 ], [ -86.72166, 36.418299 ], [ -86.721817, 36.418264 ], [ -86.72217, 36.418155 ], [ -86.722453, 36.418046 ], [ -86.722509, 36.418025 ], [ -86.722751, 36.417911 ], [ -86.722869, 36.417855 ], [ -86.723227, 36.41769 ], [ -86.723346, 36.417635 ], [ -86.72364, 36.417503 ], [ -86.72368, 36.417483 ], [ -86.724391, 36.417137 ], [ -86.724667, 36.41699 ], [ -86.724993, 36.416819 ], [ -86.725635, 36.416038 ], [ -86.725738, 36.415914 ], [ -86.725816, 36.415871 ], [ -86.726227, 36.41567 ], [ -86.726765, 36.415372 ], [ -86.727032, 36.4152 ], [ -86.727171, 36.41492 ], [ -86.727178, 36.414858 ], [ -86.727249, 36.414501 ], [ -86.727342, 36.414198 ], [ -86.727443, 36.413968 ], [ -86.727711, 36.413877 ], [ -86.728037, 36.413901 ], [ -86.728083, 36.41392 ], [ -86.728493, 36.414067 ], [ -86.729084, 36.414333 ], [ -86.729455, 36.414443 ], [ -86.72997, 36.414587 ], [ -86.730392, 36.414613 ], [ -86.731859, 36.414481 ], [ -86.733175, 36.414361 ], [ -86.733831, 36.414459 ], [ -86.73427, 36.414555 ], [ -86.734411, 36.41481 ], [ -86.734439, 36.414862 ], [ -86.734402, 36.415192 ], [ -86.734143, 36.415552 ], [ -86.733875, 36.415707 ], [ -86.733509, 36.415992 ], [ -86.733427, 36.416246 ], [ -86.733384, 36.416522 ], [ -86.733467, 36.416834 ], [ -86.733552, 36.416996 ], [ -86.733572, 36.417083 ], [ -86.733596, 36.417107 ], [ -86.73378, 36.417295 ], [ -86.733838, 36.417386 ], [ -86.733906, 36.41749 ], [ -86.73394, 36.417543 ], [ -86.734077, 36.417618 ], [ -86.734268, 36.417723 ], [ -86.734597, 36.417946 ], [ -86.734641, 36.417946 ], [ -86.734661, 36.417946 ], [ -86.734782, 36.418018 ], [ -86.734833, 36.418049 ], [ -86.735052, 36.418168 ], [ -86.735484, 36.418279 ], [ -86.736253, 36.418352 ], [ -86.73791, 36.418445 ], [ -86.738501, 36.41843 ], [ -86.739913, 36.418314 ], [ -86.742092, 36.418211 ], [ -86.742548, 36.418151 ], [ -86.7431, 36.418171 ], [ -86.743652, 36.418347 ], [ -86.744036, 36.418443 ], [ -86.744098, 36.418468 ], [ -86.744444, 36.418611 ], [ -86.744844, 36.418715 ], [ -86.745196, 36.418747 ], [ -86.745449, 36.418844 ], [ -86.745468, 36.418851 ], [ -86.746052, 36.418815 ], [ -86.74666, 36.418759 ], [ -86.74714, 36.418703 ], [ -86.74766, 36.418675 ], [ -86.747818, 36.418655 ], [ -86.74798, 36.418635 ], [ -86.748276, 36.418627 ], [ -86.748341, 36.418508 ], [ -86.748412, 36.418375 ], [ -86.748396, 36.418347 ], [ -86.748365, 36.418136 ], [ -86.748206, 36.417897 ], [ -86.748102, 36.417809 ], [ -86.747744, 36.417533 ], [ -86.747513, 36.417186 ], [ -86.747362, 36.416922 ], [ -86.747298, 36.416448 ], [ -86.747275, 36.416149 ], [ -86.747499, 36.415862 ], [ -86.747746, 36.415507 ], [ -86.748042, 36.415014 ], [ -86.748193, 36.414858 ], [ -86.748378, 36.414668 ], [ -86.748744, 36.414357 ], [ -86.749183, 36.414011 ], [ -86.749375, 36.41378 ], [ -86.749311, 36.413556 ], [ -86.749009, 36.413281 ], [ -86.748674, 36.413081 ], [ -86.748356, 36.412957 ], [ -86.748037, 36.412737 ], [ -86.747644, 36.412598 ], [ -86.74716, 36.412429 ], [ -86.746746, 36.412193 ], [ -86.746555, 36.411906 ], [ -86.746539, 36.411587 ], [ -86.746596, 36.411184 ], [ -86.746995, 36.410778 ], [ -86.747538, 36.410627 ], [ -86.747785, 36.410639 ], [ -86.748263, 36.410799 ], [ -86.748828, 36.410912 ], [ -86.749084, 36.4109 ], [ -86.749852, 36.410547 ], [ -86.749906, 36.410522 ], [ -86.750137, 36.410268 ], [ -86.750361, 36.409921 ], [ -86.750777, 36.409279 ], [ -86.751136, 36.408793 ], [ -86.751285, 36.40875 ], [ -86.751519, 36.408682 ], [ -86.751878, 36.408675 ], [ -86.752189, 36.408424 ], [ -86.752414, 36.408179 ], [ -86.752797, 36.407763 ], [ -86.752908, 36.407679 ], [ -86.753124, 36.407576 ], [ -86.753363, 36.407341 ], [ -86.753515, 36.40715 ], [ -86.753476, 36.406607 ], [ -86.753381, 36.40632 ], [ -86.753461, 36.405766 ], [ -86.753645, 36.405563 ], [ -86.753733, 36.405531 ], [ -86.754795, 36.405496 ], [ -86.755098, 36.404433 ], [ -86.755183, 36.404148 ], [ -86.755195, 36.402458 ], [ -86.756597, 36.400441 ], [ -86.758072, 36.399867 ], [ -86.760557, 36.400717 ], [ -86.760792, 36.400794 ], [ -86.762231, 36.400318 ], [ -86.762475, 36.400214 ], [ -86.762668, 36.400162 ], [ -86.76287, 36.400131 ], [ -86.763116, 36.400087 ], [ -86.763444, 36.40004 ], [ -86.763613, 36.400009 ], [ -86.763736, 36.399981 ], [ -86.763848, 36.399936 ], [ -86.76393, 36.399896 ], [ -86.764023, 36.399837 ], [ -86.764151, 36.399722 ], [ -86.764265, 36.399552 ], [ -86.764492, 36.399089 ], [ -86.764636, 36.398757 ], [ -86.764739, 36.398452 ], [ -86.764808, 36.398223 ], [ -86.764825, 36.39814 ], [ -86.763394, 36.397094 ], [ -86.763492, 36.396898 ], [ -86.763522, 36.396842 ], [ -86.763629, 36.396641 ], [ -86.763633, 36.396592 ], [ -86.763633, 36.396563 ], [ -86.763632, 36.396534 ], [ -86.763629, 36.396505 ], [ -86.763619, 36.396447 ], [ -86.763603, 36.396424 ], [ -86.76359, 36.3964 ], [ -86.763579, 36.396375 ], [ -86.763572, 36.39635 ], [ -86.763568, 36.396324 ], [ -86.763566, 36.396297 ], [ -86.763568, 36.396271 ], [ -86.76356, 36.396239 ], [ -86.763592, 36.396195 ], [ -86.763601, 36.396167 ], [ -86.763615, 36.396109 ], [ -86.763629, 36.395993 ], [ -86.763629, 36.395935 ], [ -86.763625, 36.395877 ], [ -86.763616, 36.395819 ], [ -86.763607, 36.395787 ], [ -86.76361, 36.395738 ], [ -86.763621, 36.395707 ], [ -86.76364, 36.395678 ], [ -86.763666, 36.395645 ], [ -86.763765, 36.395475 ], [ -86.763777, 36.39545 ], [ -86.763792, 36.395426 ], [ -86.763809, 36.395403 ], [ -86.763827, 36.395381 ], [ -86.763848, 36.39536 ], [ -86.76387, 36.39534 ], [ -86.763893, 36.395321 ], [ -86.763918, 36.395303 ], [ -86.763944, 36.395287 ], [ -86.763972, 36.395272 ], [ -86.763988, 36.395265 ], [ -86.764004, 36.395258 ], [ -86.76402, 36.395251 ], [ -86.764035, 36.395242 ], [ -86.764049, 36.395233 ], [ -86.764063, 36.395223 ], [ -86.764076, 36.395213 ], [ -86.764088, 36.395202 ], [ -86.764099, 36.395191 ], [ -86.76411, 36.395179 ], [ -86.764213, 36.395081 ], [ -86.764233, 36.395061 ], [ -86.764294, 36.394996 ], [ -86.76433, 36.394289 ], [ -86.764343, 36.394286 ], [ -86.764359, 36.394282 ], [ -86.764409, 36.394271 ], [ -86.764426, 36.394268 ], [ -86.764901, 36.394197 ], [ -86.766329, 36.393985 ], [ -86.766805, 36.393915 ], [ -86.76696, 36.393901 ], [ -86.767428, 36.393863 ], [ -86.767584, 36.393851 ], [ -86.767607, 36.393847 ], [ -86.767677, 36.393839 ], [ -86.767701, 36.393837 ], [ -86.767876, 36.393819 ], [ -86.768405, 36.393768 ], [ -86.768581, 36.393752 ], [ -86.768648, 36.393724 ], [ -86.768767, 36.393674 ], [ -86.769329, 36.393445 ], [ -86.769517, 36.393369 ], [ -86.77009, 36.393343 ], [ -86.771813, 36.393266 ], [ -86.772387, 36.393241 ], [ -86.772431, 36.393096 ], [ -86.772564, 36.392663 ], [ -86.772609, 36.392519 ], [ -86.772661, 36.392504 ], [ -86.772694, 36.392495 ], [ -86.772822, 36.392495 ], [ -86.772877, 36.392496 ], [ -86.772923, 36.392497 ], [ -86.773328, 36.392382 ], [ -86.773421, 36.392399 ], [ -86.773736, 36.392454 ], [ -86.776553, 36.391431 ], [ -86.777207, 36.391297 ], [ -86.777749, 36.39115 ], [ -86.779997, 36.390523 ], [ -86.781199, 36.39019 ], [ -86.781365, 36.390049 ], [ -86.781893, 36.389588 ], [ -86.781694, 36.389097 ], [ -86.781685, 36.389075 ], [ -86.781649, 36.388985 ], [ -86.781506, 36.388632 ], [ -86.781445, 36.388502 ], [ -86.781371, 36.388344 ], [ -86.781312, 36.388258 ], [ -86.781158, 36.387887 ], [ -86.781035, 36.387866 ], [ -86.780734, 36.387384 ], [ -86.780655, 36.387168 ], [ -86.780647, 36.387147 ], [ -86.780617, 36.387025 ], [ -86.780587, 36.386777 ], [ -86.780587, 36.386743 ], [ -86.781037, 36.386211 ], [ -86.782211, 36.384827 ], [ -86.782015, 36.38463 ], [ -86.781524, 36.384137 ], [ -86.781635, 36.384039 ], [ -86.781661, 36.384016 ], [ -86.781625, 36.383996 ], [ -86.781601, 36.383982 ], [ -86.781575, 36.383964 ], [ -86.78155, 36.383946 ], [ -86.781526, 36.383926 ], [ -86.781504, 36.383905 ], [ -86.781483, 36.383884 ], [ -86.781463, 36.383861 ], [ -86.781445, 36.383838 ], [ -86.781429, 36.383814 ], [ -86.781414, 36.383789 ], [ -86.781401, 36.383764 ], [ -86.781389, 36.383749 ], [ -86.781377, 36.383735 ], [ -86.781365, 36.383721 ], [ -86.781351, 36.383707 ], [ -86.781337, 36.383694 ], [ -86.781318, 36.383681 ], [ -86.781302, 36.383664 ], [ -86.781292, 36.383645 ], [ -86.781288, 36.383625 ], [ -86.78129, 36.383605 ], [ -86.781298, 36.383585 ], [ -86.781312, 36.383568 ], [ -86.78133, 36.383553 ], [ -86.781352, 36.383543 ], [ -86.781377, 36.383537 ], [ -86.781409, 36.383527 ], [ -86.781442, 36.383518 ], [ -86.781475, 36.38351 ], [ -86.781509, 36.383504 ], [ -86.781543, 36.383499 ], [ -86.781578, 36.383496 ], [ -86.781612, 36.383494 ], [ -86.781647, 36.383493 ], [ -86.781682, 36.383494 ], [ -86.781716, 36.383497 ], [ -86.781751, 36.383501 ], [ -86.781785, 36.383506 ], [ -86.781819, 36.383512 ], [ -86.781852, 36.38352 ], [ -86.781885, 36.38353 ], [ -86.781913, 36.383536 ], [ -86.781941, 36.383542 ], [ -86.781974, 36.38355 ], [ -86.781996, 36.383555 ], [ -86.782024, 36.383562 ], [ -86.782051, 36.383569 ], [ -86.782079, 36.383577 ], [ -86.782106, 36.383584 ], [ -86.782133, 36.383592 ], [ -86.78216, 36.383601 ], [ -86.782181, 36.383606 ], [ -86.782201, 36.383612 ], [ -86.78222, 36.383621 ], [ -86.782238, 36.383631 ], [ -86.782253, 36.383641 ], [ -86.782269, 36.383656 ], [ -86.782282, 36.38367 ], [ -86.782293, 36.383685 ], [ -86.782301, 36.383701 ], [ -86.782307, 36.383717 ], [ -86.782621, 36.383702 ], [ -86.782798, 36.383707 ], [ -86.783157, 36.383733 ], [ -86.783337, 36.383735 ], [ -86.783786, 36.383692 ], [ -86.783924, 36.38368 ], [ -86.784078, 36.383619 ], [ -86.784147, 36.383576 ], [ -86.784209, 36.383526 ], [ -86.784342, 36.383348 ], [ -86.784366, 36.383281 ], [ -86.784355, 36.383004 ], [ -86.784301, 36.382898 ], [ -86.783956, 36.382369 ], [ -86.783795, 36.382148 ], [ -86.783748, 36.38207 ], [ -86.783726, 36.381827 ], [ -86.783757, 36.381748 ], [ -86.783805, 36.381677 ], [ -86.784001, 36.381452 ], [ -86.784075, 36.381325 ], [ -86.784129, 36.381192 ], [ -86.784163, 36.381046 ], [ -86.784253, 36.380217 ], [ -86.784274, 36.380096 ], [ -86.784446, 36.379762 ], [ -86.784651, 36.379533 ], [ -86.784735, 36.379441 ], [ -86.784909, 36.379281 ], [ -86.785749, 36.378484 ], [ -86.785844, 36.378397 ], [ -86.786675, 36.377631 ], [ -86.786828, 36.377491 ], [ -86.787344, 36.377118 ], [ -86.787512, 36.377048 ], [ -86.787636, 36.377005 ], [ -86.787896, 36.376939 ], [ -86.788028, 36.376916 ], [ -86.788163, 36.376901 ], [ -86.788327, 36.37689 ], [ -86.788806, 36.376886 ], [ -86.789856, 36.376879 ], [ -86.790765, 36.376874 ], [ -86.790865, 36.376852 ], [ -86.790949, 36.376834 ], [ -86.791034, 36.37676 ], [ -86.791095, 36.376363 ], [ -86.791237, 36.375352 ], [ -86.791484, 36.373123 ], [ -86.791506, 36.372927 ], [ -86.791599, 36.372174 ], [ -86.791702, 36.371342 ], [ -86.791788, 36.370784 ], [ -86.791915, 36.370328 ], [ -86.792122, 36.369865 ], [ -86.792156, 36.369492 ], [ -86.791946, 36.369321 ], [ -86.790571, 36.368962 ], [ -86.789866, 36.368738 ], [ -86.789421, 36.368448 ], [ -86.789388, 36.368406 ], [ -86.789293, 36.368285 ], [ -86.788752, 36.367451 ], [ -86.788483, 36.366868 ], [ -86.788341, 36.366438 ], [ -86.788326, 36.366413 ], [ -86.788284, 36.366341 ], [ -86.788272, 36.366319 ], [ -86.78768, 36.366014 ], [ -86.787317, 36.365918 ], [ -86.787047, 36.365822 ], [ -86.786942, 36.365767 ], [ -86.786989, 36.365479 ], [ -86.787026, 36.365398 ], [ -86.787044, 36.365316 ], [ -86.787073, 36.365255 ], [ -86.787081, 36.3652 ], [ -86.787094, 36.365136 ], [ -86.787155, 36.364964 ], [ -86.787256, 36.364755 ], [ -86.787333, 36.364585 ], [ -86.787402, 36.364409 ], [ -86.787412, 36.364297 ], [ -86.787439, 36.364246 ], [ -86.787463, 36.364198 ], [ -86.787499, 36.364079 ], [ -86.787504, 36.364006 ], [ -86.787506, 36.363894 ], [ -86.787521, 36.363824 ], [ -86.787585, 36.363687 ], [ -86.787662, 36.363473 ], [ -86.787723, 36.363284 ], [ -86.78771, 36.363067 ], [ -86.7877, 36.362915 ], [ -86.78769, 36.362788 ], [ -86.78767, 36.362667 ], [ -86.787659, 36.362623 ], [ -86.787653, 36.362583 ], [ -86.787647, 36.362533 ], [ -86.787649, 36.362491 ], [ -86.787652, 36.362445 ], [ -86.787662, 36.362392 ], [ -86.787678, 36.362333 ], [ -86.787696, 36.362269 ], [ -86.787707, 36.362192 ], [ -86.787604, 36.361446 ], [ -86.787584, 36.361399 ], [ -86.787554, 36.361321 ], [ -86.787523, 36.361259 ], [ -86.787482, 36.361191 ], [ -86.787443, 36.361097 ], [ -86.787407, 36.361031 ], [ -86.787398, 36.360993 ], [ -86.78737, 36.360917 ], [ -86.787318, 36.360852 ], [ -86.787268, 36.360747 ], [ -86.787243, 36.360696 ], [ -86.787218, 36.360652 ], [ -86.787199, 36.360604 ], [ -86.787182, 36.36056 ], [ -86.78716, 36.36051 ], [ -86.787154, 36.36047 ], [ -86.787145, 36.360424 ], [ -86.787142, 36.360367 ], [ -86.787147, 36.360304 ], [ -86.787146, 36.360255 ], [ -86.787154, 36.360202 ], [ -86.787178, 36.360134 ], [ -86.78718, 36.360081 ], [ -86.78719, 36.360042 ], [ -86.787203, 36.359989 ], [ -86.78723, 36.359936 ], [ -86.787257, 36.359901 ], [ -86.787311, 36.359854 ], [ -86.787377, 36.359786 ], [ -86.787357, 36.35964 ], [ -86.787677, 36.359648 ], [ -86.787874, 36.359736 ], [ -86.788006, 36.359859 ], [ -86.788091, 36.359939 ], [ -86.788438, 36.359967 ], [ -86.78873, 36.359978 ], [ -86.789179, 36.360077 ], [ -86.789552, 36.360071 ], [ -86.790259, 36.360038 ], [ -86.790904, 36.359956 ], [ -86.791237, 36.359863 ], [ -86.79153, 36.359802 ], [ -86.791761, 36.359791 ], [ -86.792128, 36.359797 ], [ -86.792427, 36.359846 ], [ -86.793378, 36.359885 ], [ -86.793704, 36.359825 ], [ -86.794098, 36.35983 ], [ -86.794703, 36.359885 ], [ -86.795015, 36.359874 ], [ -86.795287, 36.359754 ], [ -86.795871, 36.359611 ], [ -86.796266, 36.359534 ], [ -86.796571, 36.359506 ], [ -86.796809, 36.35955 ], [ -86.797047, 36.359611 ], [ -86.79711, 36.359603 ], [ -86.797158, 36.359517 ], [ -86.797175, 36.359492 ], [ -86.797212, 36.359443 ], [ -86.797231, 36.359419 ], [ -86.797251, 36.359395 ], [ -86.797272, 36.359372 ], [ -86.797294, 36.359349 ], [ -86.797316, 36.359327 ], [ -86.797339, 36.359305 ], [ -86.797358, 36.359281 ], [ -86.797385, 36.359241 ], [ -86.797405, 36.359204 ], [ -86.797416, 36.359176 ], [ -86.797424, 36.359148 ], [ -86.797431, 36.359116 ], [ -86.797434, 36.359082 ], [ -86.797434, 36.359034 ], [ -86.797431, 36.358985 ], [ -86.797434, 36.358948 ], [ -86.797442, 36.358919 ], [ -86.79747, 36.358866 ], [ -86.797539, 36.358802 ], [ -86.79757, 36.358754 ], [ -86.797713, 36.35866 ], [ -86.797951, 36.358605 ], [ -86.798066, 36.358545 ], [ -86.798134, 36.358413 ], [ -86.798447, 36.358386 ], [ -86.799018, 36.358105 ], [ -86.799228, 36.358105 ], [ -86.799425, 36.358056 ], [ -86.799697, 36.357831 ], [ -86.799786, 36.357699 ], [ -86.800023, 36.357605 ], [ -86.80018, 36.357578 ], [ -86.800431, 36.357419 ], [ -86.800934, 36.357452 ], [ -86.801294, 36.357446 ], [ -86.801647, 36.357386 ], [ -86.801953, 36.357232 ], [ -86.802266, 36.357034 ], [ -86.802578, 36.35682 ], [ -86.802649, 36.356738 ], [ -86.802637, 36.3567 ], [ -86.802625, 36.356673 ], [ -86.80257, 36.3566 ], [ -86.802527, 36.356563 ], [ -86.802495, 36.356527 ], [ -86.802468, 36.356465 ], [ -86.802468, 36.356398 ], [ -86.802482, 36.35636 ], [ -86.802529, 36.3563 ], [ -86.80258, 36.356266 ], [ -86.802685, 36.356207 ], [ -86.802728, 36.356149 ], [ -86.802803, 36.356117 ], [ -86.802923, 36.355986 ], [ -86.802961, 36.355931 ], [ -86.802973, 36.355913 ], [ -86.803002, 36.355862 ], [ -86.803033, 36.35581 ], [ -86.803066, 36.355759 ], [ -86.803097, 36.355715 ], [ -86.803113, 36.355707 ], [ -86.803142, 36.355655 ], [ -86.803278, 36.355473 ], [ -86.803428, 36.355396 ], [ -86.803781, 36.355363 ], [ -86.804202, 36.355363 ], [ -86.804501, 36.355391 ], [ -86.804824, 36.355544 ], [ -86.804835, 36.355538 ], [ -86.804856, 36.355527 ], [ -86.804878, 36.355518 ], [ -86.804902, 36.355511 ], [ -86.804947, 36.355505 ], [ -86.804975, 36.355503 ], [ -86.805, 36.355504 ], [ -86.805025, 36.355508 ], [ -86.805048, 36.355513 ], [ -86.805086, 36.355515 ], [ -86.805123, 36.355515 ], [ -86.80516, 36.355513 ], [ -86.805197, 36.355509 ], [ -86.805234, 36.355504 ], [ -86.80527, 36.355497 ], [ -86.805306, 36.355489 ], [ -86.805339, 36.355479 ], [ -86.80541, 36.355454 ], [ -86.805516, 36.355433 ], [ -86.805615, 36.355421 ], [ -86.805721, 36.35542 ], [ -86.805922, 36.355437 ], [ -86.806006, 36.355444 ], [ -86.806099, 36.355439 ], [ -86.806232, 36.355418 ], [ -86.806613, 36.355398 ], [ -86.806789, 36.355415 ], [ -86.807071, 36.355434 ], [ -86.807248, 36.355442 ], [ -86.80739, 36.355445 ], [ -86.807448, 36.355435 ], [ -86.807498, 36.355424 ], [ -86.807531, 36.355416 ], [ -86.807569, 36.355406 ], [ -86.807639, 36.355385 ], [ -86.807706, 36.35536 ], [ -86.807779, 36.355328 ], [ -86.807827, 36.3553 ], [ -86.807945, 36.355242 ], [ -86.808015, 36.35521 ], [ -86.808127, 36.35516 ], [ -86.808191, 36.355133 ], [ -86.808247, 36.35511 ], [ -86.808309, 36.355088 ], [ -86.808359, 36.355072 ], [ -86.80839, 36.355064 ], [ -86.808451, 36.355048 ], [ -86.808531, 36.355032 ], [ -86.808601, 36.355021 ], [ -86.808659, 36.355015 ], [ -86.808709, 36.355022 ], [ -86.808734, 36.355023 ], [ -86.80876, 36.355022 ], [ -86.808785, 36.35502 ], [ -86.808805, 36.355018 ], [ -86.808833, 36.355012 ], [ -86.80886, 36.355004 ], [ -86.809184, 36.354989 ], [ -86.809682, 36.354815 ], [ -86.810183, 36.354655 ], [ -86.810339, 36.354576 ], [ -86.810386, 36.354555 ], [ -86.810549, 36.354472 ], [ -86.810752, 36.354385 ], [ -86.810768, 36.354342 ], [ -86.810812, 36.354227 ], [ -86.811194, 36.354028 ], [ -86.811948, 36.353836 ], [ -86.812351, 36.353677 ], [ -86.812491, 36.353622 ], [ -86.812871, 36.353574 ], [ -86.812925, 36.353563 ], [ -86.812981, 36.35356 ], [ -86.813184, 36.353534 ], [ -86.813884, 36.353319 ], [ -86.814638, 36.353105 ], [ -86.815168, 36.352902 ], [ -86.815372, 36.352797 ], [ -86.815664, 36.352759 ], [ -86.815936, 36.352825 ], [ -86.81667, 36.352968 ], [ -86.817016, 36.353143 ], [ -86.817288, 36.353023 ], [ -86.817594, 36.352869 ], [ -86.817954, 36.35277 ], [ -86.818436, 36.352874 ], [ -86.818647, 36.352874 ], [ -86.818844, 36.352753 ], [ -86.818889, 36.352704 ], [ -86.819113, 36.352454 ], [ -86.819341, 36.352307 ], [ -86.819516, 36.352226 ], [ -86.819698, 36.352194 ], [ -86.820181, 36.352255 ], [ -86.820482, 36.352255 ], [ -86.820724, 36.352223 ], [ -86.820852, 36.352169 ], [ -86.820993, 36.352017 ], [ -86.821235, 36.351816 ], [ -86.821671, 36.351675 ], [ -86.821974, 36.351632 ], [ -86.822779, 36.351677 ], [ -86.822933, 36.351705 ], [ -86.823083, 36.351648 ], [ -86.823151, 36.351622 ], [ -86.823311, 36.351523 ], [ -86.823386, 36.351478 ], [ -86.823613, 36.351385 ], [ -86.823882, 36.35133 ], [ -86.824075, 36.351275 ], [ -86.824162, 36.351153 ], [ -86.824269, 36.351002 ], [ -86.824385, 36.350786 ], [ -86.824491, 36.35059 ], [ -86.824518, 36.350475 ], [ -86.824583, 36.3502 ], [ -86.82468, 36.349977 ], [ -86.824784, 36.349872 ], [ -86.825053, 36.349817 ], [ -86.825506, 36.349786 ], [ -86.825538, 36.349771 ], [ -86.825631, 36.349734 ], [ -86.825915, 36.349635 ], [ -86.826423, 36.349882 ], [ -86.82587, 36.350304 ], [ -86.825777, 36.35037 ], [ -86.825696, 36.350699 ], [ -86.826409, 36.351273 ], [ -86.826578, 36.351409 ], [ -86.826622, 36.351445 ], [ -86.826787, 36.351524 ], [ -86.827249, 36.351747 ], [ -86.82809, 36.352167 ], [ -86.828363, 36.352304 ], [ -86.828613, 36.352455 ], [ -86.82866, 36.352483 ], [ -86.829011, 36.352695 ], [ -86.828975, 36.352724 ], [ -86.82894, 36.352758 ], [ -86.828903, 36.352806 ], [ -86.828876, 36.352859 ], [ -86.828866, 36.352886 ], [ -86.828856, 36.352929 ], [ -86.828852, 36.35297 ], [ -86.828853, 36.352999 ], [ -86.828862, 36.353055 ], [ -86.828882, 36.35311 ], [ -86.828895, 36.353136 ], [ -86.828912, 36.353161 ], [ -86.82893, 36.353185 ], [ -86.828951, 36.353208 ], [ -86.828998, 36.35325 ], [ -86.829053, 36.353286 ], [ -86.829472, 36.353336 ], [ -86.829918, 36.353394 ], [ -86.830206, 36.35343 ], [ -86.830288, 36.353546 ], [ -86.830479, 36.353823 ], [ -86.830558, 36.353918 ], [ -86.830629, 36.354016 ], [ -86.830693, 36.354117 ], [ -86.830722, 36.354169 ], [ -86.830727, 36.354192 ], [ -86.830737, 36.354219 ], [ -86.830756, 36.35425 ], [ -86.83078, 36.354278 ], [ -86.830791, 36.354288 ], [ -86.83081, 36.354303 ], [ -86.830827, 36.354313 ], [ -86.830853, 36.354365 ], [ -86.830863, 36.354392 ], [ -86.830878, 36.354447 ], [ -86.830885, 36.354502 ], [ -86.830884, 36.354544 ], [ -86.830879, 36.354586 ], [ -86.830871, 36.354632 ], [ -86.830856, 36.354735 ], [ -86.83085, 36.354834 ], [ -86.830844, 36.354917 ], [ -86.830728, 36.355995 ], [ -86.832599, 36.356187 ], [ -86.83301, 36.356832 ], [ -86.833756, 36.356724 ], [ -86.833729, 36.356834 ], [ -86.833653, 36.357195 ], [ -86.833633, 36.357307 ], [ -86.833619, 36.35739 ], [ -86.8336, 36.357471 ], [ -86.833599, 36.357526 ], [ -86.833602, 36.357553 ], [ -86.833626, 36.357633 ], [ -86.83367, 36.357708 ], [ -86.833733, 36.357772 ], [ -86.833811, 36.357825 ], [ -86.833902, 36.357863 ], [ -86.833969, 36.357877 ], [ -86.834068, 36.357888 ], [ -86.834241, 36.357894 ], [ -86.834414, 36.357891 ], [ -86.834689, 36.357864 ], [ -86.834687, 36.358044 ], [ -86.834514, 36.359843 ], [ -86.836614, 36.360246 ], [ -86.836773, 36.35838 ], [ -86.837183, 36.358467 ], [ -86.837957, 36.358785 ], [ -86.838134, 36.358911 ], [ -86.838644, 36.359378 ], [ -86.838861, 36.359615 ], [ -86.839004, 36.359928 ], [ -86.839507, 36.360785 ], [ -86.839657, 36.360939 ], [ -86.840078, 36.361159 ], [ -86.840513, 36.361417 ], [ -86.840805, 36.361741 ], [ -86.840962, 36.361939 ], [ -86.841043, 36.362208 ], [ -86.841023, 36.362318 ], [ -86.84086, 36.362461 ], [ -86.840772, 36.362566 ], [ -86.840751, 36.362741 ], [ -86.84084, 36.362901 ], [ -86.841295, 36.363219 ], [ -86.841594, 36.363285 ], [ -86.841907, 36.363236 ], [ -86.842192, 36.363219 ], [ -86.842566, 36.363269 ], [ -86.843171, 36.363554 ], [ -86.844075, 36.36406 ], [ -86.844183, 36.364213 ], [ -86.844265, 36.364642 ], [ -86.844469, 36.365148 ], [ -86.844693, 36.365285 ], [ -86.845183, 36.36545 ], [ -86.846025, 36.365702 ], [ -86.846556, 36.365785 ], [ -86.846841, 36.365845 ], [ -86.847167, 36.365971 ], [ -86.847616, 36.366246 ], [ -86.84799, 36.366444 ], [ -86.848289, 36.366526 ], [ -86.848554, 36.366537 ], [ -86.848812, 36.366526 ], [ -86.849349, 36.36641 ], [ -86.849661, 36.366377 ], [ -86.850083, 36.366416 ], [ -86.850681, 36.366613 ], [ -86.851136, 36.366866 ], [ -86.851442, 36.367102 ], [ -86.851558, 36.36736 ], [ -86.851666, 36.367718 ], [ -86.851646, 36.367926 ], [ -86.851646, 36.368091 ], [ -86.851816, 36.368245 ], [ -86.852265, 36.368751 ], [ -86.852639, 36.36908 ], [ -86.852863, 36.369223 ], [ -86.853454, 36.369179 ], [ -86.853801, 36.369437 ], [ -86.854037, 36.369561 ], [ -86.854299, 36.369796 ], [ -86.853303, 36.377245 ], [ -86.852919, 36.380135 ], [ -86.857531, 36.380619 ], [ -86.858665, 36.380738 ], [ -86.862796, 36.381171 ], [ -86.862783, 36.381035 ], [ -86.862622, 36.377938 ], [ -86.862584, 36.377239 ], [ -86.862326, 36.372447 ], [ -86.862295, 36.371865 ], [ -86.862274, 36.371479 ], [ -86.862213, 36.370357 ], [ -86.862195, 36.369824 ], [ -86.862191, 36.369703 ], [ -86.86214, 36.369569 ], [ -86.862582, 36.369694 ], [ -86.862683, 36.369719 ], [ -86.862709, 36.369726 ], [ -86.863023, 36.369802 ], [ -86.863305, 36.369883 ], [ -86.863488, 36.369942 ], [ -86.864105, 36.370144 ], [ -86.864219, 36.370182 ], [ -86.864534, 36.370294 ], [ -86.864823, 36.370422 ], [ -86.865087, 36.370547 ], [ -86.865446, 36.370703 ], [ -86.865673, 36.370842 ], [ -86.865755, 36.370907 ], [ -86.865857, 36.370988 ], [ -86.866004, 36.371093 ], [ -86.866059, 36.371132 ], [ -86.866212, 36.371301 ], [ -86.866351, 36.371455 ], [ -86.866393, 36.371514 ], [ -86.866585, 36.371785 ], [ -86.866763, 36.371854 ], [ -86.86717, 36.371845 ], [ -86.867254, 36.371862 ], [ -86.867431, 36.371888 ], [ -86.867585, 36.37198 ], [ -86.8677, 36.372057 ], [ -86.867774, 36.372107 ], [ -86.867929, 36.372211 ], [ -86.868116, 36.372348 ], [ -86.868277, 36.372459 ], [ -86.86837, 36.372515 ], [ -86.86848, 36.372569 ], [ -86.868578, 36.372617 ], [ -86.868635, 36.372641 ], [ -86.868714, 36.372675 ], [ -86.86887, 36.372771 ], [ -86.86895, 36.372827 ], [ -86.869054, 36.372921 ], [ -86.869175, 36.373052 ], [ -86.869258, 36.373135 ], [ -86.86933, 36.373245 ], [ -86.8694, 36.373333 ], [ -86.869447, 36.373651 ], [ -86.869753, 36.373888 ], [ -86.870168, 36.37419 ], [ -86.87046, 36.374211 ], [ -86.871337, 36.374079 ], [ -86.87152, 36.374129 ], [ -86.871765, 36.374211 ], [ -86.871915, 36.374238 ], [ -86.872166, 36.374227 ], [ -86.872812, 36.374078 ], [ -86.873355, 36.374007 ], [ -86.873926, 36.373858 ], [ -86.874334, 36.373698 ], [ -86.874497, 36.373501 ], [ -86.874584, 36.373415 ], [ -86.874677, 36.373293 ], [ -86.874704, 36.373232 ], [ -86.874736, 36.373163 ], [ -86.874759, 36.373024 ], [ -86.87475, 36.372952 ], [ -86.874999, 36.372841 ], [ -86.875053, 36.372802 ], [ -86.875237, 36.372313 ], [ -86.875346, 36.372225 ], [ -86.8757, 36.372006 ], [ -86.875765, 36.371994 ], [ -86.875867, 36.371929 ], [ -86.875988, 36.3719 ], [ -86.876116, 36.371892 ], [ -86.876244, 36.371892 ], [ -86.87631, 36.371894 ], [ -86.876379, 36.371893 ], [ -86.876485, 36.371895 ], [ -86.876521, 36.371896 ], [ -86.876591, 36.371902 ], [ -86.876661, 36.37191 ], [ -86.876731, 36.37192 ], [ -86.8768, 36.371932 ], [ -86.876869, 36.371947 ], [ -86.876958, 36.371977 ], [ -86.87702, 36.371998 ], [ -86.877079, 36.372018 ], [ -86.877146, 36.372041 ], [ -86.877297, 36.372091 ], [ -86.877483, 36.372191 ], [ -86.877636, 36.372309 ], [ -86.877798, 36.372446 ], [ -86.877906, 36.372612 ], [ -86.877925, 36.372836 ], [ -86.878032, 36.373209 ], [ -86.878125, 36.373454 ], [ -86.878199, 36.373602 ], [ -86.878244, 36.373709 ], [ -86.878606, 36.374029 ], [ -86.878681, 36.374194 ], [ -86.87883, 36.374678 ], [ -86.878782, 36.375052 ], [ -86.878694, 36.375459 ], [ -86.878687, 36.37569 ], [ -86.878642, 36.376094 ], [ -86.878684, 36.376308 ], [ -86.878615, 36.376438 ], [ -86.878476, 36.37663 ], [ -86.878359, 36.376902 ], [ -86.878359, 36.377009 ], [ -86.878395, 36.377116 ], [ -86.878563, 36.377278 ], [ -86.878606, 36.377492 ], [ -86.878608, 36.37782 ], [ -86.878533, 36.378367 ], [ -86.878611, 36.378631 ], [ -86.878649, 36.378677 ], [ -86.879754, 36.379991 ], [ -86.880076, 36.38022 ], [ -86.880818, 36.380854 ], [ -86.881013, 36.380909 ], [ -86.881187, 36.38092 ], [ -86.881376, 36.380851 ], [ -86.881695, 36.380551 ], [ -86.882001, 36.380391 ], [ -86.882447, 36.38031 ], [ -86.882809, 36.380275 ], [ -86.88318, 36.380289 ], [ -86.883403, 36.380333 ], [ -86.883711, 36.380569 ], [ -86.883914, 36.380743 ], [ -86.884061, 36.380821 ], [ -86.884305, 36.380888 ], [ -86.884374, 36.380932 ], [ -86.884612, 36.381123 ], [ -86.884857, 36.381268 ], [ -86.885634, 36.381777 ], [ -86.885893, 36.38212 ], [ -86.886027, 36.38234 ], [ -86.886097, 36.382486 ], [ -86.886399, 36.382778 ], [ -86.886645, 36.383182 ], [ -86.886688, 36.383402 ], [ -86.886543, 36.383747 ], [ -86.886495, 36.384023 ], [ -86.886522, 36.384093 ], [ -86.886565, 36.384212 ], [ -86.886932, 36.384542 ], [ -86.888339, 36.38568 ], [ -86.888992, 36.386428 ], [ -86.889257, 36.38667 ], [ -86.890195, 36.386994 ], [ -86.890523, 36.387053 ], [ -86.89059, 36.387065 ], [ -86.890655, 36.387077 ], [ -86.890967, 36.387264 ], [ -86.891246, 36.387418 ], [ -86.8915, 36.38762 ], [ -86.892057, 36.387896 ], [ -86.893406, 36.388212 ], [ -86.893676, 36.388331 ], [ -86.893861, 36.388528 ], [ -86.89405, 36.388901 ], [ -86.894298, 36.389097 ], [ -86.89697, 36.389464 ], [ -86.897518, 36.3896 ], [ -86.898196, 36.389921 ], [ -86.898531, 36.389974 ], [ -86.898908, 36.389969 ], [ -86.898938, 36.389979 ], [ -86.898957, 36.389967 ], [ -86.899134, 36.389962 ], [ -86.899595, 36.389826 ], [ -86.900479, 36.389276 ], [ -86.900872, 36.389106 ], [ -86.901132, 36.389061 ], [ -86.901308, 36.389065 ], [ -86.902186, 36.389258 ], [ -86.90245, 36.389271 ], [ -86.902697, 36.389362 ], [ -86.903281, 36.38954 ], [ -86.904114, 36.389497 ], [ -86.904384, 36.389499 ], [ -86.904764, 36.38959 ], [ -86.907101, 36.390404 ], [ -86.908261, 36.390486 ], [ -86.908675, 36.390457 ], [ -86.909014, 36.390359 ], [ -86.909198, 36.390256 ], [ -86.909354, 36.390128 ], [ -86.90963, 36.389899 ], [ -86.910481, 36.388763 ], [ -86.910869, 36.38814 ], [ -86.911129, 36.3875 ], [ -86.911328, 36.386703 ], [ -86.911522, 36.386232 ], [ -86.91164, 36.386105 ], [ -86.911947, 36.385779 ], [ -86.91239, 36.385213 ], [ -86.912523, 36.384952 ], [ -86.912496, 36.384529 ], [ -86.912544, 36.383823 ], [ -86.912683, 36.383684 ], [ -86.912922, 36.383586 ], [ -86.914208, 36.383541 ], [ -86.914169, 36.383461 ], [ -86.91416, 36.383442 ], [ -86.913774, 36.38321 ], [ -86.913466, 36.382956 ], [ -86.91345, 36.382933 ], [ -86.913406, 36.38287 ], [ -86.913276, 36.382683 ], [ -86.913233, 36.382621 ], [ -86.914416, 36.383147 ], [ -86.915093, 36.383624 ], [ -86.91525, 36.38378 ], [ -86.915794, 36.384848 ], [ -86.916359, 36.385456 ], [ -86.916477, 36.385714 ], [ -86.916938, 36.385845 ], [ -86.917328, 36.385852 ], [ -86.917906, 36.385651 ], [ -86.918113, 36.385657 ], [ -86.918383, 36.385938 ], [ -86.918596, 36.386626 ], [ -86.918789, 36.386858 ], [ -86.919047, 36.387042 ], [ -86.919384, 36.3871 ], [ -86.919582, 36.387092 ], [ -86.919934, 36.386962 ], [ -86.920403, 36.386734 ], [ -86.921133, 36.38638 ], [ -86.923578, 36.385066 ], [ -86.923843, 36.384841 ], [ -86.924247, 36.384394 ], [ -86.924664, 36.383855 ], [ -86.925331, 36.38357 ], [ -86.925919, 36.383431 ], [ -86.926489, 36.383353 ], [ -86.92691, 36.383087 ], [ -86.927556, 36.382769 ], [ -86.927937, 36.382513 ], [ -86.928329, 36.382573 ], [ -86.929917, 36.383156 ], [ -86.931375, 36.383608 ], [ -86.9324, 36.384108 ], [ -86.932974, 36.384506 ], [ -86.933434, 36.384983 ], [ -86.934242, 36.386051 ], [ -86.934837, 36.38704 ], [ -86.935191, 36.387493 ], [ -86.935876, 36.387953 ], [ -86.936177, 36.38802 ], [ -86.93648, 36.38798 ], [ -86.936816, 36.387803 ], [ -86.936992, 36.387643 ], [ -86.937459, 36.386346 ], [ -86.93728, 36.385688 ], [ -86.936618, 36.384486 ], [ -86.936597, 36.38406 ], [ -86.936701, 36.383607 ], [ -86.936617, 36.383162 ], [ -86.936677, 36.382621 ], [ -86.936923, 36.381655 ], [ -86.937254, 36.381116 ], [ -86.937628, 36.380122 ], [ -86.938049, 36.379856 ], [ -86.941076, 36.378514 ], [ -86.941189, 36.378407 ], [ -86.941695, 36.37828 ], [ -86.943171, 36.37823 ], [ -86.943301, 36.378226 ], [ -86.943871, 36.378297 ], [ -86.944607, 36.378446 ], [ -86.946608, 36.379047 ], [ -86.946996, 36.379096 ], [ -86.94934, 36.379377 ], [ -86.94969, 36.37932 ], [ -86.950711, 36.378957 ], [ -86.951959, 36.378675 ], [ -86.952407, 36.378669 ], [ -86.953343, 36.378904 ], [ -86.954148, 36.378872 ], [ -86.954495, 36.37865 ], [ -86.955128, 36.378012 ], [ -86.955697, 36.377565 ], [ -86.956418, 36.376899 ], [ -86.956681, 36.376767 ], [ -86.957022, 36.376687 ], [ -86.957416, 36.376695 ], [ -86.957774, 36.376779 ], [ -86.958516, 36.376973 ], [ -86.959194, 36.377077 ], [ -86.959469, 36.377119 ], [ -86.962311, 36.377128 ], [ -86.963354, 36.376725 ], [ -86.963477, 36.376713 ], [ -86.963885, 36.376675 ], [ -86.964134, 36.376595 ], [ -86.964407, 36.376322 ], [ -86.96474, 36.376106 ], [ -86.964606, 36.375772 ], [ -86.964609, 36.37542 ], [ -86.96453, 36.375173 ], [ -86.96467, 36.375053 ], [ -86.964752, 36.374684 ], [ -86.96477, 36.374662 ], [ -86.964922, 36.374492 ], [ -86.965289, 36.374283 ], [ -86.965771, 36.37408 ], [ -86.967225, 36.374046 ], [ -86.96766, 36.374024 ], [ -86.968245, 36.373914 ], [ -86.96924, 36.373657 ], [ -86.969271, 36.37365 ], [ -86.97078, 36.373391 ], [ -86.970983, 36.373171 ], [ -86.971119, 36.37282 ], [ -86.971145, 36.372661 ], [ -86.971207, 36.372303 ], [ -86.971085, 36.371572 ], [ -86.970799, 36.370429 ], [ -86.9708, 36.370395 ], [ -86.970749, 36.370275 ], [ -86.970744, 36.370262 ], [ -86.970735, 36.370239 ], [ -86.970727, 36.370215 ], [ -86.970719, 36.370189 ], [ -86.970711, 36.370157 ], [ -86.970701, 36.370138 ], [ -86.970691, 36.370118 ], [ -86.970676, 36.370066 ], [ -86.970667, 36.370013 ], [ -86.970665, 36.36996 ], [ -86.970668, 36.369907 ], [ -86.970679, 36.369854 ], [ -86.970694, 36.369805 ], [ -86.970715, 36.369758 ], [ -86.970741, 36.369712 ], [ -86.970772, 36.369668 ], [ -86.970822, 36.369607 ], [ -86.97089, 36.369524 ], [ -86.97098, 36.369406 ], [ -86.971053, 36.369306 ], [ -86.971121, 36.369203 ], [ -86.971183, 36.369099 ], [ -86.971239, 36.368992 ], [ -86.971288, 36.368883 ], [ -86.971334, 36.368764 ], [ -86.971373, 36.368644 ], [ -86.971404, 36.368522 ], [ -86.971426, 36.368435 ], [ -86.971427, 36.368399 ], [ -86.97144, 36.368308 ], [ -86.97145, 36.368169 ], [ -86.971453, 36.36803 ], [ -86.971448, 36.367891 ], [ -86.971434, 36.367386 ], [ -86.971518, 36.367 ], [ -86.971623, 36.366695 ], [ -86.971634, 36.366661 ], [ -86.971638, 36.366646 ], [ -86.971642, 36.366633 ], [ -86.97165, 36.366616 ], [ -86.971658, 36.3666 ], [ -86.971669, 36.366581 ], [ -86.971679, 36.366568 ], [ -86.971689, 36.366555 ], [ -86.971706, 36.366536 ], [ -86.971736, 36.366509 ], [ -86.971767, 36.366487 ], [ -86.971796, 36.366471 ], [ -86.971817, 36.36646 ], [ -86.971834, 36.366453 ], [ -86.972089, 36.366354 ], [ -86.972116, 36.366344 ], [ -86.972184, 36.366319 ], [ -86.972251, 36.366298 ], [ -86.972295, 36.366285 ], [ -86.972359, 36.366268 ], [ -86.972441, 36.366249 ], [ -86.9725, 36.366237 ], [ -86.972546, 36.366229 ], [ -86.972636, 36.366215 ], [ -86.972714, 36.366207 ], [ -86.972778, 36.366201 ], [ -86.972842, 36.366198 ], [ -86.972906, 36.366196 ], [ -86.972947, 36.366195 ], [ -86.972991, 36.366196 ], [ -86.973052, 36.366197 ], [ -86.973109, 36.3662 ], [ -86.97316, 36.366204 ], [ -86.973194, 36.366207 ], [ -86.973251, 36.366214 ], [ -86.973317, 36.366223 ], [ -86.973367, 36.366231 ], [ -86.97341, 36.366239 ], [ -86.973454, 36.366248 ], [ -86.97499, 36.366569 ], [ -86.975605, 36.366698 ], [ -86.97562, 36.366701 ], [ -86.975646, 36.366706 ], [ -86.975673, 36.366712 ], [ -86.975718, 36.366722 ], [ -86.975756, 36.366731 ], [ -86.975797, 36.36674 ], [ -86.975827, 36.366747 ], [ -86.975857, 36.366754 ], [ -86.975887, 36.366762 ], [ -86.975913, 36.366768 ], [ -86.975943, 36.366775 ], [ -86.975999, 36.36679 ], [ -86.976044, 36.366801 ], [ -86.976089, 36.366813 ], [ -86.976118, 36.366821 ], [ -86.976167, 36.366834 ], [ -86.976207, 36.366846 ], [ -86.976277, 36.366866 ], [ -86.976307, 36.366875 ], [ -86.976354, 36.366889 ], [ -86.97642, 36.366909 ], [ -86.976457, 36.366921 ], [ -86.97649, 36.366931 ], [ -86.976522, 36.366942 ], [ -86.976562, 36.366955 ], [ -86.976595, 36.366965 ], [ -86.976635, 36.366979 ], [ -86.976689, 36.366997 ], [ -86.976742, 36.367016 ], [ -86.976778, 36.367029 ], [ -86.976825, 36.367046 ], [ -86.976864, 36.36706 ], [ -86.976925, 36.367087 ], [ -86.976956, 36.367095 ], [ -86.976966, 36.367099 ], [ -86.976977, 36.367104 ], [ -86.976995, 36.36711 ], [ -86.977009, 36.367116 ], [ -86.977026, 36.367123 ], [ -86.97704, 36.367129 ], [ -86.977054, 36.367134 ], [ -86.977075, 36.367143 ], [ -86.977107, 36.367155 ], [ -86.977131, 36.367165 ], [ -86.977156, 36.367175 ], [ -86.977201, 36.367194 ], [ -86.977222, 36.367203 ], [ -86.977243, 36.367212 ], [ -86.977263, 36.367221 ], [ -86.977284, 36.36723 ], [ -86.977301, 36.367238 ], [ -86.977322, 36.367247 ], [ -86.977359, 36.367263 ], [ -86.97739, 36.367277 ], [ -86.977407, 36.367285 ], [ -86.978482, 36.367775 ], [ -86.978494, 36.36778 ], [ -86.978509, 36.367787 ], [ -86.978527, 36.367795 ], [ -86.978541, 36.367802 ], [ -86.978556, 36.367809 ], [ -86.978579, 36.36782 ], [ -86.978596, 36.367829 ], [ -86.978617, 36.367839 ], [ -86.978637, 36.367849 ], [ -86.978654, 36.367858 ], [ -86.978671, 36.367867 ], [ -86.978685, 36.367874 ], [ -86.978699, 36.367882 ], [ -86.978713, 36.36789 ], [ -86.978733, 36.3679 ], [ -86.978747, 36.367908 ], [ -86.978772, 36.367922 ], [ -86.978794, 36.367935 ], [ -86.978816, 36.367948 ], [ -86.978833, 36.367957 ], [ -86.978854, 36.36797 ], [ -86.978871, 36.36798 ], [ -86.978889, 36.367992 ], [ -86.9789, 36.367998 ], [ -86.978922, 36.368012 ], [ -86.978932, 36.368019 ], [ -86.978946, 36.368027 ], [ -86.978969, 36.368043 ], [ -86.97898, 36.36805 ], [ -86.97899, 36.368057 ], [ -86.979008, 36.368069 ], [ -86.979021, 36.368078 ], [ -86.979037, 36.368088 ], [ -86.97905, 36.368097 ], [ -86.979068, 36.36811 ], [ -86.979088, 36.368125 ], [ -86.979103, 36.368135 ], [ -86.979116, 36.368145 ], [ -86.979131, 36.368156 ], [ -86.979141, 36.368163 ], [ -86.979153, 36.368173 ], [ -86.97917, 36.368186 ], [ -86.979182, 36.368195 ], [ -86.979195, 36.368205 ], [ -86.979207, 36.368214 ], [ -86.979224, 36.368228 ], [ -86.979238, 36.368239 ], [ -86.979257, 36.368255 ], [ -86.979276, 36.368271 ], [ -86.979292, 36.368285 ], [ -86.979309, 36.368298 ], [ -86.979323, 36.368311 ], [ -86.979336, 36.368323 ], [ -86.979355, 36.368339 ], [ -86.979375, 36.368357 ], [ -86.979388, 36.36837 ], [ -86.980136, 36.369059 ], [ -86.980862, 36.369729 ], [ -86.980873, 36.369739 ], [ -86.980888, 36.369753 ], [ -86.980898, 36.369763 ], [ -86.980908, 36.369774 ], [ -86.980918, 36.369784 ], [ -86.980936, 36.369803 ], [ -86.980951, 36.36982 ], [ -86.980963, 36.369832 ], [ -86.980974, 36.369845 ], [ -86.980985, 36.369858 ], [ -86.980998, 36.369873 ], [ -86.98101, 36.369889 ], [ -86.98102, 36.369902 ], [ -86.981031, 36.369915 ], [ -86.981044, 36.369933 ], [ -86.981054, 36.369947 ], [ -86.981065, 36.369963 ], [ -86.981074, 36.369977 ], [ -86.981087, 36.369995 ], [ -86.981096, 36.370009 ], [ -86.981108, 36.370028 ], [ -86.981119, 36.370045 ], [ -86.981133, 36.370066 ], [ -86.981145, 36.370083 ], [ -86.981165, 36.370111 ], [ -86.98118, 36.370132 ], [ -86.981195, 36.370153 ], [ -86.981206, 36.370167 ], [ -86.981216, 36.37018 ], [ -86.981225, 36.370192 ], [ -86.981238, 36.370208 ], [ -86.981252, 36.370226 ], [ -86.981263, 36.370239 ], [ -86.981276, 36.370255 ], [ -86.981288, 36.370269 ], [ -86.981314, 36.3703 ], [ -86.981328, 36.370315 ], [ -86.981336, 36.370324 ], [ -86.981348, 36.370337 ], [ -86.98136, 36.37035 ], [ -86.981374, 36.370365 ], [ -86.981384, 36.370375 ], [ -86.981392, 36.370384 ], [ -86.9814, 36.370393 ], [ -86.981417, 36.370409 ], [ -86.981444, 36.370438 ], [ -86.982155, 36.371123 ], [ -86.98246, 36.371316 ], [ -86.982841, 36.371447 ], [ -86.98331, 36.371486 ], [ -86.983709, 36.371452 ], [ -86.984092, 36.371419 ], [ -86.984361, 36.371347 ], [ -86.985002, 36.371177 ], [ -86.985396, 36.37104 ], [ -86.985695, 36.37088 ], [ -86.985967, 36.370655 ], [ -86.986086, 36.370474 ], [ -86.986164, 36.370358 ], [ -86.986245, 36.369841 ], [ -86.986231, 36.369766 ], [ -86.986191, 36.369544 ], [ -86.986181, 36.369486 ], [ -86.986188, 36.369472 ], [ -86.986175, 36.369452 ], [ -86.986163, 36.369385 ], [ -86.986138, 36.369343 ], [ -86.98604, 36.369182 ], [ -86.985893, 36.369004 ], [ -86.985804, 36.368897 ], [ -86.985715, 36.368621 ], [ -86.985535, 36.368386 ], [ -86.985261, 36.368163 ], [ -86.985209, 36.368132 ], [ -86.984678, 36.367924 ], [ -86.984367, 36.367726 ], [ -86.984188, 36.367365 ], [ -86.983901, 36.366622 ], [ -86.983612, 36.365874 ], [ -86.983923, 36.365659 ], [ -86.984306, 36.365377 ], [ -86.984496, 36.365097 ], [ -86.985194, 36.366009 ], [ -86.986178, 36.367294 ], [ -86.987558, 36.369096 ], [ -86.987691, 36.369271 ], [ -86.987998, 36.369674 ], [ -86.988728, 36.370625 ], [ -86.988759, 36.370665 ], [ -86.988795, 36.370711 ], [ -86.988869, 36.37074 ], [ -86.989091, 36.371037 ], [ -86.989283, 36.371294 ], [ -86.989766, 36.37194 ], [ -86.989991, 36.37224 ], [ -86.990413, 36.372802 ], [ -86.991679, 36.374488 ], [ -86.992101, 36.37505 ], [ -86.992274, 36.375288 ], [ -86.992793, 36.376002 ], [ -86.992967, 36.37624 ], [ -86.993189, 36.37654 ], [ -86.993856, 36.377443 ], [ -86.994079, 36.377744 ], [ -86.994117, 36.377795 ], [ -86.994232, 36.377951 ], [ -86.994271, 36.378004 ], [ -86.995385, 36.379511 ], [ -86.995596, 36.379796 ], [ -86.996025, 36.380377 ], [ -86.99815, 36.383074 ], [ -86.99884, 36.38395 ], [ -87.000001, 36.385424 ], [ -87.000001, 36.385436 ], [ -87.000001, 36.385474 ], [ -87.000001, 36.385487 ], [ -87.000002, 36.385499 ], [ -87.000882, 36.386637 ], [ -87.003547, 36.390083 ], [ -87.004436, 36.391232 ], [ -87.005364, 36.392392 ], [ -87.008863, 36.393667 ], [ -87.010968, 36.394437 ], [ -87.01305, 36.395195 ], [ -87.013805, 36.395469 ], [ -87.016499, 36.396451 ], [ -87.017526, 36.396825 ], [ -87.017979, 36.396989 ], [ -87.019712, 36.397621 ], [ -87.021318, 36.39821 ], [ -87.026138, 36.399979 ], [ -87.027389, 36.400438 ], [ -87.027498, 36.400478 ], [ -87.02752, 36.400486 ], [ -87.027684, 36.400527 ], [ -87.027745, 36.400564 ], [ -87.027853, 36.400627 ], [ -87.028125, 36.400788 ], [ -87.029266, 36.40146 ], [ -87.029647, 36.401684 ], [ -87.029668, 36.401696 ], [ -87.029732, 36.401735 ], [ -87.029754, 36.401748 ], [ -87.030377, 36.402114 ], [ -87.032246, 36.403215 ], [ -87.032322, 36.40326 ], [ -87.032871, 36.403583 ], [ -87.032941, 36.403624 ], [ -87.03592, 36.405379 ], [ -87.036368, 36.405643 ], [ -87.037712, 36.406435 ], [ -87.03816, 36.406699 ], [ -87.038411, 36.406846 ], [ -87.039165, 36.40729 ], [ -87.039417, 36.407438 ], [ -87.040394, 36.408014 ], [ -87.043325, 36.409742 ], [ -87.044302, 36.410318 ], [ -87.045575, 36.411067 ], [ -87.045679, 36.411128 ], [ -87.045782, 36.411189 ], [ -87.04807, 36.412536 ], [ -87.059374, 36.419195 ], [ -87.063143, 36.421415 ], [ -87.065147, 36.422612 ], [ -87.071159, 36.426206 ], [ -87.073163, 36.427404 ], [ -87.073241, 36.427454 ], [ -87.0733, 36.427493 ], [ -87.073479, 36.427603 ], [ -87.073559, 36.427653 ], [ -87.07508, 36.428537 ], [ -87.077447, 36.429913 ], [ -87.077518, 36.429954 ], [ -87.079642, 36.431189 ], [ -87.081164, 36.432074 ], [ -87.08148, 36.43226 ], [ -87.082429, 36.432821 ], [ -87.082746, 36.433008 ], [ -87.083244, 36.433301 ], [ -87.083353, 36.433366 ], [ -87.083441, 36.433418 ], [ -87.084602, 36.434104 ], [ -87.084669, 36.434144 ], [ -87.090173, 36.437393 ], [ -87.09203, 36.43849 ], [ -87.095044, 36.440269 ], [ -87.09455, 36.445039 ], [ -87.09651, 36.44516 ], [ -87.096528, 36.445442 ], [ -87.097901, 36.445586 ], [ -87.098277, 36.44233 ], [ -87.100116, 36.443419 ], [ -87.100382, 36.443576 ], [ -87.100648, 36.443734 ], [ -87.100785, 36.443815 ], [ -87.101106, 36.444005 ], [ -87.101427, 36.444195 ], [ -87.101742, 36.444382 ], [ -87.106155, 36.446996 ], [ -87.106189, 36.447016 ], [ -87.106291, 36.447076 ], [ -87.106326, 36.447097 ], [ -87.107287, 36.447666 ], [ -87.110173, 36.449374 ], [ -87.110744, 36.449713 ], [ -87.110836, 36.449768 ], [ -87.110928, 36.449822 ], [ -87.111135, 36.449944 ], [ -87.111371, 36.450084 ], [ -87.112082, 36.450506 ], [ -87.11232, 36.450647 ], [ -87.112963, 36.451028 ], [ -87.114894, 36.452172 ], [ -87.115538, 36.452554 ], [ -87.115882, 36.452758 ], [ -87.116914, 36.45337 ], [ -87.117259, 36.453575 ], [ -87.117855, 36.453927 ], [ -87.119643, 36.454986 ], [ -87.120239, 36.455339 ], [ -87.120279, 36.455363 ], [ -87.120402, 36.455435 ], [ -87.120443, 36.45546 ], [ -87.120406, 36.455706 ], [ -87.120294, 36.456444 ], [ -87.120258, 36.456691 ], [ -87.120249, 36.45675 ], [ -87.119948, 36.458761 ], [ -87.119598, 36.461107 ], [ -87.123487, 36.461486 ], [ -87.123957, 36.461532 ], [ -87.125003, 36.461634 ], [ -87.125572, 36.461683 ], [ -87.12573, 36.461697 ], [ -87.126837, 36.461792 ], [ -87.128677, 36.46195 ], [ -87.128355, 36.463888 ], [ -87.128338, 36.463988 ], [ -87.128204, 36.464802 ], [ -87.128149, 36.465142 ], [ -87.128101, 36.465431 ], [ -87.128048, 36.465752 ], [ -87.127746, 36.467581 ], [ -87.127646, 36.468193 ], [ -87.1276, 36.468459 ], [ -87.127528, 36.468887 ], [ -87.127466, 36.46926 ], [ -87.127422, 36.469528 ], [ -87.126697, 36.47387 ], [ -87.126592, 36.474469 ], [ -87.126279, 36.476266 ], [ -87.126175, 36.476866 ], [ -87.126175, 36.476907 ], [ -87.126175, 36.47703 ], [ -87.126175, 36.477072 ], [ -87.126145, 36.477244 ], [ -87.126057, 36.477763 ], [ -87.126028, 36.477936 ], [ -87.126022, 36.477968 ], [ -87.126005, 36.478068 ], [ -87.126004, 36.478079 ], [ -87.126, 36.478102 ], [ -87.125973, 36.478265 ], [ -87.1258, 36.479293 ], [ -87.125202, 36.482868 ], [ -87.125003, 36.48406 ], [ -87.124798, 36.484961 ], [ -87.124186, 36.487666 ], [ -87.123982, 36.488568 ], [ -87.124, 36.488606 ], [ -87.124054, 36.488723 ], [ -87.124073, 36.488762 ], [ -87.124055, 36.488816 ], [ -87.123985, 36.489431 ], [ -87.123902, 36.490171 ], [ -87.123865, 36.490367 ], [ -87.123724, 36.491208 ], [ -87.123688, 36.491437 ], [ -87.123634, 36.491795 ], [ -87.123588, 36.492006 ], [ -87.123582, 36.492106 ], [ -87.123557, 36.492341 ], [ -87.123511, 36.493054 ], [ -87.123503, 36.49319 ], [ -87.123425, 36.493257 ], [ -87.123239, 36.493409 ], [ -87.123237, 36.49349 ], [ -87.123235, 36.493624 ], [ -87.123225, 36.494458 ], [ -87.123222, 36.494781 ], [ -87.123162, 36.494975 ], [ -87.122983, 36.49556 ], [ -87.12295, 36.495669 ], [ -87.122936, 36.495758 ], [ -87.122658, 36.497505 ], [ -87.122255, 36.500046 ], [ -87.121874, 36.502756 ], [ -87.121629, 36.504509 ], [ -87.121545, 36.505102 ], [ -87.121295, 36.506883 ], [ -87.12128, 36.50699 ], [ -87.121254, 36.507176 ], [ -87.121228, 36.507361 ], [ -87.121215, 36.507456 ], [ -87.121212, 36.507477 ], [ -87.121101, 36.50817 ], [ -87.120767, 36.510249 ], [ -87.120657, 36.510943 ], [ -87.118947, 36.510692 ], [ -87.117643, 36.510501 ], [ -87.116365, 36.514149 ], [ -87.115795, 36.515781 ], [ -87.115765, 36.515855 ], [ -87.114966, 36.518131 ], [ -87.113244, 36.523046 ], [ -87.115498, 36.523306 ], [ -87.117974, 36.523591 ], [ -87.118104, 36.523606 ], [ -87.118495, 36.523651 ], [ -87.118626, 36.523667 ], [ -87.118331, 36.525514 ], [ -87.117448, 36.531058 ], [ -87.117154, 36.532906 ], [ -87.117075, 36.533399 ], [ -87.116837, 36.534879 ], [ -87.116759, 36.535373 ], [ -87.116736, 36.535512 ], [ -87.116669, 36.535929 ], [ -87.116648, 36.536069 ], [ -87.116613, 36.536283 ], [ -87.11651, 36.536926 ], [ -87.116477, 36.537141 ], [ -87.116434, 36.537407 ], [ -87.11641, 36.537555 ], [ -87.116212, 36.538797 ], [ -87.116167, 36.539085 ], [ -87.116157, 36.539148 ], [ -87.116147, 36.539212 ], [ -87.116161, 36.539209 ], [ -87.116517, 36.539064 ], [ -87.117148, 36.538929 ], [ -87.117462, 36.538925 ], [ -87.117814, 36.53908 ], [ -87.118168, 36.539113 ], [ -87.118558, 36.539041 ], [ -87.119279, 36.538759 ], [ -87.119724, 36.538729 ], [ -87.120063, 36.538814 ], [ -87.121053, 36.53942 ], [ -87.121522, 36.53998 ], [ -87.121814, 36.540651 ], [ -87.122036, 36.54159 ], [ -87.122028, 36.542051 ], [ -87.121936, 36.54247 ], [ -87.12108, 36.54411 ], [ -87.120792, 36.545076 ], [ -87.120065, 36.546049 ], [ -87.119538, 36.546617 ], [ -87.118881, 36.547217 ], [ -87.118449, 36.547752 ], [ -87.118047, 36.548579 ], [ -87.117849, 36.549122 ], [ -87.117722, 36.549641 ], [ -87.117748, 36.549815 ], [ -87.11782, 36.549904 ], [ -87.118066, 36.550057 ], [ -87.119002, 36.550386 ], [ -87.119627, 36.550384 ], [ -87.120293, 36.55045 ], [ -87.12108, 36.550321 ], [ -87.122305, 36.549882 ], [ -87.123766, 36.549111 ], [ -87.124383, 36.548698 ], [ -87.124913, 36.548261 ], [ -87.125619, 36.54788 ], [ -87.126515, 36.547295 ], [ -87.128017, 36.546909 ], [ -87.129087, 36.546461 ], [ -87.129347, 36.546415 ], [ -87.129672, 36.546523 ], [ -87.130993, 36.547585 ], [ -87.131443, 36.548066 ], [ -87.131792, 36.548797 ], [ -87.131851, 36.549184 ], [ -87.131808, 36.549678 ], [ -87.131271, 36.551477 ], [ -87.131117, 36.551876 ], [ -87.131042, 36.552214 ], [ -87.131043, 36.552234 ], [ -87.131072, 36.552607 ], [ -87.131205, 36.552877 ], [ -87.131496, 36.553442 ], [ -87.13158, 36.553727 ], [ -87.131671, 36.553787 ], [ -87.131853, 36.553802 ], [ -87.132644, 36.553646 ], [ -87.133382, 36.553366 ], [ -87.134049, 36.553028 ], [ -87.135238, 36.552282 ], [ -87.135466, 36.552107 ], [ -87.135689, 36.552015 ], [ -87.135968, 36.552005 ], [ -87.136203, 36.55206 ], [ -87.136774, 36.552299 ], [ -87.138965, 36.553358 ], [ -87.139426, 36.553593 ], [ -87.1399, 36.553836 ], [ -87.140177, 36.554049 ], [ -87.140286, 36.554133 ], [ -87.140339, 36.554191 ], [ -87.140599, 36.554481 ], [ -87.140973, 36.554719 ], [ -87.141202, 36.554866 ], [ -87.141268, 36.554908 ], [ -87.140679, 36.555546 ], [ -87.14032, 36.556077 ], [ -87.13996, 36.556347 ], [ -87.139751, 36.556578 ], [ -87.138585, 36.55724 ], [ -87.138129, 36.557632 ], [ -87.137368, 36.55855 ], [ -87.137193, 36.558953 ], [ -87.137109, 36.5593 ], [ -87.137088, 36.559654 ], [ -87.137184, 36.560108 ], [ -87.137478, 36.560929 ], [ -87.137813, 36.561627 ], [ -87.137809, 36.561801 ], [ -87.137942, 36.562028 ], [ -87.13796, 36.562058 ], [ -87.138246, 36.562281 ], [ -87.138477, 36.562388 ], [ -87.13882, 36.562471 ], [ -87.139526, 36.56252 ], [ -87.140355, 36.562779 ], [ -87.14045, 36.562853 ], [ -87.140498, 36.56299 ], [ -87.141088, 36.563335 ], [ -87.141535, 36.563503 ], [ -87.141954, 36.563629 ], [ -87.142576, 36.563706 ], [ -87.143325, 36.563612 ], [ -87.14506, 36.56315 ], [ -87.14631, 36.563053 ], [ -87.14779, 36.563109 ], [ -87.148663, 36.563279 ], [ -87.149161, 36.563438 ], [ -87.14945, 36.563605 ], [ -87.150004, 36.564016 ], [ -87.150145, 36.56435 ], [ -87.150341, 36.565257 ], [ -87.150371, 36.566824 ], [ -87.150233, 36.567702 ], [ -87.149986, 36.568234 ], [ -87.149618, 36.568587 ], [ -87.149348, 36.568712 ], [ -87.14913, 36.568752 ], [ -87.148638, 36.56873 ], [ -87.147965, 36.568537 ], [ -87.145548, 36.567689 ], [ -87.144053, 36.567117 ], [ -87.143132, 36.566557 ], [ -87.142102, 36.565575 ], [ -87.14158, 36.565184 ], [ -87.140968, 36.564966 ], [ -87.140844, 36.564922 ], [ -87.140389, 36.564696 ], [ -87.139176, 36.564297 ], [ -87.138646, 36.564031 ], [ -87.138016, 36.563628 ], [ -87.136828, 36.563124 ], [ -87.135598, 36.562789 ], [ -87.134583, 36.562641 ], [ -87.133954, 36.562636 ], [ -87.133346, 36.562763 ], [ -87.133119, 36.562878 ], [ -87.132741, 36.563184 ], [ -87.132592, 36.563402 ], [ -87.132522, 36.56372 ], [ -87.132528, 36.564021 ], [ -87.132546, 36.564787 ], [ -87.132661, 36.565897 ], [ -87.132726, 36.566521 ], [ -87.132888, 36.567025 ], [ -87.133789, 36.568454 ], [ -87.134081, 36.569013 ], [ -87.134226, 36.569679 ], [ -87.134335, 36.570564 ], [ -87.134179, 36.571551 ], [ -87.133995, 36.572101 ], [ -87.133632, 36.57279 ], [ -87.133427, 36.573024 ], [ -87.133103, 36.573269 ], [ -87.132943, 36.57324 ], [ -87.132407, 36.573266 ], [ -87.131849, 36.573144 ], [ -87.131778, 36.573116 ], [ -87.13089, 36.572764 ], [ -87.130039, 36.572303 ], [ -87.129777, 36.572295 ], [ -87.129755, 36.572283 ], [ -87.129735, 36.572377 ], [ -87.129715, 36.57247 ], [ -87.129516, 36.57339 ], [ -87.128802, 36.576713 ], [ -87.128564, 36.577821 ], [ -87.128471, 36.578275 ], [ -87.128194, 36.579641 ], [ -87.128102, 36.580096 ], [ -87.128099, 36.580109 ], [ -87.127683, 36.582073 ], [ -87.126428, 36.588005 ], [ -87.12601, 36.589983 ], [ -87.125957, 36.590236 ], [ -87.12589, 36.590547 ], [ -87.125532, 36.592239 ], [ -87.125413, 36.592803 ], [ -87.125407, 36.592836 ], [ -87.125002, 36.594754 ], [ -87.124725, 36.596113 ], [ -87.122702, 36.606055 ], [ -87.122101, 36.60901 ], [ -87.122078, 36.609124 ], [ -87.122054, 36.609239 ], [ -87.122028, 36.609369 ], [ -87.121848, 36.610082 ], [ -87.121772, 36.610385 ], [ -87.121699, 36.610676 ], [ -87.121626, 36.610966 ], [ -87.121308, 36.612223 ], [ -87.121129, 36.612937 ], [ -87.121111, 36.613012 ], [ -87.121059, 36.613237 ], [ -87.121043, 36.613313 ], [ -87.121032, 36.613359 ], [ -87.121, 36.613497 ], [ -87.12099, 36.613544 ], [ -87.121164, 36.613688 ], [ -87.123773, 36.615838 ], [ -87.124997, 36.616847 ], [ -87.131292, 36.621995 ], [ -87.130194, 36.621861 ], [ -87.126771, 36.621443 ], [ -87.126757, 36.621601 ], [ -87.126734, 36.621808 ], [ -87.126517, 36.625044 ], [ -87.126128, 36.627663 ], [ -87.125949, 36.628876 ], [ -87.125932, 36.628989 ], [ -87.125767, 36.629001 ], [ -87.125001, 36.629051 ], [ -87.117437, 36.628118 ], [ -87.117115, 36.629986 ], [ -87.11601, 36.636402 ], [ -87.114983, 36.642371 ], [ -87.106152, 36.642467 ], [ -87.105253, 36.64248 ], [ -87.099705, 36.642536 ], [ -87.099373, 36.642536 ], [ -87.096907, 36.642562 ], [ -87.095208, 36.64258 ], [ -87.089437, 36.642612 ], [ -87.085593, 36.64264 ], [ -87.070491, 36.64273 ], [ -87.070339, 36.642734 ], [ -87.060849, 36.642963 ], [ -87.05618, 36.643056 ], [ -87.051168, 36.643154 ], [ -87.050989, 36.643158 ], [ -87.050189, 36.643176 ], [ -87.0198, 36.643855 ], [ -87.01184, 36.644035 ], [ -87.00859, 36.644105 ], [ -87.004721, 36.644191 ], [ -87.004472, 36.644197 ], [ -86.999989, 36.644296 ], [ -86.987462, 36.644337 ], [ -86.981675, 36.644355 ], [ -86.981635, 36.644356 ], [ -86.980882, 36.64437 ], [ -86.973984, 36.644511 ], [ -86.97372, 36.644519 ], [ -86.973459, 36.644524 ], [ -86.966763, 36.644682 ], [ -86.957234, 36.644922 ], [ -86.952133, 36.645035 ], [ -86.945987, 36.64518 ], [ -86.939061, 36.645343 ], [ -86.930065, 36.645515 ], [ -86.928899, 36.645551 ], [ -86.926653, 36.645616 ], [ -86.92586, 36.645639 ], [ -86.919986, 36.645917 ], [ -86.91979, 36.645921 ], [ -86.91974, 36.645922 ], [ -86.910244, 36.646189 ], [ -86.90964, 36.646209 ], [ -86.906583, 36.646308 ], [ -86.906006, 36.646327 ], [ -86.902754, 36.646432 ], [ -86.901056, 36.646487 ], [ -86.900395, 36.646499 ], [ -86.894064, 36.646611 ], [ -86.887761, 36.646667 ], [ -86.882011, 36.646726 ], [ -86.874945, 36.646823 ], [ -86.874392, 36.646827 ], [ -86.868515, 36.646879 ], [ -86.859995, 36.646952 ], [ -86.85404, 36.647006 ], [ -86.851907, 36.647024 ], [ -86.849142, 36.647079 ], [ -86.848867, 36.647084 ], [ -86.846136, 36.647138 ], [ -86.844716, 36.647165 ], [ -86.844583, 36.647168 ], [ -86.843383, 36.647193 ], [ -86.843146, 36.647198 ], [ -86.842942, 36.647202 ], [ -86.842681, 36.647206 ], [ -86.842295, 36.647214 ], [ -86.840813, 36.647244 ], [ -86.834766, 36.647363 ], [ -86.83289, 36.647401 ], [ -86.818411, 36.647687 ], [ -86.812988, 36.647794 ], [ -86.812858, 36.647797 ], [ -86.80551, 36.647969 ], [ -86.803533, 36.648015 ], [ -86.801734, 36.648057 ], [ -86.798386, 36.648135 ], [ -86.796463, 36.64818 ], [ -86.788398, 36.648369 ], [ -86.787599, 36.648387 ], [ -86.77533, 36.648674 ], [ -86.768685, 36.648829 ], [ -86.763296, 36.648954 ], [ -86.760952, 36.648966 ], [ -86.754168, 36.648984 ], [ -86.749904, 36.648939 ], [ -86.744042, 36.648879 ], [ -86.734208, 36.648898 ], [ -86.729415, 36.649001 ], [ -86.721249, 36.649173 ], [ -86.713764, 36.64936 ], [ -86.711948, 36.64941 ], [ -86.711916, 36.649411 ], [ -86.711329, 36.649422 ], [ -86.708046, 36.649501 ], [ -86.699116, 36.649658 ], [ -86.692534, 36.649771 ], [ -86.679197, 36.650154 ], [ -86.679071, 36.650164 ], [ -86.678964, 36.650161 ], [ -86.677581, 36.650202 ], [ -86.675841, 36.650249 ], [ -86.672086, 36.65035 ], [ -86.671913, 36.650355 ], [ -86.664726, 36.65057 ], [ -86.656708, 36.650766 ], [ -86.653037, 36.650862 ], [ -86.651416, 36.650905 ], [ -86.65091, 36.650922 ], [ -86.642066, 36.651153 ], [ -86.636196, 36.651342 ], [ -86.632402, 36.651464 ], [ -86.625986, 36.651642 ], [ -86.623413, 36.651699 ], [ -86.62221, 36.651726 ], [ -86.605986, 36.652086 ], [ -86.604633, 36.652117 ], [ -86.596523, 36.652297 ], [ -86.594227, 36.652348 ], [ -86.589906, 36.652443 ], [ -86.584919, 36.648776 ], [ -86.583215, 36.647524 ], [ -86.577937, 36.643645 ], [ -86.574399, 36.641051 ], [ -86.574061, 36.640802 ], [ -86.573792, 36.640604 ], [ -86.572678, 36.639776 ], [ -86.571442, 36.638869 ], [ -86.571184, 36.638677 ], [ -86.567266, 36.635797 ], [ -86.567254, 36.635788 ], [ -86.566004, 36.63487 ], [ -86.564022, 36.63365 ], [ -86.563909, 36.633562 ], [ -86.564287, 36.632991 ], [ -86.564604, 36.632415 ], [ -86.56473, 36.632184 ], [ -86.565329, 36.631087 ], [ -86.565606, 36.63063 ], [ -86.565749, 36.630385 ], [ -86.566036, 36.6299 ], [ -86.567286, 36.627779 ], [ -86.567327, 36.62771 ], [ -86.567682, 36.62711 ], [ -86.567755, 36.626979 ], [ -86.567883, 36.626749 ], [ -86.56825, 36.626093 ], [ -86.568268, 36.626061 ], [ -86.568397, 36.625832 ], [ -86.568529, 36.625602 ], [ -86.568619, 36.625448 ], [ -86.569038, 36.624725 ], [ -86.569288, 36.624297 ], [ -86.569513, 36.623915 ], [ -86.569578, 36.623803 ], [ -86.569642, 36.623711 ], [ -86.570316, 36.622564 ], [ -86.570346, 36.622516 ], [ -86.571565, 36.620561 ], [ -86.571581, 36.620538 ], [ -86.572305, 36.61941 ], [ -86.572368, 36.619321 ], [ -86.572723, 36.618816 ], [ -86.573045, 36.618359 ], [ -86.574013, 36.616988 ], [ -86.574336, 36.616532 ], [ -86.574865, 36.615765 ], [ -86.576454, 36.613466 ], [ -86.576984, 36.6127 ], [ -86.577168, 36.612425 ], [ -86.577722, 36.611601 ], [ -86.577907, 36.611327 ], [ -86.578148, 36.61098 ], [ -86.578875, 36.609942 ], [ -86.579117, 36.609597 ], [ -86.579594, 36.608906 ], [ -86.580356, 36.607806 ], [ -86.581034, 36.606837 ], [ -86.581517, 36.60615 ], [ -86.5819, 36.605587 ], [ -86.582109, 36.605281 ], [ -86.583066, 36.603932 ], [ -86.583074, 36.603919 ], [ -86.583458, 36.603357 ], [ -86.583676, 36.603035 ], [ -86.583947, 36.602639 ], [ -86.584086, 36.602432 ], [ -86.584333, 36.602073 ], [ -86.584554, 36.601754 ], [ -86.585254, 36.600747 ], [ -86.587159, 36.598009 ], [ -86.587355, 36.597726 ], [ -86.588055, 36.59672 ], [ -86.588101, 36.596652 ], [ -86.588242, 36.596451 ], [ -86.588289, 36.596384 ], [ -86.588351, 36.596294 ], [ -86.58839, 36.596239 ], [ -86.588538, 36.596024 ], [ -86.588601, 36.595934 ], [ -86.588705, 36.595781 ], [ -86.588728, 36.595749 ], [ -86.588995, 36.59536 ], [ -86.58902, 36.595323 ], [ -86.589126, 36.595171 ], [ -86.589483, 36.594639 ], [ -86.590013, 36.593853 ], [ -86.590571, 36.593054 ], [ -86.590939, 36.592529 ], [ -86.591046, 36.592374 ], [ -86.591371, 36.59191 ], [ -86.591479, 36.591756 ], [ -86.591907, 36.59115 ], [ -86.592083, 36.590908 ], [ -86.592114, 36.590859 ], [ -86.592206, 36.590717 ], [ -86.592214, 36.590704 ], [ -86.592352, 36.590505 ], [ -86.592394, 36.59044 ], [ -86.592526, 36.590242 ], [ -86.59263, 36.590088 ], [ -86.592824, 36.589805 ], [ -86.592833, 36.589782 ], [ -86.592949, 36.589607 ], [ -86.593216, 36.58924 ], [ -86.593415, 36.588956 ], [ -86.593492, 36.588847 ], [ -86.593613, 36.588674 ], [ -86.593821, 36.588341 ], [ -86.594027, 36.587987 ], [ -86.594279, 36.587529 ], [ -86.595014, 36.586053 ], [ -86.595051, 36.585983 ], [ -86.595187, 36.585714 ], [ -86.595893, 36.584291 ], [ -86.59636, 36.58335 ], [ -86.596554, 36.582971 ], [ -86.596742, 36.582594 ], [ -86.596969, 36.582143 ], [ -86.597125, 36.581832 ], [ -86.597326, 36.581471 ], [ -86.59748, 36.581197 ], [ -86.597534, 36.581105 ], [ -86.597791, 36.580664 ], [ -86.597906, 36.58047 ], [ -86.598249, 36.579912 ], [ -86.598478, 36.579538 ], [ -86.598587, 36.579357 ], [ -86.598858, 36.578925 ], [ -86.599349, 36.578139 ], [ -86.600822, 36.575781 ], [ -86.601313, 36.574995 ], [ -86.601338, 36.574954 ], [ -86.601413, 36.574833 ], [ -86.601439, 36.574793 ], [ -86.601863, 36.574103 ], [ -86.60221, 36.573562 ], [ -86.602487, 36.573157 ], [ -86.602777, 36.572757 ], [ -86.602998, 36.572478 ], [ -86.603566, 36.571804 ], [ -86.603893, 36.57145 ], [ -86.604302, 36.571021 ], [ -86.60483, 36.570527 ], [ -86.605333, 36.570081 ], [ -86.606222, 36.569313 ], [ -86.606255, 36.569284 ], [ -86.606335, 36.569218 ], [ -86.606381, 36.569176 ], [ -86.606951, 36.568685 ], [ -86.608707, 36.567155 ], [ -86.609416, 36.566506 ], [ -86.611141, 36.56497 ], [ -86.611503, 36.564611 ], [ -86.611768, 36.564322 ], [ -86.61209, 36.563958 ], [ -86.612422, 36.563558 ], [ -86.614946, 36.560402 ], [ -86.615777, 36.559379 ], [ -86.616427, 36.558579 ], [ -86.616622, 36.558326 ], [ -86.616738, 36.558176 ], [ -86.616903, 36.557971 ], [ -86.61874, 36.555665 ], [ -86.618776, 36.555619 ], [ -86.618828, 36.555554 ], [ -86.618849, 36.555527 ], [ -86.618912, 36.55545 ], [ -86.618934, 36.555424 ], [ -86.619346, 36.554916 ], [ -86.619429, 36.554815 ], [ -86.619736, 36.554437 ], [ -86.620582, 36.553393 ], [ -86.620691, 36.55326 ], [ -86.620906, 36.552996 ], [ -86.620995, 36.552886 ], [ -86.621442, 36.552334 ], [ -86.621478, 36.552288 ], [ -86.622257, 36.551326 ], [ -86.622915, 36.550483 ], [ -86.623389, 36.549877 ], [ -86.623708, 36.54949 ], [ -86.624177, 36.548925 ], [ -86.62442, 36.548631 ], [ -86.624668, 36.54833 ], [ -86.62478, 36.548195 ], [ -86.624969, 36.547929 ], [ -86.625052, 36.547823 ], [ -86.625302, 36.547506 ], [ -86.625386, 36.547401 ], [ -86.62552, 36.547229 ], [ -86.62562, 36.547102 ], [ -86.625922, 36.546728 ], [ -86.625928, 36.54672 ], [ -86.625998, 36.546635 ], [ -86.626062, 36.546549 ], [ -86.626204, 36.546369 ], [ -86.626632, 36.54583 ], [ -86.626775, 36.545651 ], [ -86.627012, 36.545358 ], [ -86.627725, 36.544482 ], [ -86.627963, 36.54419 ], [ -86.62801, 36.544134 ], [ -86.628154, 36.543967 ], [ -86.628202, 36.543912 ], [ -86.628264, 36.543828 ], [ -86.628454, 36.543577 ], [ -86.628517, 36.543494 ], [ -86.628548, 36.54345 ], [ -86.628628, 36.543343 ], [ -86.628644, 36.543322 ], [ -86.628676, 36.543279 ], [ -86.628818, 36.543087 ], [ -86.62884, 36.543059 ], [ -86.629276, 36.542535 ], [ -86.629429, 36.542352 ], [ -86.629453, 36.542323 ], [ -86.629463, 36.542309 ], [ -86.629564, 36.542179 ], [ -86.629598, 36.542136 ], [ -86.62974, 36.541953 ], [ -86.630168, 36.541405 ], [ -86.630311, 36.541223 ], [ -86.630403, 36.54111 ], [ -86.630679, 36.540772 ], [ -86.630772, 36.54066 ], [ -86.631143, 36.540195 ], [ -86.632258, 36.538801 ], [ -86.63263, 36.538337 ], [ -86.632901, 36.537978 ], [ -86.633031, 36.537809 ], [ -86.633309, 36.537423 ], [ -86.633612, 36.536972 ], [ -86.633672, 36.536872 ], [ -86.633907, 36.536489 ], [ -86.633984, 36.536363 ], [ -86.634043, 36.536256 ], [ -86.634184, 36.536003 ], [ -86.634407, 36.535573 ], [ -86.634422, 36.535542 ], [ -86.634547, 36.535303 ], [ -86.634644, 36.53505 ], [ -86.634939, 36.534293 ], [ -86.635037, 36.534041 ], [ -86.635146, 36.533685 ], [ -86.635477, 36.53262 ], [ -86.635587, 36.532265 ], [ -86.636303, 36.529869 ], [ -86.636388, 36.529603 ], [ -86.636528, 36.529127 ], [ -86.63695, 36.527698 ], [ -86.636986, 36.527578 ], [ -86.637011, 36.527502 ], [ -86.637073, 36.527316 ], [ -86.637097, 36.527224 ], [ -86.637134, 36.527117 ], [ -86.637241, 36.526804 ], [ -86.637369, 36.526358 ], [ -86.637498, 36.525912 ], [ -86.637751, 36.525054 ], [ -86.63815, 36.523748 ], [ -86.638333, 36.523154 ], [ -86.638415, 36.52288 ], [ -86.638473, 36.522683 ], [ -86.638651, 36.522094 ], [ -86.63871, 36.521898 ], [ -86.638835, 36.521479 ], [ -86.639214, 36.520222 ], [ -86.639341, 36.519804 ], [ -86.639429, 36.519506 ], [ -86.639697, 36.518613 ], [ -86.639786, 36.518316 ], [ -86.639836, 36.518149 ], [ -86.639905, 36.517919 ], [ -86.639986, 36.517648 ], [ -86.640036, 36.517481 ], [ -86.640085, 36.517328 ], [ -86.640091, 36.517313 ], [ -86.640232, 36.516869 ], [ -86.640281, 36.516717 ], [ -86.641402, 36.513004 ], [ -86.641432, 36.512902 ], [ -86.641658, 36.511897 ], [ -86.641874, 36.510945 ], [ -86.642064, 36.509917 ], [ -86.642105, 36.509684 ], [ -86.642124, 36.509516 ], [ -86.642144, 36.509352 ], [ -86.642162, 36.509192 ], [ -86.642174, 36.509026 ], [ -86.642195, 36.508544 ], [ -86.642195, 36.508477 ], [ -86.642197, 36.50804 ], [ -86.642164, 36.507271 ] ] ] } },
{ "type": "Feature", "properties": { "STATEFP": "47", "COUNTYFP": "189", "COUNTYNS": "01639802", "GEOID": "47189", "GEOIDFQ": "0500000US47189", "NAME": "Wilson", "NAMELSAD": "Wilson County", "LSAD": "06", "CLASSFP": "H1", "MTFCC": "G4020", "CSAFP": "400", "CBSAFP": "34980", "METDIVFP": null, "FUNCSTAT": "A", "ALAND": 1479109874, "AWATER": 29878235, "INTPTLAT": "+36.1494307", "INTPTLON": "-086.2911813" }, "geometry": { "type": "Polygon", "coordinates": [ [ [ -86.131497, 36.283722 ], [ -86.129286, 36.277946 ], [ -86.129273, 36.277913 ], [ -86.127956, 36.274535 ], [ -86.126054, 36.269657 ], [ -86.125261, 36.266584 ], [ -86.124885, 36.265489 ], [ -86.123719, 36.265428 ], [ -86.123341, 36.265408 ], [ -86.123202, 36.265967 ], [ -86.122787, 36.267645 ], [ -86.122649, 36.268205 ], [ -86.122523, 36.268244 ], [ -86.122147, 36.268362 ], [ -86.122022, 36.268402 ], [ -86.121594, 36.268571 ], [ -86.121227, 36.268976 ], [ -86.12075, 36.269445 ], [ -86.120145, 36.270117 ], [ -86.115607, 36.268886 ], [ -86.116118, 36.26664 ], [ -86.117463, 36.266774 ], [ -86.117658, 36.26532 ], [ -86.117659, 36.265297 ], [ -86.117664, 36.26521 ], [ -86.117677, 36.265103 ], [ -86.118982, 36.265 ], [ -86.119013, 36.264628 ], [ -86.11919, 36.261878 ], [ -86.122541, 36.261079 ], [ -86.122645, 36.261061 ], [ -86.123021, 36.260995 ], [ -86.1212, 36.256123 ], [ -86.121143, 36.255967 ], [ -86.121084, 36.25581 ], [ -86.119341, 36.251147 ], [ -86.118938, 36.250071 ], [ -86.11828, 36.248239 ], [ -86.11818, 36.24796 ], [ -86.118057, 36.247618 ], [ -86.117407, 36.245916 ], [ -86.11731, 36.245663 ], [ -86.1164, 36.243278 ], [ -86.113249, 36.243118 ], [ -86.113384, 36.242177 ], [ -86.113322, 36.242165 ], [ -86.113112, 36.242127 ], [ -86.113056, 36.242132 ], [ -86.112637, 36.242171 ], [ -86.112992, 36.242017 ], [ -86.113064, 36.241987 ], [ -86.113232, 36.241895 ], [ -86.114241, 36.241342 ], [ -86.115515, 36.240646 ], [ -86.114863, 36.238754 ], [ -86.114489, 36.237667 ], [ -86.116321, 36.237838 ], [ -86.117524, 36.237951 ], [ -86.120543, 36.236766 ], [ -86.120705, 36.235707 ], [ -86.120984, 36.233888 ], [ -86.121367, 36.231389 ], [ -86.119215, 36.231449 ], [ -86.119259, 36.229925 ], [ -86.120724, 36.229812 ], [ -86.119969, 36.229533 ], [ -86.11977, 36.22946 ], [ -86.117044, 36.228456 ], [ -86.116959, 36.229133 ], [ -86.111275, 36.228566 ], [ -86.109174, 36.222775 ], [ -86.108455, 36.220787 ], [ -86.108242, 36.220198 ], [ -86.106242, 36.214668 ], [ -86.1028, 36.205147 ], [ -86.10029, 36.205219 ], [ -86.100165, 36.205236 ], [ -86.09802, 36.205515 ], [ -86.097788, 36.205544 ], [ -86.097591, 36.205573 ], [ -86.097047, 36.206437 ], [ -86.095829, 36.206118 ], [ -86.094164, 36.205678 ], [ -86.095022, 36.204036 ], [ -86.094926, 36.204017 ], [ -86.094893, 36.204011 ], [ -86.094641, 36.203956 ], [ -86.094587, 36.203945 ], [ -86.094547, 36.203935 ], [ -86.094423, 36.203905 ], [ -86.093745, 36.203761 ], [ -86.093597, 36.20373 ], [ -86.092593, 36.203517 ], [ -86.092543, 36.203505 ], [ -86.092527, 36.203502 ], [ -86.092103, 36.202363 ], [ -86.092066, 36.202265 ], [ -86.091732, 36.200693 ], [ -86.091159, 36.197995 ], [ -86.092544, 36.197967 ], [ -86.093528, 36.197947 ], [ -86.094286, 36.197846 ], [ -86.095131, 36.197534 ], [ -86.095142, 36.197482 ], [ -86.095395, 36.197374 ], [ -86.095605, 36.197286 ], [ -86.096041, 36.197106 ], [ -86.096532, 36.196926 ], [ -86.09702, 36.196757 ], [ -86.097496, 36.196593 ], [ -86.097758, 36.19635 ], [ -86.097782, 36.196327 ], [ -86.097965, 36.196165 ], [ -86.0982, 36.196128 ], [ -86.098488, 36.196107 ], [ -86.098656, 36.196039 ], [ -86.098876, 36.196039 ], [ -86.098953, 36.196039 ], [ -86.099267, 36.19604 ], [ -86.099317, 36.196019 ], [ -86.099474, 36.195912 ], [ -86.099819, 36.195518 ], [ -86.099834, 36.195484 ], [ -86.099983, 36.195172 ], [ -86.100094, 36.194991 ], [ -86.100381, 36.194624 ], [ -86.100456, 36.194173 ], [ -86.100451, 36.193724 ], [ -86.100389, 36.193473 ], [ -86.100246, 36.193298 ], [ -86.100013, 36.193013 ], [ -86.099596, 36.192886 ], [ -86.099502, 36.192857 ], [ -86.099293, 36.192837 ], [ -86.098774, 36.19279 ], [ -86.09839, 36.192675 ], [ -86.098186, 36.192614 ], [ -86.098147, 36.192529 ], [ -86.098069, 36.192359 ], [ -86.098131, 36.191957 ], [ -86.098176, 36.191667 ], [ -86.097654, 36.191172 ], [ -86.097309, 36.190927 ], [ -86.09716, 36.190822 ], [ -86.097033, 36.190719 ], [ -86.096802, 36.190533 ], [ -86.096663, 36.190271 ], [ -86.096774, 36.1899 ], [ -86.096916, 36.189546 ], [ -86.096854, 36.189288 ], [ -86.096709, 36.189125 ], [ -86.096629, 36.189061 ], [ -86.096639, 36.189022 ], [ -86.096683, 36.188854 ], [ -86.096675, 36.188833 ], [ -86.096585, 36.188585 ], [ -86.09516, 36.184638 ], [ -86.09511, 36.1845 ], [ -86.09506, 36.184361 ], [ -86.092289, 36.17668 ], [ -86.092262, 36.176605 ], [ -86.092234, 36.176527 ], [ -86.092087, 36.176119 ], [ -86.090675, 36.172225 ], [ -86.090165, 36.17081 ], [ -86.090094, 36.170613 ], [ -86.090005, 36.170371 ], [ -86.089524, 36.169054 ], [ -86.088075, 36.165061 ], [ -86.087593, 36.163731 ], [ -86.080841, 36.145093 ], [ -86.080316, 36.143653 ], [ -86.079636, 36.141781 ], [ -86.077223, 36.135139 ], [ -86.073983, 36.134772 ], [ -86.074196, 36.133332 ], [ -86.07437, 36.132153 ], [ -86.074568, 36.130822 ], [ -86.072729, 36.130649 ], [ -86.07249, 36.130351 ], [ -86.071746, 36.129422 ], [ -86.07017, 36.127451 ], [ -86.070107, 36.127341 ], [ -86.07001, 36.127251 ], [ -86.069999, 36.12678 ], [ -86.069994, 36.125889 ], [ -86.070004, 36.125803 ], [ -86.070089, 36.12507 ], [ -86.07009, 36.12492 ], [ -86.070085, 36.124794 ], [ -86.070156, 36.124555 ], [ -86.069998, 36.124564 ], [ -86.069871, 36.124561 ], [ -86.068683, 36.124473 ], [ -86.068587, 36.124466 ], [ -86.0682, 36.12444 ], [ -86.067588, 36.124382 ], [ -86.067382, 36.124361 ], [ -86.066998, 36.124305 ], [ -86.066906, 36.124289 ], [ -86.066744, 36.124257 ], [ -86.066431, 36.124214 ], [ -86.066339, 36.124201 ], [ -86.066176, 36.124182 ], [ -86.066132, 36.124178 ], [ -86.066837, 36.116095 ], [ -86.066852, 36.115923 ], [ -86.066867, 36.115749 ], [ -86.066871, 36.11572 ], [ -86.066882, 36.115651 ], [ -86.066953, 36.115204 ], [ -86.067047, 36.114185 ], [ -86.069467, 36.114393 ], [ -86.07012, 36.10976 ], [ -86.069764, 36.109975 ], [ -86.069002, 36.110436 ], [ -86.067452, 36.111376 ], [ -86.067145, 36.111352 ], [ -86.066989, 36.110824 ], [ -86.066739, 36.10997 ], [ -86.066535, 36.109277 ], [ -86.065925, 36.1072 ], [ -86.065722, 36.106508 ], [ -86.065596, 36.106081 ], [ -86.065221, 36.104803 ], [ -86.065096, 36.104377 ], [ -86.06503, 36.104152 ], [ -86.064993, 36.104025 ], [ -86.064832, 36.103477 ], [ -86.064766, 36.103253 ], [ -86.064692, 36.103003 ], [ -86.064473, 36.102256 ], [ -86.0644, 36.102007 ], [ -86.063499, 36.098939 ], [ -86.060796, 36.089735 ], [ -86.059895, 36.086668 ], [ -86.059857, 36.086539 ], [ -86.059743, 36.086152 ], [ -86.059706, 36.086024 ], [ -86.059633, 36.085635 ], [ -86.059623, 36.085603 ], [ -86.05956, 36.085412 ], [ -86.059454, 36.085085 ], [ -86.059522, 36.08473 ], [ -86.059528, 36.084698 ], [ -86.059706, 36.084445 ], [ -86.060873, 36.083382 ], [ -86.061172, 36.083229 ], [ -86.061687, 36.083162 ], [ -86.061829, 36.083141 ], [ -86.061846, 36.083126 ], [ -86.062066, 36.082577 ], [ -86.062351, 36.081995 ], [ -86.062231, 36.082006 ], [ -86.062114, 36.082015 ], [ -86.060993, 36.08211 ], [ -86.061902, 36.078565 ], [ -86.061881, 36.076223 ], [ -86.060323, 36.0762 ], [ -86.061393, 36.074027 ], [ -86.059457, 36.073609 ], [ -86.06028, 36.0715 ], [ -86.061816, 36.071095 ], [ -86.062809, 36.07119 ], [ -86.063413, 36.070052 ], [ -86.0625, 36.069115 ], [ -86.059275, 36.068821 ], [ -86.057384, 36.0724 ], [ -86.054715, 36.072177 ], [ -86.053018, 36.071403 ], [ -86.052959, 36.070601 ], [ -86.053899, 36.070668 ], [ -86.054103, 36.070683 ], [ -86.054209, 36.070664 ], [ -86.054243, 36.070643 ], [ -86.054303, 36.070592 ], [ -86.054315, 36.070583 ], [ -86.054403, 36.070206 ], [ -86.05452, 36.069324 ], [ -86.054531, 36.069243 ], [ -86.054582, 36.068898 ], [ -86.054619, 36.068647 ], [ -86.05468, 36.068244 ], [ -86.054751, 36.068005 ], [ -86.0548, 36.067915 ], [ -86.054832, 36.06786 ], [ -86.054924, 36.067764 ], [ -86.054965, 36.067725 ], [ -86.055078, 36.067617 ], [ -86.055418, 36.067293 ], [ -86.055432, 36.06728 ], [ -86.05553, 36.067184 ], [ -86.055898, 36.066824 ], [ -86.056253, 36.066459 ], [ -86.056635, 36.06612 ], [ -86.05674, 36.066061 ], [ -86.056945, 36.06214 ], [ -86.055853, 36.061289 ], [ -86.056452, 36.05929 ], [ -86.053875, 36.059177 ], [ -86.05122, 36.059065 ], [ -86.051299, 36.05783 ], [ -86.050231, 36.057738 ], [ -86.049369, 36.057664 ], [ -86.047374, 36.057493 ], [ -86.047439, 36.056904 ], [ -86.047536, 36.056045 ], [ -86.047541, 36.056005 ], [ -86.047567, 36.055761 ], [ -86.047836, 36.053371 ], [ -86.047846, 36.053283 ], [ -86.047872, 36.053049 ], [ -86.048215, 36.050003 ], [ -86.049444, 36.049582 ], [ -86.05099, 36.049654 ], [ -86.051178, 36.049129 ], [ -86.052451, 36.049211 ], [ -86.052665, 36.049225 ], [ -86.053437, 36.043793 ], [ -86.052611, 36.0437 ], [ -86.048293, 36.043215 ], [ -86.048154, 36.04202 ], [ -86.046033, 36.042013 ], [ -86.046527, 36.036501 ], [ -86.045744, 36.036469 ], [ -86.042691, 36.032565 ], [ -86.04204, 36.032539 ], [ -86.038707, 36.032406 ], [ -86.038143, 36.031857 ], [ -86.035778, 36.031399 ], [ -86.035788, 36.031364 ], [ -86.035843, 36.031102 ], [ -86.035848, 36.031085 ], [ -86.03589, 36.030968 ], [ -86.035942, 36.030837 ], [ -86.036036, 36.030631 ], [ -86.036105, 36.030494 ], [ -86.036157, 36.030377 ], [ -86.0362, 36.030253 ], [ -86.036214, 36.030193 ], [ -86.036289, 36.029881 ], [ -86.036204, 36.029865 ], [ -86.03595, 36.029817 ], [ -86.035866, 36.029801 ], [ -86.036187, 36.029272 ], [ -86.03633, 36.02898 ], [ -86.036411, 36.028794 ], [ -86.036456, 36.028609 ], [ -86.036462, 36.028316 ], [ -86.036444, 36.02803 ], [ -86.036452, 36.027373 ], [ -86.036483, 36.027095 ], [ -86.036506, 36.026946 ], [ -86.036518, 36.026859 ], [ -86.036561, 36.026417 ], [ -86.036559, 36.026366 ], [ -86.036271, 36.026344 ], [ -86.034475, 36.026217 ], [ -86.03474, 36.022306 ], [ -86.035148, 36.016322 ], [ -86.037397, 36.011906 ], [ -86.039389, 36.009395 ], [ -86.039795, 36.009136 ], [ -86.040746, 36.008765 ], [ -86.041072, 36.006416 ], [ -86.038586, 36.006086 ], [ -86.038803, 36.004384 ], [ -86.038611, 36.004345 ], [ -86.03848, 36.004319 ], [ -86.038158, 36.004252 ], [ -86.037193, 36.004052 ], [ -86.037043, 36.004022 ], [ -86.036868, 36.004032 ], [ -86.036397, 36.004059 ], [ -86.035887, 36.00409 ], [ -86.035014, 36.004313 ], [ -86.034558, 36.004431 ], [ -86.033771, 36.004633 ], [ -86.029065, 36.000546 ], [ -86.028681, 36.00131 ], [ -86.028659, 36.001354 ], [ -86.028044, 36.001152 ], [ -86.027708, 36.000943 ], [ -86.027391, 36.000814 ], [ -86.027076, 36.000742 ], [ -86.026938, 36.00071 ], [ -86.026899, 36.000699 ], [ -86.026301, 36.00054 ], [ -86.025925, 36.000394 ], [ -86.025618, 36.000241 ], [ -86.025242, 36.000061 ], [ -86.025116, 35.999973 ], [ -86.024994, 35.999888 ], [ -86.024882, 35.99981 ], [ -86.025938, 35.998876 ], [ -86.026513, 35.998561 ], [ -86.026512, 35.998478 ], [ -86.026515, 35.997786 ], [ -86.026515, 35.997744 ], [ -86.026515, 35.997711 ], [ -86.026515, 35.99763 ], [ -86.026525, 35.995639 ], [ -86.026533, 35.994166 ], [ -86.026534, 35.994042 ], [ -86.026534, 35.993919 ], [ -86.026533, 35.993894 ], [ -86.026534, 35.993646 ], [ -86.02654, 35.992594 ], [ -86.026539, 35.99258 ], [ -86.025678, 35.990278 ], [ -86.025592, 35.990065 ], [ -86.025557, 35.989977 ], [ -86.025523, 35.989891 ], [ -86.025483, 35.989794 ], [ -86.025444, 35.989697 ], [ -86.025313, 35.989369 ], [ -86.025264, 35.989247 ], [ -86.024979, 35.988401 ], [ -86.021972, 35.980348 ], [ -86.018392, 35.970729 ], [ -86.018345, 35.970601 ], [ -86.018269, 35.970397 ], [ -86.017796, 35.969124 ], [ -86.017579, 35.968531 ], [ -86.016747, 35.966253 ], [ -86.015531, 35.962927 ], [ -86.014849, 35.96106 ], [ -86.022675, 35.964679 ], [ -86.026241, 35.964695 ], [ -86.044124, 35.964781 ], [ -86.051493, 35.964816 ], [ -86.058862, 35.964851 ], [ -86.062805, 35.964869 ], [ -86.065091, 35.964881 ], [ -86.074836, 35.964927 ], [ -86.074915, 35.964928 ], [ -86.074994, 35.964928 ], [ -86.075073, 35.964928 ], [ -86.075152, 35.964929 ], [ -86.075389, 35.96493 ], [ -86.076427, 35.964935 ], [ -86.078136, 35.964943 ], [ -86.083421, 35.964969 ], [ -86.083448, 35.965674 ], [ -86.083537, 35.96569 ], [ -86.084357, 35.965834 ], [ -86.084975, 35.965943 ], [ -86.085792, 35.966102 ], [ -86.085903, 35.966125 ], [ -86.086101, 35.966181 ], [ -86.086593, 35.966341 ], [ -86.087487, 35.966673 ], [ -86.087576, 35.966706 ], [ -86.088348, 35.96699 ], [ -86.088323, 35.96721 ], [ -86.087928, 35.970442 ], [ -86.087582, 35.973279 ], [ -86.087485, 35.974077 ], [ -86.090502, 35.974451 ], [ -86.090968, 35.971418 ], [ -86.091464, 35.9682 ], [ -86.091469, 35.968165 ], [ -86.091485, 35.968063 ], [ -86.091491, 35.968029 ], [ -86.091925, 35.965214 ], [ -86.09508, 35.965451 ], [ -86.095201, 35.964601 ], [ -86.095206, 35.964567 ], [ -86.095445, 35.962896 ], [ -86.095732, 35.960886 ], [ -86.108742, 35.959962 ], [ -86.119514, 35.959163 ], [ -86.123121, 35.95961 ], [ -86.125008, 35.959845 ], [ -86.129777, 35.960314 ], [ -86.139466, 35.961269 ], [ -86.139529, 35.961273 ], [ -86.140397, 35.96131 ], [ -86.14986, 35.962257 ], [ -86.149792, 35.962604 ], [ -86.154505, 35.963097 ], [ -86.154845, 35.960034 ], [ -86.154621, 35.959945 ], [ -86.153869, 35.959693 ], [ -86.153117, 35.959345 ], [ -86.153035, 35.959309 ], [ -86.152753, 35.959169 ], [ -86.151564, 35.958617 ], [ -86.151545, 35.958608 ], [ -86.151812, 35.957934 ], [ -86.151878, 35.957766 ], [ -86.15288, 35.95524 ], [ -86.153214, 35.954399 ], [ -86.154288, 35.954446 ], [ -86.156612, 35.954549 ], [ -86.156606, 35.955448 ], [ -86.156604, 35.955916 ], [ -86.156601, 35.956524 ], [ -86.158375, 35.956609 ], [ -86.16126, 35.956751 ], [ -86.161615, 35.959172 ], [ -86.161625, 35.959235 ], [ -86.161404, 35.960937 ], [ -86.16132, 35.961554 ], [ -86.161094, 35.963214 ], [ -86.161596, 35.963254 ], [ -86.164953, 35.963522 ], [ -86.165213, 35.96319 ], [ -86.165325, 35.962678 ], [ -86.165347, 35.96185 ], [ -86.165269, 35.961305 ], [ -86.165181, 35.961036 ], [ -86.165242, 35.960526 ], [ -86.165123, 35.960307 ], [ -86.165062, 35.960143 ], [ -86.16774, 35.960281 ], [ -86.167774, 35.958828 ], [ -86.168309, 35.959286 ], [ -86.169093, 35.959613 ], [ -86.169351, 35.959721 ], [ -86.17152, 35.960271 ], [ -86.173266, 35.960477 ], [ -86.173656, 35.960463 ], [ -86.17521, 35.960409 ], [ -86.175249, 35.960396 ], [ -86.175366, 35.96036 ], [ -86.175406, 35.960348 ], [ -86.175286, 35.958931 ], [ -86.173974, 35.958714 ], [ -86.170358, 35.958116 ], [ -86.170476, 35.957262 ], [ -86.174201, 35.957403 ], [ -86.176951, 35.957508 ], [ -86.178005, 35.957549 ], [ -86.18117, 35.957672 ], [ -86.182225, 35.957713 ], [ -86.185011, 35.957819 ], [ -86.186495, 35.957877 ], [ -86.185922, 35.962184 ], [ -86.188455, 35.962373 ], [ -86.191238, 35.962581 ], [ -86.192035, 35.96264 ], [ -86.192536, 35.962677 ], [ -86.194431, 35.962818 ], [ -86.195231, 35.962879 ], [ -86.197497, 35.963047 ], [ -86.202435, 35.963415 ], [ -86.202505, 35.962318 ], [ -86.203268, 35.962379 ], [ -86.205534, 35.962562 ], [ -86.206269, 35.96262 ], [ -86.208476, 35.962795 ], [ -86.209212, 35.962854 ], [ -86.210327, 35.962945 ], [ -86.210225, 35.963798 ], [ -86.209846, 35.966952 ], [ -86.212591, 35.967218 ], [ -86.214561, 35.96741 ], [ -86.21537, 35.967493 ], [ -86.216909, 35.967654 ], [ -86.216887, 35.96855 ], [ -86.216868, 35.969366 ], [ -86.216955, 35.969362 ], [ -86.217216, 35.969354 ], [ -86.217304, 35.969353 ], [ -86.217358, 35.969342 ], [ -86.217522, 35.969311 ], [ -86.217565, 35.969303 ], [ -86.218134, 35.969314 ], [ -86.219806, 35.969347 ], [ -86.220365, 35.969359 ], [ -86.220527, 35.969348 ], [ -86.221015, 35.969318 ], [ -86.221034, 35.969316 ], [ -86.221179, 35.969304 ], [ -86.221522, 35.9693 ], [ -86.222553, 35.969292 ], [ -86.222898, 35.96929 ], [ -86.222917, 35.969286 ], [ -86.222974, 35.969277 ], [ -86.222995, 35.969276 ], [ -86.222588, 35.968171 ], [ -86.223047, 35.968194 ], [ -86.223369, 35.968211 ], [ -86.223219, 35.965107 ], [ -86.224483, 35.964607 ], [ -86.22455, 35.964422 ], [ -86.225099, 35.962918 ], [ -86.22516, 35.96292 ], [ -86.226266, 35.962954 ], [ -86.229584, 35.963056 ], [ -86.23069, 35.963091 ], [ -86.234474, 35.963208 ], [ -86.236949, 35.963285 ], [ -86.23776, 35.959424 ], [ -86.242675, 35.959885 ], [ -86.24637, 35.960233 ], [ -86.246444, 35.960245 ], [ -86.248805, 35.960615 ], [ -86.249981, 35.960803 ], [ -86.251731, 35.961141 ], [ -86.251009, 35.965307 ], [ -86.250608, 35.967681 ], [ -86.25165, 35.967847 ], [ -86.251908, 35.967888 ], [ -86.25479, 35.968206 ], [ -86.255838, 35.968322 ], [ -86.255861, 35.968131 ], [ -86.255933, 35.967559 ], [ -86.255957, 35.967369 ], [ -86.256084, 35.967401 ], [ -86.256096, 35.967404 ], [ -86.256467, 35.967497 ], [ -86.256595, 35.967529 ], [ -86.256873, 35.9676 ], [ -86.256786, 35.968469 ], [ -86.257842, 35.968613 ], [ -86.262028, 35.969188 ], [ -86.281204, 35.971818 ], [ -86.287596, 35.972695 ], [ -86.287545, 35.972944 ], [ -86.287393, 35.973693 ], [ -86.28736, 35.973859 ], [ -86.287342, 35.973943 ], [ -86.287296, 35.974151 ], [ -86.287157, 35.974776 ], [ -86.287112, 35.974985 ], [ -86.292293, 35.975782 ], [ -86.307839, 35.978174 ], [ -86.310363, 35.978563 ], [ -86.309725, 35.981176 ], [ -86.309875, 35.981116 ], [ -86.309984, 35.981066 ], [ -86.310441, 35.98086 ], [ -86.31073, 35.980677 ], [ -86.310799, 35.980634 ], [ -86.310954, 35.980507 ], [ -86.311036, 35.980622 ], [ -86.309967, 35.986146 ], [ -86.312416, 35.986328 ], [ -86.317888, 35.986736 ], [ -86.319457, 35.985965 ], [ -86.322555, 35.987348 ], [ -86.323162, 35.98655 ], [ -86.324123, 35.987208 ], [ -86.326252, 35.985008 ], [ -86.333267, 35.990347 ], [ -86.339812, 35.995329 ], [ -86.342325, 35.997172 ], [ -86.346266, 36.000062 ], [ -86.35019, 36.002192 ], [ -86.351288, 36.002788 ], [ -86.35293, 36.003679 ], [ -86.353069, 36.003759 ], [ -86.353137, 36.003798 ], [ -86.354356, 36.0045 ], [ -86.355184, 36.004977 ], [ -86.356746, 36.005878 ], [ -86.356848, 36.005937 ], [ -86.356948, 36.005994 ], [ -86.357023, 36.006038 ], [ -86.357093, 36.006078 ], [ -86.361946, 36.008873 ], [ -86.364201, 36.010172 ], [ -86.364337, 36.010254 ], [ -86.364745, 36.010503 ], [ -86.364882, 36.010586 ], [ -86.36479, 36.011334 ], [ -86.364685, 36.012494 ], [ -86.364595, 36.012994 ], [ -86.36452, 36.01358 ], [ -86.364519, 36.013595 ], [ -86.364412, 36.014175 ], [ -86.364394, 36.014238 ], [ -86.364372, 36.014319 ], [ -86.36439, 36.01432 ], [ -86.364447, 36.014323 ], [ -86.364466, 36.014325 ], [ -86.364525, 36.014329 ], [ -86.364917, 36.01445 ], [ -86.365055, 36.01452 ], [ -86.365519, 36.014757 ], [ -86.365824, 36.015027 ], [ -86.366251, 36.015741 ], [ -86.366294, 36.015848 ], [ -86.366529, 36.016428 ], [ -86.366563, 36.016508 ], [ -86.366666, 36.016748 ], [ -86.366695, 36.016816 ], [ -86.366701, 36.016829 ], [ -86.366827, 36.017124 ], [ -86.367165, 36.017674 ], [ -86.3672, 36.017711 ], [ -86.367274, 36.017789 ], [ -86.367524, 36.017894 ], [ -86.368667, 36.01814 ], [ -86.369189, 36.018344 ], [ -86.369277, 36.01839 ], [ -86.369764, 36.018645 ], [ -86.36994, 36.0187 ], [ -86.37005, 36.01871 ], [ -86.370502, 36.018753 ], [ -86.371064, 36.018805 ], [ -86.371232, 36.018822 ], [ -86.371895, 36.018827 ], [ -86.372267, 36.018821 ], [ -86.372349, 36.018791 ], [ -86.372497, 36.018739 ], [ -86.372842, 36.01853 ], [ -86.373552, 36.018287 ], [ -86.373951, 36.018007 ], [ -86.374235, 36.017584 ], [ -86.374396, 36.017045 ], [ -86.374572, 36.016055 ], [ -86.374673, 36.015495 ], [ -86.374909, 36.014813 ], [ -86.37492, 36.014737 ], [ -86.374956, 36.014508 ], [ -86.374968, 36.014433 ], [ -86.375121, 36.014107 ], [ -86.375203, 36.01395 ], [ -86.37534, 36.013746 ], [ -86.375363, 36.013713 ], [ -86.375423, 36.013542 ], [ -86.375535, 36.013342 ], [ -86.375647, 36.013138 ], [ -86.375769, 36.012939 ], [ -86.375851, 36.012813 ], [ -86.376119, 36.012623 ], [ -86.376244, 36.012532 ], [ -86.376451, 36.012439 ], [ -86.376668, 36.012339 ], [ -86.376775, 36.012243 ], [ -86.376879, 36.012131 ], [ -86.376999, 36.012043 ], [ -86.377024, 36.012077 ], [ -86.378692, 36.014303 ], [ -86.385745, 36.02371 ], [ -86.388359, 36.027193 ], [ -86.386275, 36.026963 ], [ -86.383847, 36.026697 ], [ -86.383193, 36.030158 ], [ -86.383181, 36.030261 ], [ -86.382528, 36.035251 ], [ -86.38308, 36.035307 ], [ -86.393772, 36.03641 ], [ -86.394136, 36.036448 ], [ -86.394222, 36.03597 ], [ -86.39512, 36.03103 ], [ -86.395248, 36.031093 ], [ -86.39619, 36.03156 ], [ -86.400306, 36.033469 ], [ -86.40192, 36.034221 ], [ -86.403694, 36.035054 ], [ -86.407848, 36.037005 ], [ -86.413, 36.039445 ], [ -86.413529, 36.039707 ], [ -86.4136, 36.039742 ], [ -86.413835, 36.039858 ], [ -86.416336, 36.041097 ], [ -86.417189, 36.041517 ], [ -86.417277, 36.04156 ], [ -86.418092, 36.041961 ], [ -86.419136, 36.042623 ], [ -86.424819, 36.046226 ], [ -86.426292, 36.04716 ], [ -86.426729, 36.047403 ], [ -86.426801, 36.047443 ], [ -86.426842, 36.047466 ], [ -86.426957, 36.047529 ], [ -86.427027, 36.047568 ], [ -86.427097, 36.047608 ], [ -86.427191, 36.047659 ], [ -86.42783, 36.04806 ], [ -86.430026, 36.049437 ], [ -86.430403, 36.049673 ], [ -86.43076, 36.049897 ], [ -86.430814, 36.04993 ], [ -86.430976, 36.050032 ], [ -86.43103, 36.050066 ], [ -86.432544, 36.051016 ], [ -86.432984, 36.050632 ], [ -86.433344, 36.050168 ], [ -86.433592, 36.04966 ], [ -86.434352, 36.049852 ], [ -86.435008, 36.049888 ], [ -86.43628, 36.05082 ], [ -86.436832, 36.051 ], [ -86.437712, 36.05116 ], [ -86.438448, 36.051296 ], [ -86.43916, 36.051384 ], [ -86.439792, 36.051408 ], [ -86.439752, 36.051836 ], [ -86.43828, 36.051776 ], [ -86.437304, 36.054036 ], [ -86.440888, 36.056296 ], [ -86.442192, 36.05706 ], [ -86.442217, 36.057074 ], [ -86.443576, 36.057824 ], [ -86.444074, 36.058101 ], [ -86.444942, 36.058585 ], [ -86.44504, 36.05864 ], [ -86.445139, 36.058694 ], [ -86.44964, 36.0612 ], [ -86.451495, 36.062234 ], [ -86.451612, 36.062299 ], [ -86.451963, 36.062494 ], [ -86.452081, 36.06256 ], [ -86.452067, 36.062587 ], [ -86.452029, 36.062669 ], [ -86.452016, 36.062697 ], [ -86.454312, 36.063892 ], [ -86.4612, 36.06748 ], [ -86.463496, 36.068676 ], [ -86.463492, 36.068712 ], [ -86.463483, 36.06881 ], [ -86.46348, 36.068821 ], [ -86.463471, 36.068857 ], [ -86.463401, 36.069134 ], [ -86.463193, 36.069966 ], [ -86.463125, 36.070244 ], [ -86.463222, 36.070268 ], [ -86.464121, 36.070422 ], [ -86.464297, 36.070445 ], [ -86.465341, 36.070582 ], [ -86.465952, 36.070622 ], [ -86.467129, 36.070733 ], [ -86.46778, 36.070773 ], [ -86.467852, 36.070771 ], [ -86.468487, 36.070756 ], [ -86.468784, 36.070783 ], [ -86.469039, 36.070818 ], [ -86.469066, 36.070822 ], [ -86.469089, 36.070826 ], [ -86.469242, 36.070855 ], [ -86.469293, 36.070865 ], [ -86.469121, 36.072127 ], [ -86.469118, 36.072157 ], [ -86.471848, 36.072515 ], [ -86.472, 36.072079 ], [ -86.472482, 36.072398 ], [ -86.473545, 36.073102 ], [ -86.474193, 36.07353 ], [ -86.474894, 36.073994 ], [ -86.476132, 36.074822 ], [ -86.476778, 36.075255 ], [ -86.478663, 36.076517 ], [ -86.478769, 36.076588 ], [ -86.484005, 36.080095 ], [ -86.484746, 36.080586 ], [ -86.486744, 36.08191 ], [ -86.488704, 36.083208 ], [ -86.489439, 36.083694 ], [ -86.492966, 36.086031 ], [ -86.497614, 36.088908 ], [ -86.499993, 36.090381 ], [ -86.500367, 36.090606 ], [ -86.500475, 36.090671 ], [ -86.500802, 36.090866 ], [ -86.500911, 36.090931 ], [ -86.501185, 36.091095 ], [ -86.50201, 36.091589 ], [ -86.50207, 36.091625 ], [ -86.502285, 36.091754 ], [ -86.503223, 36.092372 ], [ -86.510193, 36.096959 ], [ -86.510366, 36.097077 ], [ -86.510415, 36.097111 ], [ -86.512171, 36.098306 ], [ -86.512367, 36.098439 ], [ -86.515132, 36.100357 ], [ -86.515589, 36.10061 ], [ -86.51693, 36.101702 ], [ -86.519566, 36.103831 ], [ -86.520244, 36.104293 ], [ -86.521561, 36.105192 ], [ -86.522674, 36.106085 ], [ -86.523171, 36.106485 ], [ -86.523355, 36.106633 ], [ -86.52652, 36.107019 ], [ -86.527737, 36.107167 ], [ -86.529501, 36.107382 ], [ -86.535698, 36.108137 ], [ -86.535943, 36.108166 ], [ -86.53589, 36.108414 ], [ -86.535768, 36.108952 ], [ -86.535634, 36.110104 ], [ -86.53553, 36.110831 ], [ -86.535354, 36.112051 ], [ -86.535322, 36.112274 ], [ -86.53529, 36.112496 ], [ -86.535216, 36.112485 ], [ -86.534971, 36.112463 ], [ -86.534862, 36.112444 ], [ -86.534214, 36.112374 ], [ -86.53194, 36.11213 ], [ -86.531183, 36.112049 ], [ -86.530889, 36.113902 ], [ -86.53001, 36.119464 ], [ -86.529756, 36.121076 ], [ -86.529718, 36.121318 ], [ -86.529703, 36.12141 ], [ -86.529688, 36.121505 ], [ -86.529514, 36.12261 ], [ -86.529238, 36.124347 ], [ -86.531548, 36.12418 ], [ -86.533367, 36.12524 ], [ -86.535105, 36.126254 ], [ -86.533606, 36.127167 ], [ -86.531131, 36.128676 ], [ -86.532043, 36.132272 ], [ -86.530507, 36.132232 ], [ -86.530321, 36.132624 ], [ -86.529142, 36.135119 ], [ -86.529134, 36.136396 ], [ -86.528277, 36.136286 ], [ -86.527074, 36.13615 ], [ -86.526737, 36.137817 ], [ -86.526492, 36.137797 ], [ -86.525559, 36.13854 ], [ -86.526049, 36.139619 ], [ -86.526159, 36.13969 ], [ -86.526373, 36.139827 ], [ -86.527841, 36.140769 ], [ -86.528438, 36.138009 ], [ -86.531979, 36.13838 ], [ -86.532513, 36.138439 ], [ -86.532839, 36.138472 ], [ -86.532899, 36.138436 ], [ -86.533007, 36.138366 ], [ -86.533144, 36.138263 ], [ -86.533228, 36.138206 ], [ -86.533297, 36.138153 ], [ -86.533353, 36.138095 ], [ -86.53342, 36.137982 ], [ -86.533443, 36.137902 ], [ -86.533447, 36.137792 ], [ -86.53343, 36.137679 ], [ -86.533418, 36.137603 ], [ -86.533396, 36.137504 ], [ -86.533381, 36.137446 ], [ -86.533363, 36.137389 ], [ -86.533354, 36.13736 ], [ -86.533649, 36.137501 ], [ -86.533874, 36.137608 ], [ -86.534643, 36.137979 ], [ -86.535789, 36.138513 ], [ -86.535893, 36.138442 ], [ -86.53609, 36.138219 ], [ -86.536295, 36.137988 ], [ -86.536691, 36.137542 ], [ -86.537272, 36.136887 ], [ -86.537326, 36.136826 ], [ -86.537887, 36.136197 ], [ -86.538597, 36.135395 ], [ -86.538695, 36.135516 ], [ -86.53871, 36.135533 ], [ -86.538724, 36.135551 ], [ -86.538739, 36.135568 ], [ -86.538751, 36.135582 ], [ -86.538764, 36.135596 ], [ -86.538778, 36.13561 ], [ -86.538792, 36.135623 ], [ -86.538807, 36.135636 ], [ -86.538824, 36.135648 ], [ -86.538839, 36.13566 ], [ -86.538856, 36.135671 ], [ -86.538874, 36.135682 ], [ -86.538891, 36.135692 ], [ -86.538918, 36.13571 ], [ -86.538944, 36.135728 ], [ -86.538969, 36.135747 ], [ -86.538993, 36.135766 ], [ -86.539017, 36.135786 ], [ -86.53904, 36.135807 ], [ -86.539062, 36.135828 ], [ -86.539083, 36.13585 ], [ -86.539104, 36.135872 ], [ -86.539124, 36.135895 ], [ -86.539143, 36.135918 ], [ -86.539161, 36.135941 ], [ -86.539178, 36.135965 ], [ -86.539194, 36.13599 ], [ -86.539214, 36.136012 ], [ -86.539234, 36.136034 ], [ -86.539255, 36.136056 ], [ -86.539276, 36.136077 ], [ -86.539298, 36.136099 ], [ -86.53932, 36.13612 ], [ -86.539342, 36.136141 ], [ -86.539365, 36.136162 ], [ -86.539388, 36.136182 ], [ -86.539412, 36.136202 ], [ -86.539436, 36.136222 ], [ -86.53946, 36.136241 ], [ -86.539485, 36.13626 ], [ -86.53951, 36.136279 ], [ -86.539535, 36.136297 ], [ -86.539555, 36.136311 ], [ -86.539696, 36.136404 ], [ -86.539745, 36.136446 ], [ -86.539808, 36.136515 ], [ -86.539856, 36.136591 ], [ -86.539876, 36.136614 ], [ -86.539895, 36.136637 ], [ -86.539912, 36.13666 ], [ -86.539929, 36.136684 ], [ -86.539945, 36.136708 ], [ -86.53996, 36.136733 ], [ -86.539974, 36.136758 ], [ -86.539987, 36.136783 ], [ -86.539999, 36.136809 ], [ -86.54001, 36.136835 ], [ -86.54002, 36.136861 ], [ -86.540029, 36.136888 ], [ -86.540037, 36.136915 ], [ -86.540044, 36.136942 ], [ -86.54005, 36.136969 ], [ -86.540054, 36.136996 ], [ -86.540058, 36.137023 ], [ -86.540061, 36.137051 ], [ -86.540062, 36.137078 ], [ -86.540063, 36.137106 ], [ -86.540063, 36.137133 ], [ -86.540061, 36.137161 ], [ -86.540058, 36.137188 ], [ -86.540066, 36.137216 ], [ -86.540072, 36.137245 ], [ -86.540077, 36.137273 ], [ -86.540081, 36.137302 ], [ -86.540083, 36.137331 ], [ -86.540083, 36.13736 ], [ -86.540082, 36.137389 ], [ -86.540079, 36.137418 ], [ -86.540075, 36.137446 ], [ -86.54007, 36.137475 ], [ -86.540063, 36.137503 ], [ -86.540057, 36.137521 ], [ -86.540277, 36.138777 ], [ -86.540291, 36.138853 ], [ -86.54071, 36.139251 ], [ -86.540733, 36.139265 ], [ -86.540759, 36.139281 ], [ -86.540783, 36.139295 ], [ -86.540806, 36.13931 ], [ -86.540828, 36.139324 ], [ -86.540861, 36.139339 ], [ -86.540893, 36.139354 ], [ -86.540924, 36.13937 ], [ -86.540955, 36.139387 ], [ -86.540983, 36.139404 ], [ -86.541014, 36.139423 ], [ -86.541042, 36.139442 ], [ -86.54107, 36.139462 ], [ -86.541096, 36.139482 ], [ -86.541122, 36.139504 ], [ -86.541149, 36.139526 ], [ -86.541168, 36.139536 ], [ -86.541189, 36.139545 ], [ -86.54121, 36.139555 ], [ -86.541231, 36.139565 ], [ -86.541251, 36.139576 ], [ -86.541272, 36.139586 ], [ -86.541293, 36.139596 ], [ -86.541313, 36.139607 ], [ -86.541336, 36.139619 ], [ -86.541354, 36.139628 ], [ -86.541382, 36.139646 ], [ -86.541407, 36.139663 ], [ -86.541434, 36.139681 ], [ -86.54146, 36.139699 ], [ -86.541487, 36.139717 ], [ -86.54151, 36.139733 ], [ -86.541538, 36.139754 ], [ -86.541564, 36.139772 ], [ -86.541589, 36.139791 ], [ -86.541615, 36.13981 ], [ -86.54164, 36.139829 ], [ -86.541668, 36.139844 ], [ -86.541695, 36.139861 ], [ -86.541721, 36.139879 ], [ -86.541745, 36.139898 ], [ -86.541768, 36.139918 ], [ -86.54179, 36.13994 ], [ -86.54181, 36.139962 ], [ -86.541829, 36.139985 ], [ -86.541845, 36.140009 ], [ -86.541861, 36.140034 ], [ -86.541874, 36.140059 ], [ -86.541885, 36.140085 ], [ -86.541898, 36.140103 ], [ -86.54191, 36.140121 ], [ -86.541921, 36.14014 ], [ -86.541931, 36.140159 ], [ -86.541948, 36.140198 ], [ -86.541962, 36.140237 ], [ -86.541967, 36.140258 ], [ -86.541971, 36.140278 ], [ -86.541987, 36.140294 ], [ -86.542002, 36.140312 ], [ -86.542016, 36.140329 ], [ -86.542029, 36.140348 ], [ -86.542051, 36.140386 ], [ -86.542068, 36.140426 ], [ -86.542075, 36.140446 ], [ -86.54208, 36.140467 ], [ -86.5421, 36.14049 ], [ -86.542122, 36.140513 ], [ -86.542146, 36.140533 ], [ -86.542172, 36.140553 ], [ -86.5422, 36.14057 ], [ -86.542229, 36.140586 ], [ -86.54226, 36.140599 ], [ -86.542292, 36.140611 ], [ -86.542326, 36.14062 ], [ -86.54236, 36.140627 ], [ -86.542394, 36.140632 ], [ -86.54243, 36.140635 ], [ -86.542465, 36.140635 ], [ -86.5425, 36.140633 ], [ -86.542535, 36.140629 ], [ -86.542569, 36.140623 ], [ -86.542603, 36.140617 ], [ -86.542637, 36.14061 ], [ -86.542671, 36.140603 ], [ -86.54272, 36.140594 ], [ -86.542842, 36.140496 ], [ -86.543839, 36.139693 ], [ -86.544627, 36.139059 ], [ -86.544638, 36.139027 ], [ -86.54467, 36.138975 ], [ -86.544687, 36.138947 ], [ -86.544708, 36.138922 ], [ -86.544755, 36.138877 ], [ -86.544809, 36.138837 ], [ -86.544832, 36.138825 ], [ -86.544891, 36.138781 ], [ -86.544955, 36.138735 ], [ -86.545075, 36.138645 ], [ -86.545126, 36.138604 ], [ -86.545226, 36.138523 ], [ -86.545304, 36.138468 ], [ -86.545353, 36.138429 ], [ -86.545426, 36.138368 ], [ -86.54547, 36.138327 ], [ -86.545513, 36.138284 ], [ -86.545593, 36.138194 ], [ -86.545649, 36.138123 ], [ -86.545699, 36.13805 ], [ -86.545759, 36.137948 ], [ -86.545819, 36.13784 ], [ -86.545839, 36.137804 ], [ -86.545906, 36.137704 ], [ -86.545938, 36.137654 ], [ -86.545967, 36.137602 ], [ -86.546008, 36.137524 ], [ -86.546023, 36.13747 ], [ -86.546033, 36.137444 ], [ -86.546046, 36.137418 ], [ -86.546075, 36.137368 ], [ -86.546111, 36.137322 ], [ -86.546131, 36.137299 ], [ -86.546152, 36.137278 ], [ -86.546175, 36.137258 ], [ -86.546225, 36.137223 ], [ -86.54628, 36.137188 ], [ -86.546309, 36.137173 ], [ -86.546333, 36.137157 ], [ -86.546384, 36.137128 ], [ -86.546411, 36.137114 ], [ -86.546493, 36.137077 ], [ -86.546515, 36.137069 ], [ -86.54655, 36.137056 ], [ -86.546579, 36.137046 ], [ -86.546613, 36.137043 ], [ -86.546716, 36.137036 ], [ -86.54682, 36.137039 ], [ -86.546889, 36.137045 ], [ -86.546957, 36.137054 ], [ -86.547024, 36.137068 ], [ -86.547122, 36.137094 ], [ -86.547186, 36.137116 ], [ -86.547206, 36.137132 ], [ -86.547228, 36.137146 ], [ -86.547273, 36.137171 ], [ -86.547348, 36.137201 ], [ -86.547374, 36.137209 ], [ -86.547401, 36.137216 ], [ -86.547428, 36.137221 ], [ -86.547456, 36.137233 ], [ -86.547488, 36.137247 ], [ -86.547519, 36.13726 ], [ -86.54755, 36.137272 ], [ -86.547581, 36.137284 ], [ -86.547613, 36.137295 ], [ -86.547645, 36.137306 ], [ -86.547676, 36.137316 ], [ -86.547708, 36.137326 ], [ -86.547741, 36.137335 ], [ -86.547773, 36.137344 ], [ -86.547806, 36.137352 ], [ -86.547839, 36.13736 ], [ -86.547872, 36.137368 ], [ -86.547905, 36.137375 ], [ -86.547939, 36.137381 ], [ -86.547972, 36.137387 ], [ -86.548006, 36.137393 ], [ -86.54804, 36.137398 ], [ -86.548074, 36.137402 ], [ -86.548105, 36.137411 ], [ -86.548137, 36.13742 ], [ -86.548168, 36.137428 ], [ -86.5482, 36.137436 ], [ -86.548232, 36.137444 ], [ -86.548264, 36.137452 ], [ -86.548295, 36.13746 ], [ -86.548327, 36.137468 ], [ -86.548359, 36.137475 ], [ -86.548391, 36.137482 ], [ -86.548408, 36.137491 ], [ -86.548426, 36.137498 ], [ -86.548445, 36.137503 ], [ -86.548464, 36.137507 ], [ -86.548484, 36.137508 ], [ -86.548508, 36.137513 ], [ -86.548532, 36.137518 ], [ -86.548556, 36.137524 ], [ -86.548581, 36.13753 ], [ -86.548606, 36.137536 ], [ -86.54872, 36.137617 ], [ -86.548747, 36.137624 ], [ -86.548774, 36.137631 ], [ -86.548801, 36.13764 ], [ -86.548827, 36.137649 ], [ -86.548852, 36.13766 ], [ -86.548877, 36.137671 ], [ -86.548901, 36.137682 ], [ -86.548925, 36.137695 ], [ -86.548948, 36.137708 ], [ -86.548974, 36.137715 ], [ -86.548999, 36.137723 ], [ -86.549024, 36.137731 ], [ -86.549048, 36.13774 ], [ -86.549072, 36.137751 ], [ -86.549095, 36.137761 ], [ -86.549118, 36.137773 ], [ -86.54914, 36.137786 ], [ -86.549163, 36.1378 ], [ -86.549182, 36.137813 ], [ -86.549217, 36.13782 ], [ -86.549252, 36.137826 ], [ -86.549288, 36.137831 ], [ -86.549324, 36.137834 ], [ -86.549362, 36.137836 ], [ -86.549396, 36.137836 ], [ -86.549433, 36.137835 ], [ -86.549468, 36.137832 ], [ -86.549504, 36.137828 ], [ -86.549545, 36.137823 ], [ -86.549818, 36.137678 ], [ -86.55095, 36.137078 ], [ -86.552081, 36.136478 ], [ -86.55239, 36.136314 ], [ -86.552484, 36.136194 ], [ -86.552504, 36.13617 ], [ -86.552523, 36.136147 ], [ -86.552543, 36.136123 ], [ -86.552563, 36.1361 ], [ -86.552584, 36.136077 ], [ -86.552605, 36.136054 ], [ -86.552626, 36.136031 ], [ -86.552647, 36.136009 ], [ -86.552668, 36.135986 ], [ -86.55269, 36.135964 ], [ -86.552712, 36.135942 ], [ -86.552734, 36.13592 ], [ -86.552761, 36.135903 ], [ -86.552789, 36.135887 ], [ -86.552819, 36.135873 ], [ -86.552849, 36.135861 ], [ -86.55288, 36.135849 ], [ -86.552911, 36.13584 ], [ -86.552948, 36.135831 ], [ -86.552977, 36.135825 ], [ -86.553012, 36.135819 ], [ -86.553044, 36.135816 ], [ -86.553065, 36.135814 ], [ -86.553145, 36.135814 ], [ -86.553177, 36.135824 ], [ -86.553237, 36.135848 ], [ -86.553268, 36.135863 ], [ -86.553323, 36.135896 ], [ -86.553349, 36.135914 ], [ -86.553396, 36.135954 ], [ -86.553417, 36.135976 ], [ -86.553436, 36.135997 ], [ -86.553449, 36.136011 ], [ -86.553467, 36.13603 ], [ -86.553481, 36.136046 ], [ -86.553498, 36.136063 ], [ -86.553514, 36.13608 ], [ -86.553531, 36.136097 ], [ -86.553549, 36.136114 ], [ -86.553566, 36.13613 ], [ -86.553584, 36.136146 ], [ -86.553611, 36.136167 ], [ -86.553636, 36.136183 ], [ -86.553666, 36.136198 ], [ -86.553697, 36.13621 ], [ -86.55373, 36.136219 ], [ -86.553763, 36.136225 ], [ -86.553798, 36.136229 ], [ -86.553832, 36.136229 ], [ -86.553867, 36.136227 ], [ -86.553901, 36.136221 ], [ -86.553943, 36.13621 ], [ -86.554398, 36.135755 ], [ -86.554379, 36.135706 ], [ -86.554095, 36.134958 ], [ -86.554124, 36.134859 ], [ -86.554096, 36.134825 ], [ -86.554071, 36.134771 ], [ -86.554061, 36.134743 ], [ -86.554051, 36.134704 ], [ -86.554043, 36.134652 ], [ -86.554042, 36.134629 ], [ -86.554041, 36.1346 ], [ -86.554043, 36.134571 ], [ -86.554047, 36.134542 ], [ -86.554036, 36.134515 ], [ -86.554029, 36.134486 ], [ -86.554025, 36.134457 ], [ -86.554023, 36.134428 ], [ -86.554025, 36.134399 ], [ -86.55403, 36.13437 ], [ -86.554038, 36.134342 ], [ -86.554049, 36.134314 ], [ -86.554063, 36.134287 ], [ -86.55408, 36.134261 ], [ -86.554099, 36.134237 ], [ -86.554138, 36.134191 ], [ -86.554181, 36.134148 ], [ -86.554204, 36.134127 ], [ -86.554227, 36.134107 ], [ -86.554252, 36.134088 ], [ -86.554278, 36.13407 ], [ -86.554304, 36.134052 ], [ -86.554331, 36.134035 ], [ -86.554387, 36.134003 ], [ -86.554446, 36.133975 ], [ -86.554504, 36.133952 ], [ -86.554575, 36.133926 ], [ -86.554652, 36.133904 ], [ -86.554689, 36.133895 ], [ -86.55473, 36.133886 ], [ -86.554791, 36.133883 ], [ -86.554851, 36.133891 ], [ -86.554908, 36.133908 ], [ -86.554935, 36.133921 ], [ -86.55497, 36.133943 ], [ -86.555002, 36.133971 ], [ -86.554946, 36.134003 ], [ -86.554902, 36.134045 ], [ -86.554885, 36.134069 ], [ -86.554872, 36.134095 ], [ -86.554864, 36.134122 ], [ -86.554859, 36.134163 ], [ -86.55486, 36.134181 ], [ -86.554863, 36.134205 ], [ -86.554872, 36.134231 ], [ -86.554885, 36.134257 ], [ -86.554925, 36.134304 ], [ -86.554968, 36.13435 ], [ -86.555016, 36.134396 ], [ -86.555093, 36.134461 ], [ -86.555138, 36.134495 ], [ -86.555184, 36.134527 ], [ -86.555249, 36.134565 ], [ -86.555302, 36.134598 ], [ -86.555364, 36.134631 ], [ -86.555424, 36.134658 ], [ -86.555486, 36.134684 ], [ -86.55555, 36.134707 ], [ -86.555614, 36.134728 ], [ -86.555647, 36.134738 ], [ -86.55568, 36.134747 ], [ -86.555713, 36.134755 ], [ -86.55578, 36.13477 ], [ -86.555847, 36.134782 ], [ -86.555877, 36.134788 ], [ -86.555936, 36.134798 ], [ -86.555995, 36.134809 ], [ -86.556025, 36.134814 ], [ -86.556054, 36.134819 ], [ -86.556084, 36.134825 ], [ -86.556114, 36.13483 ], [ -86.556143, 36.134836 ], [ -86.556175, 36.134837 ], [ -86.556207, 36.134839 ], [ -86.556239, 36.134842 ], [ -86.55627, 36.134845 ], [ -86.556302, 36.134849 ], [ -86.556333, 36.134854 ], [ -86.556365, 36.134859 ], [ -86.556396, 36.134865 ], [ -86.556427, 36.134871 ], [ -86.556458, 36.134878 ], [ -86.556477, 36.134886 ], [ -86.556497, 36.134893 ], [ -86.556538, 36.134907 ], [ -86.556578, 36.13492 ], [ -86.556609, 36.134928 ], [ -86.55665, 36.134941 ], [ -86.556722, 36.134952 ], [ -86.556783, 36.134958 ], [ -86.556865, 36.13496 ], [ -86.555735, 36.141344 ], [ -86.555406, 36.143217 ], [ -86.555378, 36.143215 ], [ -86.555323, 36.143212 ], [ -86.555275, 36.143521 ], [ -86.55458, 36.143461 ], [ -86.554563, 36.143458 ], [ -86.553856, 36.143359 ], [ -86.553484, 36.143307 ], [ -86.553083, 36.14325 ], [ -86.552285, 36.143211 ], [ -86.552143, 36.143218 ], [ -86.551859, 36.143232 ], [ -86.551254, 36.143262 ], [ -86.551059, 36.143906 ], [ -86.550937, 36.144315 ], [ -86.550926, 36.144355 ], [ -86.551192, 36.144386 ], [ -86.552138, 36.144501 ], [ -86.552683, 36.144568 ], [ -86.552559, 36.14515 ], [ -86.554168, 36.145266 ], [ -86.555759, 36.145381 ], [ -86.55585, 36.145569 ], [ -86.555949, 36.145775 ], [ -86.556038, 36.145785 ], [ -86.55659, 36.146882 ], [ -86.558862, 36.151301 ], [ -86.560398, 36.154465 ], [ -86.562782, 36.159378 ], [ -86.563296, 36.160373 ], [ -86.564859, 36.163649 ], [ -86.567688, 36.168312 ], [ -86.567917, 36.16869 ], [ -86.56802, 36.168859 ], [ -86.568106, 36.169001 ], [ -86.570015, 36.172212 ], [ -86.570411, 36.172879 ], [ -86.570712, 36.17338 ], [ -86.57089, 36.173679 ], [ -86.571313, 36.175728 ], [ -86.571405, 36.175982 ], [ -86.571412, 36.176012 ], [ -86.571452, 36.176187 ], [ -86.571482, 36.17632 ], [ -86.571547, 36.176608 ], [ -86.572126, 36.179184 ], [ -86.572153, 36.179287 ], [ -86.572172, 36.179372 ], [ -86.572827, 36.182268 ], [ -86.573201, 36.18392 ], [ -86.573236, 36.184073 ], [ -86.57417, 36.188209 ], [ -86.574256, 36.188588 ], [ -86.574365, 36.18907 ], [ -86.574504, 36.189685 ], [ -86.574508, 36.189705 ], [ -86.574522, 36.189764 ], [ -86.574527, 36.189785 ], [ -86.57458, 36.19002 ], [ -86.574624, 36.190216 ], [ -86.574686, 36.190491 ], [ -86.574739, 36.190728 ], [ -86.574792, 36.190964 ], [ -86.574795, 36.190984 ], [ -86.574807, 36.191045 ], [ -86.574812, 36.191066 ], [ -86.57492, 36.191548 ], [ -86.574946, 36.19166 ], [ -86.575007, 36.191937 ], [ -86.575249, 36.192995 ], [ -86.57536, 36.193478 ], [ -86.575379, 36.193561 ], [ -86.575419, 36.193735 ], [ -86.575435, 36.193813 ], [ -86.575454, 36.193898 ], [ -86.575465, 36.193949 ], [ -86.575484, 36.194038 ], [ -86.575576, 36.19446 ], [ -86.575587, 36.194508 ], [ -86.57562, 36.194597 ], [ -86.575835, 36.195159 ], [ -86.57607, 36.195775 ], [ -86.57648, 36.196848 ], [ -86.576695, 36.197411 ], [ -86.576717, 36.197476 ], [ -86.576757, 36.197592 ], [ -86.577487, 36.199708 ], [ -86.577515, 36.199759 ], [ -86.577588, 36.199896 ], [ -86.577626, 36.199997 ], [ -86.577643, 36.200041 ], [ -86.577659, 36.200086 ], [ -86.577692, 36.200178 ], [ -86.57931, 36.204736 ], [ -86.579891, 36.206371 ], [ -86.580021, 36.206392 ], [ -86.580055, 36.206397 ], [ -86.581507, 36.206632 ], [ -86.581182, 36.208292 ], [ -86.581081, 36.208813 ], [ -86.580931, 36.208818 ], [ -86.5809, 36.208819 ], [ -86.580764, 36.208824 ], [ -86.581044, 36.209612 ], [ -86.581146, 36.2099 ], [ -86.581247, 36.210185 ], [ -86.581361, 36.210506 ], [ -86.581524, 36.210963 ], [ -86.582021, 36.212323 ], [ -86.582243, 36.212928 ], [ -86.582265, 36.212989 ], [ -86.582348, 36.212995 ], [ -86.582531, 36.213492 ], [ -86.58293, 36.214561 ], [ -86.583018, 36.214793 ], [ -86.583152, 36.215163 ], [ -86.583341, 36.215683 ], [ -86.583327, 36.215729 ], [ -86.583278, 36.215754 ], [ -86.583321, 36.215871 ], [ -86.583445, 36.216209 ], [ -86.58345, 36.216224 ], [ -86.583493, 36.216342 ], [ -86.583519, 36.216414 ], [ -86.58359, 36.216607 ], [ -86.583598, 36.21663 ], [ -86.583626, 36.216703 ], [ -86.583667, 36.216812 ], [ -86.5837, 36.216902 ], [ -86.583855, 36.217321 ], [ -86.583922, 36.217501 ], [ -86.583997, 36.217701 ], [ -86.584181, 36.218197 ], [ -86.584733, 36.219685 ], [ -86.584917, 36.220181 ], [ -86.585003, 36.220408 ], [ -86.585016, 36.220445 ], [ -86.585308, 36.221243 ], [ -86.585357, 36.221376 ], [ -86.585408, 36.221509 ], [ -86.585463, 36.221649 ], [ -86.585492, 36.221722 ], [ -86.585618, 36.222074 ], [ -86.58567, 36.222217 ], [ -86.585726, 36.222365 ], [ -86.585751, 36.222432 ], [ -86.585994, 36.22308 ], [ -86.586075, 36.223297 ], [ -86.586151, 36.223503 ], [ -86.586156, 36.223515 ], [ -86.58638, 36.224123 ], [ -86.586457, 36.22433 ], [ -86.586553, 36.224578 ], [ -86.586567, 36.224616 ], [ -86.586776, 36.225178 ], [ -86.586884, 36.225479 ], [ -86.586897, 36.225514 ], [ -86.586985, 36.225769 ], [ -86.586999, 36.225809 ], [ -86.587043, 36.225932 ], [ -86.587058, 36.225973 ], [ -86.587068, 36.226006 ], [ -86.587102, 36.226105 ], [ -86.587113, 36.226138 ], [ -86.587154, 36.226257 ], [ -86.587277, 36.226615 ], [ -86.587319, 36.226735 ], [ -86.587436, 36.227074 ], [ -86.587787, 36.228091 ], [ -86.587905, 36.228431 ], [ -86.587968, 36.228614 ], [ -86.588157, 36.229163 ], [ -86.588221, 36.229346 ], [ -86.588285, 36.229531 ], [ -86.588477, 36.230089 ], [ -86.588542, 36.230275 ], [ -86.588588, 36.230406 ], [ -86.588602, 36.230445 ], [ -86.588795, 36.230953 ], [ -86.58886, 36.231123 ], [ -86.589186, 36.231983 ], [ -86.590165, 36.234566 ], [ -86.590442, 36.235296 ], [ -86.590492, 36.235427 ], [ -86.591092, 36.237005 ], [ -86.593493, 36.237106 ], [ -86.593689, 36.237109 ], [ -86.593656, 36.237394 ], [ -86.593579, 36.238041 ], [ -86.593558, 36.238133 ], [ -86.593514, 36.23822 ], [ -86.593493, 36.238241 ], [ -86.593493, 36.239796 ], [ -86.593637, 36.239767 ], [ -86.593654, 36.239764 ], [ -86.593922, 36.23971 ], [ -86.594726, 36.239551 ], [ -86.594995, 36.239498 ], [ -86.595439, 36.239407 ], [ -86.595363, 36.239827 ], [ -86.595332, 36.240012 ], [ -86.595251, 36.240494 ], [ -86.595088, 36.241461 ], [ -86.594954, 36.241417 ], [ -86.594841, 36.241521 ], [ -86.594796, 36.241563 ], [ -86.594737, 36.241704 ], [ -86.594645, 36.241933 ], [ -86.594339, 36.241711 ], [ -86.593947, 36.241421 ], [ -86.593897, 36.241385 ], [ -86.593899, 36.241251 ], [ -86.593885, 36.241152 ], [ -86.593874, 36.241068 ], [ -86.593723, 36.241018 ], [ -86.59359, 36.240971 ], [ -86.593584, 36.241316 ], [ -86.593422, 36.241477 ], [ -86.593276, 36.241945 ], [ -86.593504, 36.243257 ], [ -86.593666, 36.243638 ], [ -86.593827, 36.24402 ], [ -86.593987, 36.244398 ], [ -86.594147, 36.244776 ], [ -86.594216, 36.24494 ], [ -86.594286, 36.245105 ], [ -86.594325, 36.245252 ], [ -86.594359, 36.245376 ], [ -86.591099, 36.245967 ], [ -86.590951, 36.245994 ], [ -86.590856, 36.246012 ], [ -86.59068, 36.246046 ], [ -86.590541, 36.246074 ], [ -86.590417, 36.246099 ], [ -86.590242, 36.246137 ], [ -86.590053, 36.24618 ], [ -86.58985, 36.246228 ], [ -86.589656, 36.246276 ], [ -86.589483, 36.246321 ], [ -86.589297, 36.246371 ], [ -86.589055, 36.246439 ], [ -86.588758, 36.246527 ], [ -86.58854, 36.246595 ], [ -86.588351, 36.246657 ], [ -86.588149, 36.246725 ], [ -86.587983, 36.246783 ], [ -86.587845, 36.246832 ], [ -86.587735, 36.246873 ], [ -86.587612, 36.246919 ], [ -86.587517, 36.246955 ], [ -86.587415, 36.246995 ], [ -86.586737, 36.24726 ], [ -86.586007, 36.247547 ], [ -86.585858, 36.247605 ], [ -86.585685, 36.247673 ], [ -86.585548, 36.247728 ], [ -86.58541, 36.247783 ], [ -86.58525, 36.247847 ], [ -86.585055, 36.247925 ], [ -86.584918, 36.247981 ], [ -86.58477, 36.248041 ], [ -86.584633, 36.248097 ], [ -86.584496, 36.248153 ], [ -86.584325, 36.248223 ], [ -86.584165, 36.248289 ], [ -86.584006, 36.248355 ], [ -86.583881, 36.248407 ], [ -86.583734, 36.248469 ], [ -86.58362, 36.248517 ], [ -86.583484, 36.248574 ], [ -86.583382, 36.248617 ], [ -86.583258, 36.24867 ], [ -86.583122, 36.248728 ], [ -86.583009, 36.248776 ], [ -86.582919, 36.248815 ], [ -86.582795, 36.248869 ], [ -86.582682, 36.248917 ], [ -86.582581, 36.248961 ], [ -86.582434, 36.249025 ], [ -86.582333, 36.249069 ], [ -86.582176, 36.249138 ], [ -86.582063, 36.249187 ], [ -86.581951, 36.249237 ], [ -86.581817, 36.249296 ], [ -86.581693, 36.249351 ], [ -86.581559, 36.249411 ], [ -86.581447, 36.249461 ], [ -86.581336, 36.249511 ], [ -86.581202, 36.249572 ], [ -86.581079, 36.249627 ], [ -86.580945, 36.249688 ], [ -86.580834, 36.249739 ], [ -86.580734, 36.249785 ], [ -86.580611, 36.249841 ], [ -86.580522, 36.249882 ], [ -86.580434, 36.249923 ], [ -86.580329, 36.249971 ], [ -86.580231, 36.250017 ], [ -86.580145, 36.250057 ], [ -86.580048, 36.250103 ], [ -86.579974, 36.250137 ], [ -86.579914, 36.250166 ], [ -86.579804, 36.250219 ], [ -86.579695, 36.250272 ], [ -86.579549, 36.250342 ], [ -86.579428, 36.250402 ], [ -86.579308, 36.250461 ], [ -86.579199, 36.250515 ], [ -86.579091, 36.25057 ], [ -86.579019, 36.250606 ], [ -86.578936, 36.250648 ], [ -86.578876, 36.250679 ], [ -86.57878, 36.250728 ], [ -86.578673, 36.250783 ], [ -86.578506, 36.25087 ], [ -86.578364, 36.250945 ], [ -86.578281, 36.250989 ], [ -86.578175, 36.251045 ], [ -86.578075, 36.251099 ], [ -86.577916, 36.251185 ], [ -86.577764, 36.251268 ], [ -86.577659, 36.251326 ], [ -86.577496, 36.251417 ], [ -86.577368, 36.251488 ], [ -86.577217, 36.251574 ], [ -86.577113, 36.251633 ], [ -86.576987, 36.251706 ], [ -86.576849, 36.251786 ], [ -86.576746, 36.251846 ], [ -86.576597, 36.251934 ], [ -86.576449, 36.252022 ], [ -86.576324, 36.252097 ], [ -86.576166, 36.252193 ], [ -86.576076, 36.252248 ], [ -86.575979, 36.252308 ], [ -86.575873, 36.252373 ], [ -86.575728, 36.252464 ], [ -86.575627, 36.252527 ], [ -86.575516, 36.252598 ], [ -86.575427, 36.252655 ], [ -86.575339, 36.252711 ], [ -86.575228, 36.252783 ], [ -86.575151, 36.252833 ], [ -86.575074, 36.252883 ], [ -86.574966, 36.252954 ], [ -86.574888, 36.253006 ], [ -86.574767, 36.253086 ], [ -86.574666, 36.253154 ], [ -86.5746, 36.253199 ], [ -86.574449, 36.253305 ], [ -86.574324, 36.253401 ], [ -86.574196, 36.253506 ], [ -86.574058, 36.25363 ], [ -86.573916, 36.253771 ], [ -86.573799, 36.253897 ], [ -86.573656, 36.254067 ], [ -86.573528, 36.254238 ], [ -86.573455, 36.254347 ], [ -86.573353, 36.254514 ], [ -86.573254, 36.254698 ], [ -86.573181, 36.254855 ], [ -86.573121, 36.255004 ], [ -86.573052, 36.255205 ], [ -86.572995, 36.255378 ], [ -86.572943, 36.255527 ], [ -86.572886, 36.255684 ], [ -86.572824, 36.255848 ], [ -86.572768, 36.255988 ], [ -86.572707, 36.256136 ], [ -86.572637, 36.256297 ], [ -86.572567, 36.256451 ], [ -86.572506, 36.256581 ], [ -86.572481, 36.256632 ], [ -86.572435, 36.256726 ], [ -86.572377, 36.256842 ], [ -86.572303, 36.256985 ], [ -86.572238, 36.257106 ], [ -86.572171, 36.257227 ], [ -86.572111, 36.257333 ], [ -86.572029, 36.257474 ], [ -86.571975, 36.257565 ], [ -86.57192, 36.257656 ], [ -86.571859, 36.257753 ], [ -86.571689, 36.258014 ], [ -86.57162, 36.258117 ], [ -86.571521, 36.258259 ], [ -86.571474, 36.258327 ], [ -86.571362, 36.258481 ], [ -86.571262, 36.258614 ], [ -86.571211, 36.25868 ], [ -86.571149, 36.258761 ], [ -86.571048, 36.258844 ], [ -86.570856, 36.259005 ], [ -86.569806, 36.25987 ], [ -86.569672, 36.259968 ], [ -86.569551, 36.260059 ], [ -86.569404, 36.260175 ], [ -86.569272, 36.260284 ], [ -86.569148, 36.26039 ], [ -86.569042, 36.260484 ], [ -86.568932, 36.260585 ], [ -86.56882, 36.260691 ], [ -86.568711, 36.2608 ], [ -86.568623, 36.26089 ], [ -86.568537, 36.260981 ], [ -86.568467, 36.261058 ], [ -86.568403, 36.26113 ], [ -86.568304, 36.261245 ], [ -86.568181, 36.261394 ], [ -86.568063, 36.261544 ], [ -86.567954, 36.261692 ], [ -86.567876, 36.261802 ], [ -86.567774, 36.261953 ], [ -86.567655, 36.26214 ], [ -86.567583, 36.262261 ], [ -86.567514, 36.262382 ], [ -86.567443, 36.26251 ], [ -86.567346, 36.262679 ], [ -86.567243, 36.262853 ], [ -86.567157, 36.262993 ], [ -86.567075, 36.263125 ], [ -86.567004, 36.263238 ], [ -86.566933, 36.263347 ], [ -86.566868, 36.263445 ], [ -86.566806, 36.263538 ], [ -86.566752, 36.263617 ], [ -86.5667, 36.263693 ], [ -86.566665, 36.263743 ], [ -86.566424, 36.264087 ], [ -86.565966, 36.264742 ], [ -86.565462, 36.265463 ], [ -86.561507, 36.271131 ], [ -86.560865, 36.272033 ], [ -86.560407, 36.272687 ], [ -86.560326, 36.272863 ], [ -86.560293, 36.273055 ], [ -86.560248, 36.273269 ], [ -86.560209, 36.273429 ], [ -86.560172, 36.273565 ], [ -86.560126, 36.273715 ], [ -86.560079, 36.273858 ], [ -86.560032, 36.273988 ], [ -86.559981, 36.274121 ], [ -86.559949, 36.274201 ], [ -86.559896, 36.274324 ], [ -86.559469, 36.27529 ], [ -86.557427, 36.279909 ], [ -86.557345, 36.280327 ], [ -86.557279, 36.280665 ], [ -86.557252, 36.280801 ], [ -86.55722, 36.28095 ], [ -86.557197, 36.281107 ], [ -86.557185, 36.281252 ], [ -86.557183, 36.281352 ], [ -86.557185, 36.281473 ], [ -86.557195, 36.2816 ], [ -86.557211, 36.281723 ], [ -86.557239, 36.281872 ], [ -86.557273, 36.282004 ], [ -86.557421, 36.282831 ], [ -86.557449, 36.282989 ], [ -86.557716, 36.284499 ], [ -86.557926, 36.285664 ], [ -86.557949, 36.28575 ], [ -86.557979, 36.285856 ], [ -86.558007, 36.285954 ], [ -86.558036, 36.286057 ], [ -86.558083, 36.286216 ], [ -86.558115, 36.286322 ], [ -86.558157, 36.286456 ], [ -86.558186, 36.28655 ], [ -86.558225, 36.286672 ], [ -86.558268, 36.286802 ], [ -86.5583, 36.286899 ], [ -86.558345, 36.287032 ], [ -86.558394, 36.287174 ], [ -86.558442, 36.287311 ], [ -86.558468, 36.287384 ], [ -86.558491, 36.287448 ], [ -86.558541, 36.287585 ], [ -86.55858, 36.28769 ], [ -86.559516, 36.289921 ], [ -86.559566, 36.290024 ], [ -86.559632, 36.290147 ], [ -86.559721, 36.290301 ], [ -86.559797, 36.290421 ], [ -86.559898, 36.290566 ], [ -86.560005, 36.290708 ], [ -86.560107, 36.290834 ], [ -86.560212, 36.290954 ], [ -86.560313, 36.291061 ], [ -86.560448, 36.291195 ], [ -86.560551, 36.291293 ], [ -86.560633, 36.291382 ], [ -86.560752, 36.291511 ], [ -86.560869, 36.291642 ], [ -86.560971, 36.291756 ], [ -86.561044, 36.291838 ], [ -86.561138, 36.291944 ], [ -86.561245, 36.292068 ], [ -86.561345, 36.292184 ], [ -86.561431, 36.292285 ], [ -86.561514, 36.292383 ], [ -86.561577, 36.292458 ], [ -86.561688, 36.292592 ], [ -86.561784, 36.292709 ], [ -86.561873, 36.292819 ], [ -86.561947, 36.292912 ], [ -86.562048, 36.293039 ], [ -86.562135, 36.293149 ], [ -86.562208, 36.293243 ], [ -86.562287, 36.293346 ], [ -86.562379, 36.293466 ], [ -86.562515, 36.293646 ], [ -86.562706, 36.293906 ], [ -86.562876, 36.294141 ], [ -86.563067, 36.294412 ], [ -86.563272, 36.294712 ], [ -86.56339, 36.294889 ], [ -86.563617, 36.295236 ], [ -86.563719, 36.295398 ], [ -86.563807, 36.295541 ], [ -86.563892, 36.29572 ], [ -86.564058, 36.296058 ], [ -86.564177, 36.296287 ], [ -86.564295, 36.296507 ], [ -86.564402, 36.296698 ], [ -86.564515, 36.296894 ], [ -86.564639, 36.297097 ], [ -86.564724, 36.297247 ], [ -86.564834, 36.297462 ], [ -86.564925, 36.297661 ], [ -86.565002, 36.29785 ], [ -86.565074, 36.298047 ], [ -86.565119, 36.298186 ], [ -86.56517, 36.298366 ], [ -86.565207, 36.298514 ], [ -86.565236, 36.298649 ], [ -86.565266, 36.298812 ], [ -86.565289, 36.298968 ], [ -86.565302, 36.299071 ], [ -86.565313, 36.299187 ], [ -86.56532, 36.299276 ], [ -86.565328, 36.299433 ], [ -86.56533, 36.299556 ], [ -86.56533, 36.299666 ], [ -86.565326, 36.299796 ], [ -86.565318, 36.29994 ], [ -86.565307, 36.300063 ], [ -86.565296, 36.300159 ], [ -86.565292, 36.300193 ], [ -86.565233, 36.300737 ], [ -86.565214, 36.30092 ], [ -86.565191, 36.301129 ], [ -86.56518, 36.301235 ], [ -86.565169, 36.301331 ], [ -86.565145, 36.30156 ], [ -86.565137, 36.301621 ], [ -86.565114, 36.301864 ], [ -86.565104, 36.302044 ], [ -86.565082, 36.302241 ], [ -86.565132, 36.302588 ], [ -86.565328, 36.303121 ], [ -86.565514, 36.303429 ], [ -86.565572, 36.303529 ], [ -86.565613, 36.303606 ], [ -86.565652, 36.303685 ], [ -86.56569, 36.30377 ], [ -86.565722, 36.303851 ], [ -86.565756, 36.303944 ], [ -86.56578, 36.30402 ], [ -86.565805, 36.304108 ], [ -86.565827, 36.304197 ], [ -86.565849, 36.304313 ], [ -86.565865, 36.304429 ], [ -86.565876, 36.304546 ], [ -86.56588, 36.30474 ], [ -86.565868, 36.304935 ], [ -86.565832, 36.305152 ], [ -86.565795, 36.30532 ], [ -86.565734, 36.305508 ], [ -86.565671, 36.305662 ], [ -86.565609, 36.305789 ], [ -86.565544, 36.305908 ], [ -86.565453, 36.306053 ], [ -86.565292, 36.306269 ], [ -86.565176, 36.306402 ], [ -86.564897, 36.306702 ], [ -86.564623, 36.306996 ], [ -86.564467, 36.307164 ], [ -86.563627, 36.308067 ], [ -86.562341, 36.309452 ], [ -86.561929, 36.309894 ], [ -86.561156, 36.310726 ], [ -86.560228, 36.311723 ], [ -86.559673, 36.312321 ], [ -86.559399, 36.312616 ], [ -86.55937, 36.312626 ], [ -86.558514, 36.313614 ], [ -86.557042, 36.315142 ], [ -86.556871, 36.315331 ], [ -86.555698, 36.316634 ], [ -86.553994, 36.31821 ], [ -86.552842, 36.319066 ], [ -86.552811, 36.319082 ], [ -86.552018, 36.319502 ], [ -86.551477, 36.319756 ], [ -86.550826, 36.320062 ], [ -86.549338, 36.320662 ], [ -86.548082, 36.321006 ], [ -86.546666, 36.321246 ], [ -86.546578, 36.321255 ], [ -86.546194, 36.321294 ], [ -86.54606, 36.321283 ], [ -86.545738, 36.321258 ], [ -86.544946, 36.321186 ], [ -86.54417, 36.320914 ], [ -86.543434, 36.320602 ], [ -86.543272, 36.320436 ], [ -86.542922, 36.320078 ], [ -86.542538, 36.319562 ], [ -86.542494, 36.31945 ], [ -86.542378, 36.319334 ], [ -86.541906, 36.318314 ], [ -86.541658, 36.317654 ], [ -86.541394, 36.31695 ], [ -86.541058, 36.315486 ], [ -86.540594, 36.313642 ], [ -86.540194, 36.311862 ], [ -86.539954, 36.310354 ], [ -86.539922, 36.309242 ], [ -86.539922, 36.308182 ], [ -86.539943, 36.30796 ], [ -86.540082, 36.30651 ], [ -86.540082, 36.304618 ], [ -86.540258, 36.303043 ], [ -86.54033, 36.301067 ], [ -86.540162, 36.299415 ], [ -86.539922, 36.297371 ], [ -86.539662, 36.296155 ], [ -86.53957, 36.295723 ], [ -86.539106, 36.294147 ], [ -86.539005, 36.293855 ], [ -86.538506, 36.292411 ], [ -86.537826, 36.290727 ], [ -86.536954, 36.289159 ], [ -86.535946, 36.287515 ], [ -86.535082, 36.286223 ], [ -86.534346, 36.285087 ], [ -86.53373, 36.284211 ], [ -86.53357, 36.283983 ], [ -86.532458, 36.282755 ], [ -86.532277, 36.282573 ], [ -86.531615, 36.281906 ], [ -86.531362, 36.281651 ], [ -86.530386, 36.280727 ], [ -86.529458, 36.280127 ], [ -86.52869, 36.279795 ], [ -86.527794, 36.279359 ], [ -86.526986, 36.278895 ], [ -86.52633, 36.278511 ], [ -86.52561, 36.278271 ], [ -86.525465, 36.278242 ], [ -86.525399, 36.278229 ], [ -86.52453, 36.278059 ], [ -86.52309, 36.277983 ], [ -86.522074, 36.278015 ], [ -86.521642, 36.278099 ], [ -86.521282, 36.278279 ], [ -86.521002, 36.278503 ], [ -86.520578, 36.278967 ], [ -86.52005, 36.279539 ], [ -86.519474, 36.280355 ], [ -86.519451, 36.280394 ], [ -86.518866, 36.281387 ], [ -86.518434, 36.282115 ], [ -86.517698, 36.283555 ], [ -86.517208, 36.284666 ], [ -86.517165, 36.284763 ], [ -86.517036, 36.285053 ], [ -86.516994, 36.285151 ], [ -86.515975, 36.289013 ], [ -86.515794, 36.289703 ], [ -86.514818, 36.293675 ], [ -86.51425, 36.295727 ], [ -86.513762, 36.297227 ], [ -86.513426, 36.298303 ], [ -86.51313, 36.298963 ], [ -86.512754, 36.299707 ], [ -86.512268, 36.300326 ], [ -86.512146, 36.300482 ], [ -86.511298, 36.301426 ], [ -86.510653, 36.301942 ], [ -86.510002, 36.302462 ], [ -86.509276, 36.302938 ], [ -86.508562, 36.303406 ], [ -86.507544, 36.304015 ], [ -86.507402, 36.304101 ], [ -86.507114, 36.304274 ], [ -86.505434, 36.305422 ], [ -86.504942, 36.305781 ], [ -86.504266, 36.306274 ], [ -86.504205, 36.306327 ], [ -86.503538, 36.30691 ], [ -86.502818, 36.307402 ], [ -86.502002, 36.30791 ], [ -86.501978, 36.307926 ], [ -86.501234, 36.308422 ], [ -86.499994, 36.308752 ], [ -86.499878, 36.308793 ], [ -86.499533, 36.308918 ], [ -86.499418, 36.30896 ], [ -86.498731, 36.309208 ], [ -86.498044, 36.309456 ], [ -86.497698, 36.30958 ], [ -86.497023, 36.309825 ], [ -86.495954, 36.310195 ], [ -86.494304, 36.310694 ], [ -86.492549, 36.311451 ], [ -86.490871, 36.312176 ], [ -86.49047, 36.31255 ], [ -86.487306, 36.314444 ], [ -86.484875, 36.315842 ], [ -86.48382, 36.31645 ], [ -86.483229, 36.316811 ], [ -86.479115, 36.319438 ], [ -86.477322, 36.320421 ], [ -86.476172, 36.320845 ], [ -86.474093, 36.32145 ], [ -86.472606, 36.322449 ], [ -86.468031, 36.326195 ], [ -86.467479, 36.326521 ], [ -86.464589, 36.328233 ], [ -86.459414, 36.331299 ], [ -86.457073, 36.332865 ], [ -86.453825, 36.334657 ], [ -86.451721, 36.335629 ], [ -86.449633, 36.336041 ], [ -86.447305, 36.336297 ], [ -86.445014, 36.336814 ], [ -86.444737, 36.336877 ], [ -86.441993, 36.337949 ], [ -86.440251, 36.338639 ], [ -86.438225, 36.339441 ], [ -86.437184, 36.339656 ], [ -86.435681, 36.340021 ], [ -86.434913, 36.340085 ], [ -86.434411, 36.340058 ], [ -86.434096, 36.34004 ], [ -86.433782, 36.340023 ], [ -86.433665, 36.340017 ], [ -86.430937, 36.339441 ], [ -86.42889, 36.338756 ], [ -86.428008, 36.338461 ], [ -86.427892, 36.338408 ], [ -86.425448, 36.337305 ], [ -86.422552, 36.335753 ], [ -86.419704, 36.334085 ], [ -86.419428, 36.333895 ], [ -86.41884, 36.333489 ], [ -86.418392, 36.332837 ], [ -86.417712, 36.327553 ], [ -86.41778, 36.32646 ], [ -86.417784, 36.326401 ], [ -86.418288, 36.32401 ], [ -86.418552, 36.32207 ], [ -86.418112, 36.319874 ], [ -86.418027, 36.319636 ], [ -86.417304, 36.317594 ], [ -86.416248, 36.315346 ], [ -86.41544, 36.313698 ], [ -86.415072, 36.313294 ], [ -86.413792, 36.31255 ], [ -86.41378, 36.31255 ], [ -86.413744, 36.31255 ], [ -86.413732, 36.31255 ], [ -86.413166, 36.31215 ], [ -86.411961, 36.31095 ], [ -86.411927, 36.310916 ], [ -86.409961, 36.309268 ], [ -86.407812, 36.307702 ], [ -86.406175, 36.306763 ], [ -86.406157, 36.306755 ], [ -86.405004, 36.306248 ], [ -86.403883, 36.306084 ], [ -86.403693, 36.306056 ], [ -86.403123, 36.305972 ], [ -86.402933, 36.305945 ], [ -86.402904, 36.305944 ], [ -86.402819, 36.305941 ], [ -86.402791, 36.305941 ], [ -86.401068, 36.30589 ], [ -86.400468, 36.305951 ], [ -86.397711, 36.306232 ], [ -86.396823, 36.306371 ], [ -86.395583, 36.306666 ], [ -86.39408, 36.307283 ], [ -86.393699, 36.307435 ], [ -86.393113, 36.307671 ], [ -86.392794, 36.30791 ], [ -86.392201, 36.3085 ], [ -86.391863, 36.308812 ], [ -86.39175, 36.308922 ], [ -86.391642, 36.309028 ], [ -86.391624, 36.309046 ], [ -86.391452, 36.309199 ], [ -86.391403, 36.309244 ], [ -86.391289, 36.309353 ], [ -86.391186, 36.309453 ], [ -86.39088, 36.309754 ], [ -86.390778, 36.309855 ], [ -86.390436, 36.310196 ], [ -86.390374, 36.310296 ], [ -86.390162, 36.310647 ], [ -86.389888, 36.311283 ], [ -86.389661, 36.311945 ], [ -86.389636, 36.31202 ], [ -86.389455, 36.312393 ], [ -86.389408, 36.31249 ], [ -86.389385, 36.312503 ], [ -86.389315, 36.312538 ], [ -86.389292, 36.31255 ], [ -86.389248, 36.312722 ], [ -86.389232, 36.312783 ], [ -86.389217, 36.31285 ], [ -86.38916, 36.313086 ], [ -86.389128, 36.313462 ], [ -86.389072, 36.31391 ], [ -86.389048, 36.314234 ], [ -86.389016, 36.314614 ], [ -86.389008, 36.31495 ], [ -86.389008, 36.315206 ], [ -86.389, 36.315538 ], [ -86.38904, 36.315854 ], [ -86.38904, 36.31617 ], [ -86.389064, 36.316506 ], [ -86.389064, 36.316692 ], [ -86.389064, 36.316846 ], [ -86.389088, 36.317166 ], [ -86.38912, 36.317446 ], [ -86.3892, 36.317734 ], [ -86.389264, 36.318026 ], [ -86.38932, 36.318306 ], [ -86.389392, 36.318602 ], [ -86.389424, 36.318762 ], [ -86.389496, 36.319182 ], [ -86.389632, 36.319654 ], [ -86.389912, 36.320318 ], [ -86.389992, 36.320626 ], [ -86.390039, 36.320865 ], [ -86.39008, 36.321066 ], [ -86.390168, 36.321474 ], [ -86.390272, 36.321742 ], [ -86.390352, 36.322022 ], [ -86.390368, 36.32233 ], [ -86.39044, 36.322682 ], [ -86.39044, 36.323062 ], [ -86.390408, 36.323542 ], [ -86.390392, 36.323934 ], [ -86.390381, 36.324044 ], [ -86.390352, 36.324341 ], [ -86.390264, 36.324741 ], [ -86.390136, 36.325405 ], [ -86.390072, 36.325801 ], [ -86.389976, 36.326265 ], [ -86.389848, 36.327025 ], [ -86.389728, 36.327817 ], [ -86.389464, 36.328665 ], [ -86.38916, 36.329581 ], [ -86.389024, 36.330026 ], [ -86.388928, 36.330337 ], [ -86.388744, 36.331009 ], [ -86.388738, 36.331042 ], [ -86.388688, 36.331229 ], [ -86.388637, 36.331416 ], [ -86.388624, 36.331465 ], [ -86.388504, 36.331909 ], [ -86.388408, 36.332181 ], [ -86.388292, 36.332449 ], [ -86.388208, 36.332969 ], [ -86.387944, 36.333673 ], [ -86.38756, 36.334637 ], [ -86.387459, 36.334907 ], [ -86.387398, 36.335059 ], [ -86.387349, 36.335203 ], [ -86.387296, 36.335345 ], [ -86.387265, 36.335412 ], [ -86.387072, 36.335825 ], [ -86.386871, 36.3363 ], [ -86.3868, 36.336469 ], [ -86.386424, 36.337261 ], [ -86.38624, 36.337625 ], [ -86.386184, 36.337715 ], [ -86.385952, 36.338085 ], [ -86.385608, 36.338601 ], [ -86.385216, 36.339237 ], [ -86.3848, 36.339805 ], [ -86.384384, 36.340445 ], [ -86.383992, 36.341005 ], [ -86.38352, 36.341577 ], [ -86.383232, 36.341913 ], [ -86.382792, 36.342513 ], [ -86.382296, 36.343081 ], [ -86.381896, 36.343597 ], [ -86.381528, 36.343941 ], [ -86.381504, 36.343962 ], [ -86.381184, 36.344265 ], [ -86.380816, 36.344649 ], [ -86.38044, 36.345169 ], [ -86.380192, 36.345541 ], [ -86.37988, 36.346089 ], [ -86.379366, 36.346939 ], [ -86.379304, 36.347041 ], [ -86.378728, 36.348065 ], [ -86.378144, 36.348937 ], [ -86.377865, 36.349381 ], [ -86.377656, 36.349713 ], [ -86.377398, 36.350132 ], [ -86.377184, 36.350481 ], [ -86.376888, 36.350921 ], [ -86.376792, 36.350949 ], [ -86.376753, 36.350994 ], [ -86.376714, 36.35104 ], [ -86.376584, 36.351191 ], [ -86.376528, 36.351257 ], [ -86.376184, 36.351617 ], [ -86.375923, 36.351886 ], [ -86.375856, 36.351956 ], [ -86.375705, 36.352119 ], [ -86.3756, 36.352232 ], [ -86.375573, 36.352256 ], [ -86.37536, 36.35246 ], [ -86.375139, 36.352627 ], [ -86.375112, 36.352648 ], [ -86.374992, 36.352748 ], [ -86.374893, 36.352784 ], [ -86.374596, 36.352893 ], [ -86.374499, 36.352926 ], [ -86.37368, 36.353567 ], [ -86.372808, 36.354252 ], [ -86.371226, 36.355491 ], [ -86.371117, 36.355578 ], [ -86.370763, 36.355856 ], [ -86.370409, 36.356134 ], [ -86.369836, 36.356364 ], [ -86.369262, 36.356594 ], [ -86.369039, 36.356682 ], [ -86.368645, 36.356839 ], [ -86.366388, 36.357746 ], [ -86.364832, 36.357944 ], [ -86.363902, 36.358063 ], [ -86.363371, 36.357985 ], [ -86.362569, 36.357867 ], [ -86.361767, 36.357749 ], [ -86.361638, 36.35773 ], [ -86.361323, 36.357684 ], [ -86.360844, 36.357466 ], [ -86.360502, 36.357311 ], [ -86.36016, 36.357156 ], [ -86.358691, 36.356488 ], [ -86.356952, 36.35541 ], [ -86.355464, 36.354488 ], [ -86.355366, 36.354428 ], [ -86.354639, 36.353902 ], [ -86.352971, 36.352696 ], [ -86.352015, 36.352497 ], [ -86.351519, 36.352394 ], [ -86.351025, 36.352292 ], [ -86.350942, 36.352275 ], [ -86.348454, 36.348247 ], [ -86.346517, 36.345112 ], [ -86.345651, 36.34089 ], [ -86.34591, 36.334436 ], [ -86.346011, 36.331925 ], [ -86.346094, 36.329848 ], [ -86.346228, 36.329666 ], [ -86.346839, 36.328841 ], [ -86.348352, 36.327727 ], [ -86.349405, 36.326806 ], [ -86.349499, 36.326723 ], [ -86.349775, 36.326483 ], [ -86.351837, 36.325383 ], [ -86.352462, 36.325121 ], [ -86.353223, 36.324803 ], [ -86.353657, 36.324478 ], [ -86.354895, 36.323552 ], [ -86.355881, 36.32263 ], [ -86.356287, 36.322251 ], [ -86.35932, 36.318161 ], [ -86.360279, 36.31687 ], [ -86.361281, 36.315434 ], [ -86.361418, 36.31503 ], [ -86.361522, 36.314725 ], [ -86.361626, 36.31442 ], [ -86.361902, 36.31361 ], [ -86.361912, 36.313423 ], [ -86.362023, 36.311505 ], [ -86.361213, 36.310614 ], [ -86.360512, 36.309843 ], [ -86.358539, 36.309236 ], [ -86.356661, 36.309475 ], [ -86.354816, 36.309711 ], [ -86.350789, 36.311373 ], [ -86.348672, 36.312248 ], [ -86.348547, 36.312299 ], [ -86.345033, 36.314093 ], [ -86.344936, 36.314149 ], [ -86.344832, 36.314195 ], [ -86.344033, 36.314604 ], [ -86.339858, 36.316497 ], [ -86.336409, 36.317877 ], [ -86.333865, 36.318525 ], [ -86.330452, 36.318772 ], [ -86.326035, 36.317969 ], [ -86.32074, 36.316919 ], [ -86.315952, 36.315397 ], [ -86.310634, 36.313943 ], [ -86.307046, 36.312894 ], [ -86.30356, 36.312541 ], [ -86.301883, 36.312603 ], [ -86.300075, 36.312374 ], [ -86.299497, 36.31274 ], [ -86.298452, 36.313634 ], [ -86.298289, 36.315367 ], [ -86.297917, 36.316948 ], [ -86.297563, 36.318457 ], [ -86.297208, 36.319966 ], [ -86.297198, 36.320008 ], [ -86.297163, 36.320249 ], [ -86.297062, 36.32095 ], [ -86.296961, 36.321651 ], [ -86.296613, 36.324065 ], [ -86.296594, 36.325731 ], [ -86.296563, 36.328419 ], [ -86.296532, 36.331106 ], [ -86.296529, 36.331335 ], [ -86.296526, 36.331564 ], [ -86.296524, 36.331743 ], [ -86.296522, 36.331922 ], [ -86.29652, 36.33211 ], [ -86.296429, 36.334636 ], [ -86.295987, 36.336491 ], [ -86.294477, 36.339005 ], [ -86.29296, 36.34084 ], [ -86.292731, 36.341116 ], [ -86.292503, 36.341392 ], [ -86.291961, 36.342048 ], [ -86.291219, 36.342965 ], [ -86.290883, 36.343376 ], [ -86.289144, 36.34489 ], [ -86.287291, 36.346174 ], [ -86.283256, 36.3475 ], [ -86.283062, 36.347564 ], [ -86.27911, 36.348523 ], [ -86.275903, 36.348476 ], [ -86.272764, 36.347579 ], [ -86.270912, 36.346306 ], [ -86.26913, 36.344862 ], [ -86.267291, 36.341395 ], [ -86.265761, 36.337369 ], [ -86.264889, 36.33317 ], [ -86.264578, 36.331102 ], [ -86.264422, 36.330093 ], [ -86.264475, 36.32966 ], [ -86.264503, 36.329432 ], [ -86.264531, 36.329205 ], [ -86.264643, 36.328292 ], [ -86.26617, 36.325709 ], [ -86.266212, 36.325639 ], [ -86.266855, 36.324678 ], [ -86.26851, 36.322208 ], [ -86.270166, 36.319739 ], [ -86.271176, 36.318233 ], [ -86.272292, 36.316014 ], [ -86.27258, 36.315441 ], [ -86.273072, 36.313277 ], [ -86.27321, 36.312684 ], [ -86.27347, 36.309364 ], [ -86.272664, 36.307286 ], [ -86.269869, 36.304243 ], [ -86.266136, 36.300863 ], [ -86.26478, 36.29995 ], [ -86.264436, 36.299718 ], [ -86.263473, 36.299455 ], [ -86.263446, 36.299448 ], [ -86.263177, 36.299375 ], [ -86.260942, 36.299665 ], [ -86.257999, 36.300393 ], [ -86.254989, 36.301681 ], [ -86.252546, 36.302829 ], [ -86.251115, 36.304032 ], [ -86.24999, 36.304979 ], [ -86.249316, 36.305772 ], [ -86.249275, 36.30582 ], [ -86.248042, 36.308446 ], [ -86.24792, 36.309031 ], [ -86.247851, 36.309359 ], [ -86.247782, 36.309687 ], [ -86.247399, 36.311521 ], [ -86.247398, 36.312644 ], [ -86.247397, 36.313669 ], [ -86.247395, 36.314694 ], [ -86.247391, 36.317587 ], [ -86.247397, 36.317682 ], [ -86.24775, 36.323038 ], [ -86.247941, 36.324503 ], [ -86.248126, 36.325922 ], [ -86.248312, 36.32734 ], [ -86.248322, 36.327415 ], [ -86.248295, 36.327497 ], [ -86.247811, 36.328994 ], [ -86.247327, 36.330492 ], [ -86.247123, 36.331121 ], [ -86.245956, 36.33404 ], [ -86.245715, 36.334643 ], [ -86.245568, 36.334847 ], [ -86.244456, 36.336405 ], [ -86.241172, 36.339324 ], [ -86.240747, 36.339703 ], [ -86.240237, 36.340156 ], [ -86.240115, 36.340263 ], [ -86.235117, 36.344708 ], [ -86.230096, 36.349172 ], [ -86.229897, 36.349349 ], [ -86.229863, 36.349345 ], [ -86.228967, 36.349249 ], [ -86.228669, 36.349217 ], [ -86.227124, 36.34905 ], [ -86.226251, 36.348957 ], [ -86.226726, 36.345206 ], [ -86.226885, 36.343957 ], [ -86.226908, 36.343664 ], [ -86.226978, 36.34289 ], [ -86.226996, 36.342692 ], [ -86.224873, 36.342404 ], [ -86.224104, 36.3423 ], [ -86.224072, 36.342295 ], [ -86.223978, 36.34228 ], [ -86.223947, 36.342275 ], [ -86.223773, 36.342247 ], [ -86.223251, 36.342165 ], [ -86.223078, 36.342138 ], [ -86.222611, 36.342092 ], [ -86.221212, 36.341954 ], [ -86.220746, 36.341909 ], [ -86.220173, 36.341852 ], [ -86.218456, 36.341681 ], [ -86.217884, 36.341625 ], [ -86.217728, 36.341703 ], [ -86.217531, 36.341826 ], [ -86.217468, 36.34186 ], [ -86.217438, 36.341881 ], [ -86.21737, 36.341915 ], [ -86.217318, 36.341949 ], [ -86.217191, 36.342016 ], [ -86.216977, 36.342174 ], [ -86.216947, 36.342187 ], [ -86.216787, 36.342288 ], [ -86.216529, 36.342452 ], [ -86.21629, 36.342623 ], [ -86.216217, 36.34267 ], [ -86.216038, 36.342772 ], [ -86.215952, 36.34284 ], [ -86.215756, 36.34298 ], [ -86.215619, 36.343092 ], [ -86.215543, 36.34314 ], [ -86.21533, 36.343248 ], [ -86.215295, 36.343255 ], [ -86.215269, 36.343269 ], [ -86.215133, 36.343309 ], [ -86.21501, 36.34334 ], [ -86.214921, 36.343356 ], [ -86.214824, 36.343386 ], [ -86.214785, 36.343383 ], [ -86.214691, 36.343379 ], [ -86.214666, 36.343437 ], [ -86.21458, 36.343506 ], [ -86.214546, 36.343512 ], [ -86.214444, 36.343553 ], [ -86.214402, 36.343566 ], [ -86.214324, 36.3436 ], [ -86.214206, 36.343665 ], [ -86.214069, 36.343722 ], [ -86.213967, 36.343777 ], [ -86.213899, 36.343831 ], [ -86.213813, 36.343886 ], [ -86.213745, 36.343912 ], [ -86.213575, 36.344018 ], [ -86.213514, 36.344049 ], [ -86.213464, 36.344062 ], [ -86.213448, 36.34407 ], [ -86.213419, 36.344086 ], [ -86.213318, 36.344157 ], [ -86.213189, 36.344311 ], [ -86.213095, 36.344406 ], [ -86.213019, 36.344451 ], [ -86.212891, 36.344505 ], [ -86.21284, 36.344518 ], [ -86.212703, 36.344593 ], [ -86.212457, 36.344654 ], [ -86.212355, 36.344674 ], [ -86.21224, 36.344677 ], [ -86.211974, 36.344654 ], [ -86.211943, 36.344642 ], [ -86.211874, 36.344617 ], [ -86.211728, 36.344546 ], [ -86.211627, 36.344505 ], [ -86.21131, 36.344331 ], [ -86.211214, 36.344262 ], [ -86.210977, 36.344137 ], [ -86.210849, 36.344054 ], [ -86.210645, 36.343922 ], [ -86.21059, 36.343881 ], [ -86.210547, 36.34386 ], [ -86.210505, 36.343825 ], [ -86.210429, 36.343773 ], [ -86.21028, 36.343673 ], [ -86.210201, 36.34362 ], [ -86.210125, 36.343569 ], [ -86.210025, 36.343472 ], [ -86.21, 36.343441 ], [ -86.209891, 36.343331 ], [ -86.209807, 36.343258 ], [ -86.209753, 36.343206 ], [ -86.209706, 36.343161 ], [ -86.209614, 36.343085 ], [ -86.20939, 36.342919 ], [ -86.209252, 36.342842 ], [ -86.209192, 36.342822 ], [ -86.209159, 36.342801 ], [ -86.209065, 36.342766 ], [ -86.209032, 36.342745 ], [ -86.208897, 36.342697 ], [ -86.208822, 36.342677 ], [ -86.208744, 36.342661 ], [ -86.208533, 36.342633 ], [ -86.208489, 36.342633 ], [ -86.208354, 36.34262 ], [ -86.208177, 36.342603 ], [ -86.207982, 36.342602 ], [ -86.207837, 36.342614 ], [ -86.207752, 36.342621 ], [ -86.207384, 36.342611 ], [ -86.207016, 36.342601 ], [ -86.20656, 36.342659 ], [ -86.206527, 36.341364 ], [ -86.206493, 36.34002 ], [ -86.206404, 36.336509 ], [ -86.20575, 36.335269 ], [ -86.205066, 36.33407 ], [ -86.204575, 36.333208 ], [ -86.204069, 36.332321 ], [ -86.199587, 36.327931 ], [ -86.197593, 36.326234 ], [ -86.196202, 36.325209 ], [ -86.195714, 36.32485 ], [ -86.195225, 36.32449 ], [ -86.193588, 36.323284 ], [ -86.191952, 36.322078 ], [ -86.189251, 36.320088 ], [ -86.18858, 36.319868 ], [ -86.187652, 36.319552 ], [ -86.186203, 36.319225 ], [ -86.185175, 36.319228 ], [ -86.184277, 36.319287 ], [ -86.182665, 36.320219 ], [ -86.182127, 36.320619 ], [ -86.181494, 36.321089 ], [ -86.180932, 36.321506 ], [ -86.180862, 36.321559 ], [ -86.180825, 36.321587 ], [ -86.180716, 36.321717 ], [ -86.179415, 36.323269 ], [ -86.179277, 36.323398 ], [ -86.178202, 36.324402 ], [ -86.177011, 36.325961 ], [ -86.176942, 36.326103 ], [ -86.1762, 36.327617 ], [ -86.175953, 36.328676 ], [ -86.175916, 36.328836 ], [ -86.175016, 36.328234 ], [ -86.174946, 36.328187 ], [ -86.174736, 36.328046 ], [ -86.174666, 36.328 ], [ -86.174463, 36.327865 ], [ -86.173746, 36.327385 ], [ -86.17158, 36.325937 ], [ -86.166683, 36.322663 ], [ -86.164045, 36.320899 ], [ -86.162469, 36.319556 ], [ -86.159645, 36.31715 ], [ -86.158871, 36.31649 ], [ -86.156549, 36.31451 ], [ -86.155776, 36.31385 ], [ -86.155777, 36.313837 ], [ -86.155916, 36.313359 ], [ -86.155993, 36.313095 ], [ -86.156092, 36.312722 ], [ -86.15613, 36.312374 ], [ -86.156139, 36.3121 ], [ -86.156111, 36.311859 ], [ -86.156096, 36.311738 ], [ -86.156012, 36.311423 ], [ -86.155991, 36.311368 ], [ -86.155928, 36.311198 ], [ -86.155907, 36.31114 ], [ -86.155717, 36.310768 ], [ -86.155694, 36.31071 ], [ -86.155628, 36.310542 ], [ -86.155608, 36.310493 ], [ -86.155603, 36.31048 ], [ -86.155561, 36.310342 ], [ -86.155546, 36.310292 ], [ -86.154895, 36.310399 ], [ -86.152942, 36.31072 ], [ -86.152291, 36.310827 ], [ -86.15224, 36.310835 ], [ -86.151877, 36.310525 ], [ -86.150788, 36.309598 ], [ -86.150426, 36.309289 ], [ -86.14879, 36.307931 ], [ -86.144659, 36.304502 ], [ -86.143982, 36.303757 ], [ -86.142554, 36.302184 ], [ -86.142426, 36.302044 ], [ -86.142043, 36.301624 ], [ -86.141916, 36.301484 ], [ -86.140893, 36.300359 ], [ -86.137825, 36.296984 ], [ -86.136803, 36.295859 ], [ -86.135972, 36.294946 ], [ -86.135661, 36.294603 ], [ -86.134503, 36.291579 ], [ -86.134062, 36.290427 ], [ -86.133757, 36.28963 ], [ -86.132842, 36.28724 ], [ -86.132537, 36.286444 ], [ -86.132013, 36.285074 ], [ -86.131674, 36.284181 ], [ -86.131497, 36.283722 ] ], [ [ -86.523452, 36.137463 ], [ -86.521736, 36.137294 ], [ -86.52168, 36.137606 ], [ -86.521583, 36.138157 ], [ -86.521528, 36.138464 ], [ -86.52137, 36.139362 ], [ -86.521057, 36.141141 ], [ -86.521924, 36.141223 ], [ -86.522556, 36.141284 ], [ -86.522662, 36.14083 ], [ -86.522877, 36.139913 ], [ -86.523153, 36.138733 ], [ -86.523291, 36.138149 ], [ -86.523452, 36.137463 ] ] ] } },
{ "type": "Feature", "properties": { "STATEFP": "47", "COUNTYFP": "037", "COUNTYNS": "01639737", "GEOID": "47037", "GEOIDFQ": "0500000US47037", "NAME": "Davidson", "NAMELSAD": "Davidson County", "LSAD": "06", "CLASSFP": "H6", "MTFCC": "G4020", "CSAFP": "400", "CBSAFP": "34980", "METDIVFP": null, "FUNCSTAT": "C", "ALAND": 1303999199, "AWATER": 56424538, "INTPTLAT": "+36.1691287", "INTPTLON": "-086.7847898" }, "geometry": { "type": "MultiPolygon", "coordinates": [ [ [ [ -86.577515, 36.199759 ], [ -86.577487, 36.199708 ], [ -86.576757, 36.197592 ], [ -86.576717, 36.197476 ], [ -86.576695, 36.197411 ], [ -86.57648, 36.196848 ], [ -86.57607, 36.195775 ], [ -86.575835, 36.195159 ], [ -86.57562, 36.194597 ], [ -86.575587, 36.194508 ], [ -86.575576, 36.19446 ], [ -86.575484, 36.194038 ], [ -86.575465, 36.193949 ], [ -86.575454, 36.193898 ], [ -86.575435, 36.193813 ], [ -86.575419, 36.193735 ], [ -86.575379, 36.193561 ], [ -86.57536, 36.193478 ], [ -86.575249, 36.192995 ], [ -86.575007, 36.191937 ], [ -86.574946, 36.19166 ], [ -86.57492, 36.191548 ], [ -86.574812, 36.191066 ], [ -86.574807, 36.191045 ], [ -86.574795, 36.190984 ], [ -86.574792, 36.190964 ], [ -86.574739, 36.190728 ], [ -86.574686, 36.190491 ], [ -86.574624, 36.190216 ], [ -86.57458, 36.19002 ], [ -86.574527, 36.189785 ], [ -86.574522, 36.189764 ], [ -86.574508, 36.189705 ], [ -86.574504, 36.189685 ], [ -86.574365, 36.18907 ], [ -86.574256, 36.188588 ], [ -86.57417, 36.188209 ], [ -86.573236, 36.184073 ], [ -86.573201, 36.18392 ], [ -86.572827, 36.182268 ], [ -86.572172, 36.179372 ], [ -86.572153, 36.179287 ], [ -86.572126, 36.179184 ], [ -86.571547, 36.176608 ], [ -86.571482, 36.17632 ], [ -86.571452, 36.176187 ], [ -86.571412, 36.176012 ], [ -86.571405, 36.175982 ], [ -86.571313, 36.175728 ], [ -86.57089, 36.173679 ], [ -86.570712, 36.17338 ], [ -86.570411, 36.172879 ], [ -86.570015, 36.172212 ], [ -86.568106, 36.169001 ], [ -86.56802, 36.168859 ], [ -86.567917, 36.16869 ], [ -86.567688, 36.168312 ], [ -86.564859, 36.163649 ], [ -86.563296, 36.160373 ], [ -86.562782, 36.159378 ], [ -86.560398, 36.154465 ], [ -86.558862, 36.151301 ], [ -86.55659, 36.146882 ], [ -86.556038, 36.145785 ], [ -86.555949, 36.145775 ], [ -86.55585, 36.145569 ], [ -86.555759, 36.145381 ], [ -86.554168, 36.145266 ], [ -86.552559, 36.14515 ], [ -86.552683, 36.144568 ], [ -86.552138, 36.144501 ], [ -86.551192, 36.144386 ], [ -86.550926, 36.144355 ], [ -86.550937, 36.144315 ], [ -86.551059, 36.143906 ], [ -86.551254, 36.143262 ], [ -86.551859, 36.143232 ], [ -86.552143, 36.143218 ], [ -86.552285, 36.143211 ], [ -86.553083, 36.14325 ], [ -86.553484, 36.143307 ], [ -86.553856, 36.143359 ], [ -86.554563, 36.143458 ], [ -86.55458, 36.143461 ], [ -86.555275, 36.143521 ], [ -86.555323, 36.143212 ], [ -86.555378, 36.143215 ], [ -86.555406, 36.143217 ], [ -86.555735, 36.141344 ], [ -86.556865, 36.13496 ], [ -86.556783, 36.134958 ], [ -86.556722, 36.134952 ], [ -86.55665, 36.134941 ], [ -86.556609, 36.134928 ], [ -86.556578, 36.13492 ], [ -86.556538, 36.134907 ], [ -86.556497, 36.134893 ], [ -86.556477, 36.134886 ], [ -86.556458, 36.134878 ], [ -86.556427, 36.134871 ], [ -86.556396, 36.134865 ], [ -86.556365, 36.134859 ], [ -86.556333, 36.134854 ], [ -86.556302, 36.134849 ], [ -86.55627, 36.134845 ], [ -86.556239, 36.134842 ], [ -86.556207, 36.134839 ], [ -86.556175, 36.134837 ], [ -86.556143, 36.134836 ], [ -86.556114, 36.13483 ], [ -86.556084, 36.134825 ], [ -86.556054, 36.134819 ], [ -86.556025, 36.134814 ], [ -86.555995, 36.134809 ], [ -86.555936, 36.134798 ], [ -86.555877, 36.134788 ], [ -86.555847, 36.134782 ], [ -86.55578, 36.13477 ], [ -86.555713, 36.134755 ], [ -86.55568, 36.134747 ], [ -86.555647, 36.134738 ], [ -86.555614, 36.134728 ], [ -86.55555, 36.134707 ], [ -86.555486, 36.134684 ], [ -86.555424, 36.134658 ], [ -86.555364, 36.134631 ], [ -86.555302, 36.134598 ], [ -86.555249, 36.134565 ], [ -86.555184, 36.134527 ], [ -86.555138, 36.134495 ], [ -86.555093, 36.134461 ], [ -86.555016, 36.134396 ], [ -86.554968, 36.13435 ], [ -86.554925, 36.134304 ], [ -86.554885, 36.134257 ], [ -86.554872, 36.134231 ], [ -86.554863, 36.134205 ], [ -86.55486, 36.134181 ], [ -86.554859, 36.134163 ], [ -86.554864, 36.134122 ], [ -86.554872, 36.134095 ], [ -86.554885, 36.134069 ], [ -86.554902, 36.134045 ], [ -86.554946, 36.134003 ], [ -86.555002, 36.133971 ], [ -86.55497, 36.133943 ], [ -86.554935, 36.133921 ], [ -86.554908, 36.133908 ], [ -86.554851, 36.133891 ], [ -86.554791, 36.133883 ], [ -86.55473, 36.133886 ], [ -86.554689, 36.133895 ], [ -86.554652, 36.133904 ], [ -86.554575, 36.133926 ], [ -86.554504, 36.133952 ], [ -86.554446, 36.133975 ], [ -86.554387, 36.134003 ], [ -86.554331, 36.134035 ], [ -86.554304, 36.134052 ], [ -86.554278, 36.13407 ], [ -86.554252, 36.134088 ], [ -86.554227, 36.134107 ], [ -86.554204, 36.134127 ], [ -86.554181, 36.134148 ], [ -86.554138, 36.134191 ], [ -86.554099, 36.134237 ], [ -86.55408, 36.134261 ], [ -86.554063, 36.134287 ], [ -86.554049, 36.134314 ], [ -86.554038, 36.134342 ], [ -86.55403, 36.13437 ], [ -86.554025, 36.134399 ], [ -86.554023, 36.134428 ], [ -86.554025, 36.134457 ], [ -86.554029, 36.134486 ], [ -86.554036, 36.134515 ], [ -86.554047, 36.134542 ], [ -86.554043, 36.134571 ], [ -86.554041, 36.1346 ], [ -86.554042, 36.134629 ], [ -86.554043, 36.134652 ], [ -86.554051, 36.134704 ], [ -86.554061, 36.134743 ], [ -86.554071, 36.134771 ], [ -86.554096, 36.134825 ], [ -86.554124, 36.134859 ], [ -86.554095, 36.134958 ], [ -86.554379, 36.135706 ], [ -86.554398, 36.135755 ], [ -86.553943, 36.13621 ], [ -86.553901, 36.136221 ], [ -86.553867, 36.136227 ], [ -86.553832, 36.136229 ], [ -86.553798, 36.136229 ], [ -86.553763, 36.136225 ], [ -86.55373, 36.136219 ], [ -86.553697, 36.13621 ], [ -86.553666, 36.136198 ], [ -86.553636, 36.136183 ], [ -86.553611, 36.136167 ], [ -86.553584, 36.136146 ], [ -86.553566, 36.13613 ], [ -86.553549, 36.136114 ], [ -86.553531, 36.136097 ], [ -86.553514, 36.13608 ], [ -86.553498, 36.136063 ], [ -86.553481, 36.136046 ], [ -86.553467, 36.13603 ], [ -86.553449, 36.136011 ], [ -86.553436, 36.135997 ], [ -86.553417, 36.135976 ], [ -86.553396, 36.135954 ], [ -86.553349, 36.135914 ], [ -86.553323, 36.135896 ], [ -86.553268, 36.135863 ], [ -86.553237, 36.135848 ], [ -86.553177, 36.135824 ], [ -86.553145, 36.135814 ], [ -86.553065, 36.135814 ], [ -86.553044, 36.135816 ], [ -86.553012, 36.135819 ], [ -86.552977, 36.135825 ], [ -86.552948, 36.135831 ], [ -86.552911, 36.13584 ], [ -86.55288, 36.135849 ], [ -86.552849, 36.135861 ], [ -86.552819, 36.135873 ], [ -86.552789, 36.135887 ], [ -86.552761, 36.135903 ], [ -86.552734, 36.13592 ], [ -86.552712, 36.135942 ], [ -86.55269, 36.135964 ], [ -86.552668, 36.135986 ], [ -86.552647, 36.136009 ], [ -86.552626, 36.136031 ], [ -86.552605, 36.136054 ], [ -86.552584, 36.136077 ], [ -86.552563, 36.1361 ], [ -86.552543, 36.136123 ], [ -86.552523, 36.136147 ], [ -86.552504, 36.13617 ], [ -86.552484, 36.136194 ], [ -86.55239, 36.136314 ], [ -86.552081, 36.136478 ], [ -86.55095, 36.137078 ], [ -86.549818, 36.137678 ], [ -86.549545, 36.137823 ], [ -86.549504, 36.137828 ], [ -86.549468, 36.137832 ], [ -86.549433, 36.137835 ], [ -86.549396, 36.137836 ], [ -86.549362, 36.137836 ], [ -86.549324, 36.137834 ], [ -86.549288, 36.137831 ], [ -86.549252, 36.137826 ], [ -86.549217, 36.13782 ], [ -86.549182, 36.137813 ], [ -86.549163, 36.1378 ], [ -86.54914, 36.137786 ], [ -86.549118, 36.137773 ], [ -86.549095, 36.137761 ], [ -86.549072, 36.137751 ], [ -86.549048, 36.13774 ], [ -86.549024, 36.137731 ], [ -86.548999, 36.137723 ], [ -86.548974, 36.137715 ], [ -86.548948, 36.137708 ], [ -86.548925, 36.137695 ], [ -86.548901, 36.137682 ], [ -86.548877, 36.137671 ], [ -86.548852, 36.13766 ], [ -86.548827, 36.137649 ], [ -86.548801, 36.13764 ], [ -86.548774, 36.137631 ], [ -86.548747, 36.137624 ], [ -86.54872, 36.137617 ], [ -86.548606, 36.137536 ], [ -86.548581, 36.13753 ], [ -86.548556, 36.137524 ], [ -86.548532, 36.137518 ], [ -86.548508, 36.137513 ], [ -86.548484, 36.137508 ], [ -86.548464, 36.137507 ], [ -86.548445, 36.137503 ], [ -86.548426, 36.137498 ], [ -86.548408, 36.137491 ], [ -86.548391, 36.137482 ], [ -86.548359, 36.137475 ], [ -86.548327, 36.137468 ], [ -86.548295, 36.13746 ], [ -86.548264, 36.137452 ], [ -86.548232, 36.137444 ], [ -86.5482, 36.137436 ], [ -86.548168, 36.137428 ], [ -86.548137, 36.13742 ], [ -86.548105, 36.137411 ], [ -86.548074, 36.137402 ], [ -86.54804, 36.137398 ], [ -86.548006, 36.137393 ], [ -86.547972, 36.137387 ], [ -86.547939, 36.137381 ], [ -86.547905, 36.137375 ], [ -86.547872, 36.137368 ], [ -86.547839, 36.13736 ], [ -86.547806, 36.137352 ], [ -86.547773, 36.137344 ], [ -86.547741, 36.137335 ], [ -86.547708, 36.137326 ], [ -86.547676, 36.137316 ], [ -86.547645, 36.137306 ], [ -86.547613, 36.137295 ], [ -86.547581, 36.137284 ], [ -86.54755, 36.137272 ], [ -86.547519, 36.13726 ], [ -86.547488, 36.137247 ], [ -86.547456, 36.137233 ], [ -86.547428, 36.137221 ], [ -86.547401, 36.137216 ], [ -86.547374, 36.137209 ], [ -86.547348, 36.137201 ], [ -86.547273, 36.137171 ], [ -86.547228, 36.137146 ], [ -86.547206, 36.137132 ], [ -86.547186, 36.137116 ], [ -86.547122, 36.137094 ], [ -86.547024, 36.137068 ], [ -86.546957, 36.137054 ], [ -86.546889, 36.137045 ], [ -86.54682, 36.137039 ], [ -86.546716, 36.137036 ], [ -86.546613, 36.137043 ], [ -86.546579, 36.137046 ], [ -86.54655, 36.137056 ], [ -86.546515, 36.137069 ], [ -86.546493, 36.137077 ], [ -86.546411, 36.137114 ], [ -86.546384, 36.137128 ], [ -86.546333, 36.137157 ], [ -86.546309, 36.137173 ], [ -86.54628, 36.137188 ], [ -86.546225, 36.137223 ], [ -86.546175, 36.137258 ], [ -86.546152, 36.137278 ], [ -86.546131, 36.137299 ], [ -86.546111, 36.137322 ], [ -86.546075, 36.137368 ], [ -86.546046, 36.137418 ], [ -86.546033, 36.137444 ], [ -86.546023, 36.13747 ], [ -86.546008, 36.137524 ], [ -86.545967, 36.137602 ], [ -86.545938, 36.137654 ], [ -86.545906, 36.137704 ], [ -86.545839, 36.137804 ], [ -86.545819, 36.13784 ], [ -86.545759, 36.137948 ], [ -86.545699, 36.13805 ], [ -86.545649, 36.138123 ], [ -86.545593, 36.138194 ], [ -86.545513, 36.138284 ], [ -86.54547, 36.138327 ], [ -86.545426, 36.138368 ], [ -86.545353, 36.138429 ], [ -86.545304, 36.138468 ], [ -86.545226, 36.138523 ], [ -86.545126, 36.138604 ], [ -86.545075, 36.138645 ], [ -86.544955, 36.138735 ], [ -86.544891, 36.138781 ], [ -86.544832, 36.138825 ], [ -86.544809, 36.138837 ], [ -86.544755, 36.138877 ], [ -86.544708, 36.138922 ], [ -86.544687, 36.138947 ], [ -86.54467, 36.138975 ], [ -86.544638, 36.139027 ], [ -86.544627, 36.139059 ], [ -86.543839, 36.139693 ], [ -86.542842, 36.140496 ], [ -86.54272, 36.140594 ], [ -86.542671, 36.140603 ], [ -86.542637, 36.14061 ], [ -86.542603, 36.140617 ], [ -86.542569, 36.140623 ], [ -86.542535, 36.140629 ], [ -86.5425, 36.140633 ], [ -86.542465, 36.140635 ], [ -86.54243, 36.140635 ], [ -86.542394, 36.140632 ], [ -86.54236, 36.140627 ], [ -86.542326, 36.14062 ], [ -86.542292, 36.140611 ], [ -86.54226, 36.140599 ], [ -86.542229, 36.140586 ], [ -86.5422, 36.14057 ], [ -86.542172, 36.140553 ], [ -86.542146, 36.140533 ], [ -86.542122, 36.140513 ], [ -86.5421, 36.14049 ], [ -86.54208, 36.140467 ], [ -86.542075, 36.140446 ], [ -86.542068, 36.140426 ], [ -86.542051, 36.140386 ], [ -86.542029, 36.140348 ], [ -86.542016, 36.140329 ], [ -86.542002, 36.140312 ], [ -86.541987, 36.140294 ], [ -86.541971, 36.140278 ], [ -86.541967, 36.140258 ], [ -86.541962, 36.140237 ], [ -86.541948, 36.140198 ], [ -86.541931, 36.140159 ], [ -86.541921, 36.14014 ], [ -86.54191, 36.140121 ], [ -86.541898, 36.140103 ], [ -86.541885, 36.140085 ], [ -86.541874, 36.140059 ], [ -86.541861, 36.140034 ], [ -86.541845, 36.140009 ], [ -86.541829, 36.139985 ], [ -86.54181, 36.139962 ], [ -86.54179, 36.13994 ], [ -86.541768, 36.139918 ], [ -86.541745, 36.139898 ], [ -86.541721, 36.139879 ], [ -86.541695, 36.139861 ], [ -86.541668, 36.139844 ], [ -86.54164, 36.139829 ], [ -86.541615, 36.13981 ], [ -86.541589, 36.139791 ], [ -86.541564, 36.139772 ], [ -86.541538, 36.139754 ], [ -86.54151, 36.139733 ], [ -86.541487, 36.139717 ], [ -86.54146, 36.139699 ], [ -86.541434, 36.139681 ], [ -86.541407, 36.139663 ], [ -86.541382, 36.139646 ], [ -86.541354, 36.139628 ], [ -86.541336, 36.139619 ], [ -86.541313, 36.139607 ], [ -86.541293, 36.139596 ], [ -86.541272, 36.139586 ], [ -86.541251, 36.139576 ], [ -86.541231, 36.139565 ], [ -86.54121, 36.139555 ], [ -86.541189, 36.139545 ], [ -86.541168, 36.139536 ], [ -86.541149, 36.139526 ], [ -86.541122, 36.139504 ], [ -86.541096, 36.139482 ], [ -86.54107, 36.139462 ], [ -86.541042, 36.139442 ], [ -86.541014, 36.139423 ], [ -86.540983, 36.139404 ], [ -86.540955, 36.139387 ], [ -86.540924, 36.13937 ], [ -86.540893, 36.139354 ], [ -86.540861, 36.139339 ], [ -86.540828, 36.139324 ], [ -86.540806, 36.13931 ], [ -86.540783, 36.139295 ], [ -86.540759, 36.139281 ], [ -86.540733, 36.139265 ], [ -86.54071, 36.139251 ], [ -86.540291, 36.138853 ], [ -86.540277, 36.138777 ], [ -86.540057, 36.137521 ], [ -86.540063, 36.137503 ], [ -86.54007, 36.137475 ], [ -86.540075, 36.137446 ], [ -86.540079, 36.137418 ], [ -86.540082, 36.137389 ], [ -86.540083, 36.13736 ], [ -86.540083, 36.137331 ], [ -86.540081, 36.137302 ], [ -86.540077, 36.137273 ], [ -86.540072, 36.137245 ], [ -86.540066, 36.137216 ], [ -86.540058, 36.137188 ], [ -86.540061, 36.137161 ], [ -86.540063, 36.137133 ], [ -86.540063, 36.137106 ], [ -86.540062, 36.137078 ], [ -86.540061, 36.137051 ], [ -86.540058, 36.137023 ], [ -86.540054, 36.136996 ], [ -86.54005, 36.136969 ], [ -86.540044, 36.136942 ], [ -86.540037, 36.136915 ], [ -86.540029, 36.136888 ], [ -86.54002, 36.136861 ], [ -86.54001, 36.136835 ], [ -86.539999, 36.136809 ], [ -86.539987, 36.136783 ], [ -86.539974, 36.136758 ], [ -86.53996, 36.136733 ], [ -86.539945, 36.136708 ], [ -86.539929, 36.136684 ], [ -86.539912, 36.13666 ], [ -86.539895, 36.136637 ], [ -86.539876, 36.136614 ], [ -86.539856, 36.136591 ], [ -86.539808, 36.136515 ], [ -86.539745, 36.136446 ], [ -86.539696, 36.136404 ], [ -86.539555, 36.136311 ], [ -86.539535, 36.136297 ], [ -86.53951, 36.136279 ], [ -86.539485, 36.13626 ], [ -86.53946, 36.136241 ], [ -86.539436, 36.136222 ], [ -86.539412, 36.136202 ], [ -86.539388, 36.136182 ], [ -86.539365, 36.136162 ], [ -86.539342, 36.136141 ], [ -86.53932, 36.13612 ], [ -86.539298, 36.136099 ], [ -86.539276, 36.136077 ], [ -86.539255, 36.136056 ], [ -86.539234, 36.136034 ], [ -86.539214, 36.136012 ], [ -86.539194, 36.13599 ], [ -86.539178, 36.135965 ], [ -86.539161, 36.135941 ], [ -86.539143, 36.135918 ], [ -86.539124, 36.135895 ], [ -86.539104, 36.135872 ], [ -86.539083, 36.13585 ], [ -86.539062, 36.135828 ], [ -86.53904, 36.135807 ], [ -86.539017, 36.135786 ], [ -86.538993, 36.135766 ], [ -86.538969, 36.135747 ], [ -86.538944, 36.135728 ], [ -86.538918, 36.13571 ], [ -86.538891, 36.135692 ], [ -86.538874, 36.135682 ], [ -86.538856, 36.135671 ], [ -86.538839, 36.13566 ], [ -86.538824, 36.135648 ], [ -86.538807, 36.135636 ], [ -86.538792, 36.135623 ], [ -86.538778, 36.13561 ], [ -86.538764, 36.135596 ], [ -86.538751, 36.135582 ], [ -86.538739, 36.135568 ], [ -86.538724, 36.135551 ], [ -86.53871, 36.135533 ], [ -86.538695, 36.135516 ], [ -86.538597, 36.135395 ], [ -86.537887, 36.136197 ], [ -86.537326, 36.136826 ], [ -86.537272, 36.136887 ], [ -86.536691, 36.137542 ], [ -86.536295, 36.137988 ], [ -86.53609, 36.138219 ], [ -86.535893, 36.138442 ], [ -86.535789, 36.138513 ], [ -86.534643, 36.137979 ], [ -86.533874, 36.137608 ], [ -86.533649, 36.137501 ], [ -86.533354, 36.13736 ], [ -86.533363, 36.137389 ], [ -86.533381, 36.137446 ], [ -86.533396, 36.137504 ], [ -86.533418, 36.137603 ], [ -86.53343, 36.137679 ], [ -86.533447, 36.137792 ], [ -86.533443, 36.137902 ], [ -86.53342, 36.137982 ], [ -86.533353, 36.138095 ], [ -86.533297, 36.138153 ], [ -86.533228, 36.138206 ], [ -86.533144, 36.138263 ], [ -86.533007, 36.138366 ], [ -86.532899, 36.138436 ], [ -86.532839, 36.138472 ], [ -86.532513, 36.138439 ], [ -86.531979, 36.13838 ], [ -86.528438, 36.138009 ], [ -86.527841, 36.140769 ], [ -86.526373, 36.139827 ], [ -86.526159, 36.13969 ], [ -86.526049, 36.139619 ], [ -86.525559, 36.13854 ], [ -86.526492, 36.137797 ], [ -86.526737, 36.137817 ], [ -86.527074, 36.13615 ], [ -86.528277, 36.136286 ], [ -86.529134, 36.136396 ], [ -86.529142, 36.135119 ], [ -86.530321, 36.132624 ], [ -86.530507, 36.132232 ], [ -86.532043, 36.132272 ], [ -86.531131, 36.128676 ], [ -86.533606, 36.127167 ], [ -86.535105, 36.126254 ], [ -86.533367, 36.12524 ], [ -86.531548, 36.12418 ], [ -86.529238, 36.124347 ], [ -86.529514, 36.12261 ], [ -86.529688, 36.121505 ], [ -86.529703, 36.12141 ], [ -86.529718, 36.121318 ], [ -86.529756, 36.121076 ], [ -86.53001, 36.119464 ], [ -86.530889, 36.113902 ], [ -86.531183, 36.112049 ], [ -86.53194, 36.11213 ], [ -86.534214, 36.112374 ], [ -86.534862, 36.112444 ], [ -86.534971, 36.112463 ], [ -86.535216, 36.112485 ], [ -86.53529, 36.112496 ], [ -86.535322, 36.112274 ], [ -86.535354, 36.112051 ], [ -86.53553, 36.110831 ], [ -86.535634, 36.110104 ], [ -86.535768, 36.108952 ], [ -86.53589, 36.108414 ], [ -86.535943, 36.108166 ], [ -86.535698, 36.108137 ], [ -86.529501, 36.107382 ], [ -86.527737, 36.107167 ], [ -86.52652, 36.107019 ], [ -86.523355, 36.106633 ], [ -86.523171, 36.106485 ], [ -86.522674, 36.106085 ], [ -86.521561, 36.105192 ], [ -86.520244, 36.104293 ], [ -86.519566, 36.103831 ], [ -86.51693, 36.101702 ], [ -86.515589, 36.10061 ], [ -86.516322, 36.094205 ], [ -86.516604, 36.091739 ], [ -86.516886, 36.089272 ], [ -86.517043, 36.088113 ], [ -86.517234, 36.086726 ], [ -86.517272, 36.086445 ], [ -86.517491, 36.084855 ], [ -86.517597, 36.084081 ], [ -86.517947, 36.084102 ], [ -86.519363, 36.084194 ], [ -86.519387, 36.084018 ], [ -86.519512, 36.083063 ], [ -86.519647, 36.082017 ], [ -86.519651, 36.081979 ], [ -86.519783, 36.080971 ], [ -86.519999, 36.07931 ], [ -86.520074, 36.07873 ], [ -86.520215, 36.077648 ], [ -86.520444, 36.075892 ], [ -86.520488, 36.075551 ], [ -86.520787, 36.073256 ], [ -86.520823, 36.072973 ], [ -86.520879, 36.072545 ], [ -86.520883, 36.07252 ], [ -86.520966, 36.072468 ], [ -86.521083, 36.072395 ], [ -86.523286, 36.071021 ], [ -86.524988, 36.068918 ], [ -86.524384, 36.059021 ], [ -86.524682, 36.058631 ], [ -86.525689, 36.057318 ], [ -86.528588, 36.056921 ], [ -86.529327, 36.057156 ], [ -86.530786, 36.05762 ], [ -86.531699, 36.058664 ], [ -86.532884, 36.060019 ], [ -86.52749, 36.07402 ], [ -86.529489, 36.077521 ], [ -86.538988, 36.076621 ], [ -86.540689, 36.077619 ], [ -86.543645, 36.083662 ], [ -86.543857, 36.084095 ], [ -86.545091, 36.086618 ], [ -86.546884, 36.087817 ], [ -86.54899, 36.085916 ], [ -86.548581, 36.081282 ], [ -86.548486, 36.080218 ], [ -86.546879, 36.078406 ], [ -86.54609, 36.077518 ], [ -86.546487, 36.06652 ], [ -86.550486, 36.065322 ], [ -86.55739, 36.065718 ], [ -86.561685, 36.06742 ], [ -86.561685, 36.068418 ], [ -86.563197, 36.066172 ], [ -86.562275, 36.065163 ], [ -86.562525, 36.063921 ], [ -86.564292, 36.063579 ], [ -86.56387, 36.061917 ], [ -86.561998, 36.058641 ], [ -86.561793, 36.058282 ], [ -86.561439, 36.057662 ], [ -86.561704, 36.05622 ], [ -86.562073, 36.054214 ], [ -86.563644, 36.052981 ], [ -86.565042, 36.051885 ], [ -86.565485, 36.05085 ], [ -86.566379, 36.048762 ], [ -86.566256, 36.048465 ], [ -86.566158, 36.048226 ], [ -86.565936, 36.047692 ], [ -86.565363, 36.046306 ], [ -86.563121, 36.04322 ], [ -86.561875, 36.041504 ], [ -86.560677, 36.039845 ], [ -86.560713, 36.039621 ], [ -86.560758, 36.03934 ], [ -86.560768, 36.039278 ], [ -86.560822, 36.038936 ], [ -86.56087, 36.038639 ], [ -86.560892, 36.038497 ], [ -86.560917, 36.038342 ], [ -86.560932, 36.03828 ], [ -86.560947, 36.038218 ], [ -86.56127, 36.037917 ], [ -86.56145, 36.037717 ], [ -86.561608, 36.037543 ], [ -86.561744, 36.037087 ], [ -86.561859, 36.036395 ], [ -86.562162, 36.035744 ], [ -86.562231, 36.035598 ], [ -86.562427, 36.035323 ], [ -86.562603, 36.035207 ], [ -86.562894, 36.035147 ], [ -86.563535, 36.035089 ], [ -86.564119, 36.035037 ], [ -86.564768, 36.034894 ], [ -86.565668, 36.034614 ], [ -86.565993, 36.034564 ], [ -86.566289, 36.034616 ], [ -86.566494, 36.034652 ], [ -86.566825, 36.034614 ], [ -86.567207, 36.034496 ], [ -86.567242, 36.034485 ], [ -86.567315, 36.034454 ], [ -86.567344, 36.034441 ], [ -86.567378, 36.034427 ], [ -86.567529, 36.034361 ], [ -86.567769, 36.034309 ], [ -86.568023, 36.034256 ], [ -86.568348, 36.0343 ], [ -86.568761, 36.034388 ], [ -86.568974, 36.034328 ], [ -86.569018, 36.034317 ], [ -86.56923, 36.034019 ], [ -86.569343, 36.033861 ], [ -86.569622, 36.033638 ], [ -86.569654, 36.033613 ], [ -86.569877, 36.03341 ], [ -86.569979, 36.033064 ], [ -86.570202, 36.032893 ], [ -86.570504, 36.032759 ], [ -86.570723, 36.032663 ], [ -86.570811, 36.032615 ], [ -86.571296, 36.032353 ], [ -86.571934, 36.032008 ], [ -86.572117, 36.031756 ], [ -86.572114, 36.031703 ], [ -86.57211, 36.031591 ], [ -86.572035, 36.031387 ], [ -86.571934, 36.031086 ], [ -86.57194, 36.031007 ], [ -86.571978, 36.030954 ], [ -86.572095, 36.03086 ], [ -86.572347, 36.030767 ], [ -86.572583, 36.0307 ], [ -86.573111, 36.030189 ], [ -86.574024, 36.029969 ], [ -86.57416, 36.029945 ], [ -86.574613, 36.02987 ], [ -86.5751, 36.029711 ], [ -86.575184, 36.029627 ], [ -86.575398, 36.029411 ], [ -86.576, 36.028809 ], [ -86.576045, 36.028769 ], [ -86.576125, 36.028698 ], [ -86.576274, 36.028569 ], [ -86.576466, 36.028399 ], [ -86.576507, 36.028364 ], [ -86.576959, 36.027811 ], [ -86.577148, 36.027638 ], [ -86.577287, 36.027509 ], [ -86.577333, 36.027468 ], [ -86.577818, 36.027318 ], [ -86.577955, 36.027276 ], [ -86.577989, 36.027243 ], [ -86.578055, 36.027181 ], [ -86.578061, 36.027097 ], [ -86.578205, 36.027039 ], [ -86.578344, 36.026921 ], [ -86.578483, 36.026803 ], [ -86.578632, 36.026638 ], [ -86.578841, 36.026578 ], [ -86.579384, 36.026498 ], [ -86.579511, 36.026478 ], [ -86.579754, 36.026453 ], [ -86.580174, 36.026412 ], [ -86.580756, 36.026444 ], [ -86.580868, 36.026469 ], [ -86.581232, 36.026553 ], [ -86.581344, 36.026579 ], [ -86.581575, 36.026631 ], [ -86.58219, 36.026697 ], [ -86.582488, 36.026675 ], [ -86.582653, 36.026601 ], [ -86.582833, 36.026521 ], [ -86.582994, 36.026482 ], [ -86.583117, 36.026451 ], [ -86.583456, 36.02633 ], [ -86.583814, 36.026335 ], [ -86.584146, 36.02628 ], [ -86.584741, 36.026137 ], [ -86.585039, 36.026109 ], [ -86.585309, 36.026033 ], [ -86.585905, 36.025791 ], [ -86.586067, 36.025725 ], [ -86.586385, 36.025664 ], [ -86.586913, 36.025675 ], [ -86.587089, 36.025658 ], [ -86.5873, 36.025604 ], [ -86.587475, 36.025558 ], [ -86.587499, 36.025548 ], [ -86.587553, 36.025529 ], [ -86.587871, 36.025409 ], [ -86.58826, 36.025143 ], [ -86.588485, 36.02501 ], [ -86.588655, 36.024854 ], [ -86.588976, 36.024605 ], [ -86.589407, 36.024528 ], [ -86.589652, 36.024461 ], [ -86.590185, 36.024067 ], [ -86.590335, 36.024029 ], [ -86.590997, 36.024189 ], [ -86.591263, 36.024206 ], [ -86.591618, 36.024129 ], [ -86.591877, 36.023945 ], [ -86.591986, 36.023774 ], [ -86.592034, 36.023541 ], [ -86.592, 36.023292 ], [ -86.591891, 36.023103 ], [ -86.591652, 36.022892 ], [ -86.591529, 36.022599 ], [ -86.591604, 36.022277 ], [ -86.591761, 36.022055 ], [ -86.592027, 36.021884 ], [ -86.592052, 36.021866 ], [ -86.592184, 36.021772 ], [ -86.592534, 36.021515 ], [ -86.59282, 36.021356 ], [ -86.59299, 36.021242 ], [ -86.593147, 36.021114 ], [ -86.593346, 36.020925 ], [ -86.593652, 36.020669 ], [ -86.593704, 36.020633 ], [ -86.593761, 36.020579 ], [ -86.593831, 36.020535 ], [ -86.593944, 36.020452 ], [ -86.594119, 36.020261 ], [ -86.594291, 36.020104 ], [ -86.594333, 36.020072 ], [ -86.594541, 36.019819 ], [ -86.594983, 36.019316 ], [ -86.595454, 36.018596 ], [ -86.595927, 36.017805 ], [ -86.596577, 36.016947 ], [ -86.596922, 36.016467 ], [ -86.597685, 36.015292 ], [ -86.597931, 36.014869 ], [ -86.598051, 36.014735 ], [ -86.598504, 36.014174 ], [ -86.598618, 36.014022 ], [ -86.598645, 36.013984 ], [ -86.59873, 36.01387 ], [ -86.598759, 36.013833 ], [ -86.598788, 36.013793 ], [ -86.598869, 36.013685 ], [ -86.598875, 36.013676 ], [ -86.598906, 36.013638 ], [ -86.598935, 36.0136 ], [ -86.599023, 36.01349 ], [ -86.599053, 36.013453 ], [ -86.599282, 36.013163 ], [ -86.599931, 36.01247 ], [ -86.600134, 36.012283 ], [ -86.600316, 36.012151 ], [ -86.600742, 36.011876 ], [ -86.60129, 36.011612 ], [ -86.6015, 36.011552 ], [ -86.601549, 36.011541 ], [ -86.601608, 36.011519 ], [ -86.601731, 36.011452 ], [ -86.601853, 36.011404 ], [ -86.601888, 36.011397 ], [ -86.602379, 36.01115 ], [ -86.602491, 36.011125 ], [ -86.602738, 36.011095 ], [ -86.602956, 36.011042 ], [ -86.603367, 36.010923 ], [ -86.603543, 36.01088 ], [ -86.603733, 36.010849 ], [ -86.603853, 36.010811 ], [ -86.603944, 36.01083 ], [ -86.604028, 36.010843 ], [ -86.604162, 36.010845 ], [ -86.604324, 36.010824 ], [ -86.604494, 36.010781 ], [ -86.604675, 36.010682 ], [ -86.60478, 36.010622 ], [ -86.604997, 36.010583 ], [ -86.605247, 36.010539 ], [ -86.605375, 36.01049 ], [ -86.605504, 36.010413 ], [ -86.605693, 36.010253 ], [ -86.605822, 36.010187 ], [ -86.605876, 36.010193 ], [ -86.60595, 36.01022 ], [ -86.606058, 36.010286 ], [ -86.60618, 36.010385 ], [ -86.60641, 36.010511 ], [ -86.606613, 36.010643 ], [ -86.606776, 36.010682 ], [ -86.606891, 36.010682 ], [ -86.606952, 36.010654 ], [ -86.607141, 36.010517 ], [ -86.607249, 36.010401 ], [ -86.607384, 36.010357 ], [ -86.607607, 36.010407 ], [ -86.607695, 36.010407 ], [ -86.607912, 36.010264 ], [ -86.607979, 36.010258 ], [ -86.608034, 36.01028 ], [ -86.608169, 36.010423 ], [ -86.608237, 36.010461 ], [ -86.608338, 36.010472 ], [ -86.608432, 36.010472 ], [ -86.608489, 36.010471 ], [ -86.608543, 36.010466 ], [ -86.60866, 36.010454 ], [ -86.608972, 36.010401 ], [ -86.609243, 36.010332 ], [ -86.60957, 36.010279 ], [ -86.609848, 36.010278 ], [ -86.610007, 36.010288 ], [ -86.610439, 36.010343 ], [ -86.610543, 36.010342 ], [ -86.610578, 36.01032 ], [ -86.610626, 36.010274 ], [ -86.610716, 36.010217 ], [ -86.610786, 36.010206 ], [ -86.611071, 36.010266 ], [ -86.611224, 36.010271 ], [ -86.611328, 36.010259 ], [ -86.611703, 36.010116 ], [ -86.611849, 36.010081 ], [ -86.612335, 36.009994 ], [ -86.612691, 36.007523 ], [ -86.612719, 36.007355 ], [ -86.612734, 36.007273 ], [ -86.612745, 36.00721 ], [ -86.612961, 36.00596 ], [ -86.614345, 35.998409 ], [ -86.614442, 35.997882 ], [ -86.614484, 35.997647 ], [ -86.614613, 35.996944 ], [ -86.614656, 35.99671 ], [ -86.615048, 35.994569 ], [ -86.615588, 35.991624 ], [ -86.612077, 35.991215 ], [ -86.609916, 35.990964 ], [ -86.609591, 35.990926 ], [ -86.609618, 35.990735 ], [ -86.609837, 35.989192 ], [ -86.609911, 35.988678 ], [ -86.609928, 35.988567 ], [ -86.609981, 35.988236 ], [ -86.609999, 35.988126 ], [ -86.610007, 35.987902 ], [ -86.61005, 35.986733 ], [ -86.610086, 35.985755 ], [ -86.607225, 35.985472 ], [ -86.607285, 35.985152 ], [ -86.607547, 35.983784 ], [ -86.607575, 35.983638 ], [ -86.607598, 35.983343 ], [ -86.607701, 35.982015 ], [ -86.607728, 35.98168 ], [ -86.607743, 35.981573 ], [ -86.607995, 35.979772 ], [ -86.609595, 35.979822 ], [ -86.609822, 35.97863 ], [ -86.610425, 35.975468 ], [ -86.613646, 35.975552 ], [ -86.613688, 35.972391 ], [ -86.614336, 35.968283 ], [ -86.614357, 35.968149 ], [ -86.614363, 35.968114 ], [ -86.61439, 35.967946 ], [ -86.614415, 35.967785 ], [ -86.618658, 35.968205 ], [ -86.618704, 35.968208 ], [ -86.618845, 35.96822 ], [ -86.618892, 35.968224 ], [ -86.618878, 35.968395 ], [ -86.618857, 35.96866 ], [ -86.618837, 35.968908 ], [ -86.618828, 35.969023 ], [ -86.618822, 35.96908 ], [ -86.618782, 35.969481 ], [ -86.618664, 35.970684 ], [ -86.618625, 35.971086 ], [ -86.6186, 35.971336 ], [ -86.621951, 35.971627 ], [ -86.627695, 35.972128 ], [ -86.627397, 35.974027 ], [ -86.630549, 35.974241 ], [ -86.632912, 35.974401 ], [ -86.634157, 35.974486 ], [ -86.634622, 35.974517 ], [ -86.636019, 35.97461 ], [ -86.636485, 35.974642 ], [ -86.638366, 35.974779 ], [ -86.638803, 35.974811 ], [ -86.640347, 35.974948 ], [ -86.642367, 35.975097 ], [ -86.642968, 35.97514 ], [ -86.643552, 35.975181 ], [ -86.644008, 35.975206 ], [ -86.64474, 35.975247 ], [ -86.64514, 35.975269 ], [ -86.645887, 35.975359 ], [ -86.646012, 35.975369 ], [ -86.646387, 35.975402 ], [ -86.646513, 35.975413 ], [ -86.646656, 35.975425 ], [ -86.647085, 35.975461 ], [ -86.647229, 35.975474 ], [ -86.647403, 35.97549 ], [ -86.647925, 35.975539 ], [ -86.648099, 35.975556 ], [ -86.648136, 35.975559 ], [ -86.648195, 35.975565 ], [ -86.64825, 35.975569 ], [ -86.648288, 35.975573 ], [ -86.648288, 35.975641 ], [ -86.648289, 35.975845 ], [ -86.64829, 35.975914 ], [ -86.648288, 35.976422 ], [ -86.64851, 35.976507 ], [ -86.6506, 35.977314 ], [ -86.651297, 35.977584 ], [ -86.651796, 35.977776 ], [ -86.653293, 35.978355 ], [ -86.653793, 35.978548 ], [ -86.653891, 35.978585 ], [ -86.654186, 35.978698 ], [ -86.654285, 35.978736 ], [ -86.654761, 35.97892 ], [ -86.656189, 35.979472 ], [ -86.656665, 35.979657 ], [ -86.66171, 35.981604 ], [ -86.6636, 35.982334 ], [ -86.664248, 35.982583 ], [ -86.664852, 35.982816 ], [ -86.666792, 35.983565 ], [ -86.667542, 35.983855 ], [ -86.669453, 35.984592 ], [ -86.672482, 35.98576 ], [ -86.673426, 35.986124 ], [ -86.673747, 35.986247 ], [ -86.673863, 35.986292 ], [ -86.674534, 35.986552 ], [ -86.674927, 35.986704 ], [ -86.675476, 35.986916 ], [ -86.675519, 35.986933 ], [ -86.675738, 35.987018 ], [ -86.675907, 35.987083 ], [ -86.6761, 35.987158 ], [ -86.676761, 35.987413 ], [ -86.676845, 35.987445 ], [ -86.678252, 35.987988 ], [ -86.679411, 35.988436 ], [ -86.681889, 35.989399 ], [ -86.682, 35.989536 ], [ -86.682189, 35.989769 ], [ -86.682343, 35.989939 ], [ -86.682442, 35.990048 ], [ -86.682462, 35.99007 ], [ -86.682517, 35.99013 ], [ -86.682682, 35.99031 ], [ -86.682737, 35.99037 ], [ -86.682884, 35.990531 ], [ -86.683327, 35.991015 ], [ -86.683475, 35.991177 ], [ -86.683738, 35.991459 ], [ -86.683781, 35.991505 ], [ -86.684523, 35.992314 ], [ -86.684785, 35.992599 ], [ -86.685059, 35.992899 ], [ -86.685882, 35.993799 ], [ -86.686044, 35.993976 ], [ -86.686164, 35.994092 ], [ -86.686347, 35.994269 ], [ -86.686455, 35.994363 ], [ -86.686735, 35.994608 ], [ -86.6872, 35.994962 ], [ -86.687305, 35.995037 ], [ -86.687394, 35.995104 ], [ -86.687714, 35.995343 ], [ -86.68799, 35.995284 ], [ -86.688819, 35.995108 ], [ -86.689019, 35.995066 ], [ -86.689096, 35.99505 ], [ -86.68914, 35.995064 ], [ -86.689273, 35.995109 ], [ -86.689318, 35.995124 ], [ -86.689499, 35.995028 ], [ -86.689614, 35.994966 ], [ -86.689695, 35.994924 ], [ -86.690195, 35.99498 ], [ -86.690694, 35.994905 ], [ -86.691346, 35.994648 ], [ -86.691422, 35.994636 ], [ -86.691596, 35.994572 ], [ -86.691904, 35.994581 ], [ -86.692165, 35.994682 ], [ -86.692324, 35.994753 ], [ -86.692488, 35.994816 ], [ -86.692872, 35.995153 ], [ -86.693053, 35.995665 ], [ -86.693173, 35.996 ], [ -86.693244, 35.996043 ], [ -86.694046, 35.996536 ], [ -86.696672, 35.99815 ], [ -86.697419, 35.998609 ], [ -86.697548, 35.998689 ], [ -86.697925, 35.99892 ], [ -86.699056, 35.999615 ], [ -86.699433, 35.999847 ], [ -86.699555, 35.999922 ], [ -86.699677, 35.999998 ], [ -86.699741, 36.000038 ], [ -86.699806, 36.000077 ], [ -86.69985, 36.000104 ], [ -86.700189, 36.000312 ], [ -86.702458, 36.001705 ], [ -86.703215, 36.00217 ], [ -86.704329, 36.002855 ], [ -86.711543, 36.00729 ], [ -86.712896, 36.008122 ], [ -86.718824, 36.008592 ], [ -86.719198, 36.008621 ], [ -86.720133, 36.00874 ], [ -86.720145, 36.008741 ], [ -86.720169, 36.008744 ], [ -86.72103, 36.008852 ], [ -86.721594, 36.008923 ], [ -86.721703, 36.008932 ], [ -86.72188, 36.008948 ], [ -86.722181, 36.008976 ], [ -86.722411, 36.008994 ], [ -86.722589, 36.009008 ], [ -86.722858, 36.009031 ], [ -86.723668, 36.0091 ], [ -86.723938, 36.009124 ], [ -86.724002, 36.009129 ], [ -86.724195, 36.009146 ], [ -86.72426, 36.009152 ], [ -86.724431, 36.009166 ], [ -86.724944, 36.00921 ], [ -86.725115, 36.009225 ], [ -86.72553, 36.00926 ], [ -86.726076, 36.009306 ], [ -86.726775, 36.009367 ], [ -86.72719, 36.009403 ], [ -86.727236, 36.009407 ], [ -86.727496, 36.009432 ], [ -86.728276, 36.009507 ], [ -86.728537, 36.009532 ], [ -86.729686, 36.009643 ], [ -86.731882, 36.009856 ], [ -86.732069, 36.009873 ], [ -86.732843, 36.010272 ], [ -86.733019, 36.010362 ], [ -86.734046, 36.010891 ], [ -86.734426, 36.011083 ], [ -86.73497, 36.011358 ], [ -86.737742, 36.012762 ], [ -86.738439, 36.013115 ], [ -86.738652, 36.013256 ], [ -86.738806, 36.013336 ], [ -86.739268, 36.013577 ], [ -86.739423, 36.013658 ], [ -86.739659, 36.013781 ], [ -86.739982, 36.013949 ], [ -86.74037, 36.014151 ], [ -86.740607, 36.014275 ], [ -86.741207, 36.014587 ], [ -86.741744, 36.014867 ], [ -86.745155, 36.016646 ], [ -86.746348, 36.017267 ], [ -86.746415, 36.017301 ], [ -86.749514, 36.018916 ], [ -86.750072, 36.019207 ], [ -86.750323, 36.019339 ], [ -86.751316, 36.019865 ], [ -86.754297, 36.021447 ], [ -86.755293, 36.021976 ], [ -86.75541, 36.022037 ], [ -86.755769, 36.022225 ], [ -86.755889, 36.022288 ], [ -86.756818, 36.022779 ], [ -86.759315, 36.024101 ], [ -86.759605, 36.024255 ], [ -86.760444, 36.024699 ], [ -86.760534, 36.024747 ], [ -86.760953, 36.024969 ], [ -86.762211, 36.025635 ], [ -86.762631, 36.025857 ], [ -86.76298, 36.026042 ], [ -86.764029, 36.026597 ], [ -86.764159, 36.026666 ], [ -86.764379, 36.026782 ], [ -86.764968, 36.027094 ], [ -86.766345, 36.027823 ], [ -86.766736, 36.02803 ], [ -86.767112, 36.028229 ], [ -86.767331, 36.028331 ], [ -86.769095, 36.029216 ], [ -86.769289, 36.029313 ], [ -86.775166, 36.032261 ], [ -86.777073, 36.033218 ], [ -86.777128, 36.033239 ], [ -86.777185, 36.033256 ], [ -86.777524, 36.033347 ], [ -86.781367, 36.034324 ], [ -86.781603, 36.0344 ], [ -86.783001, 36.034857 ], [ -86.783079, 36.034886 ], [ -86.783268, 36.034946 ], [ -86.783355, 36.034974 ], [ -86.783463, 36.03501 ], [ -86.783499, 36.035022 ], [ -86.784238, 36.035217 ], [ -86.785814, 36.035625 ], [ -86.786137, 36.035716 ], [ -86.787205, 36.035999 ], [ -86.790875, 36.036715 ], [ -86.791133, 36.036693 ], [ -86.791445, 36.036715 ], [ -86.791639, 36.036734 ], [ -86.793914, 36.036967 ], [ -86.793927, 36.036968 ], [ -86.794688, 36.037066 ], [ -86.795019, 36.037092 ], [ -86.795985, 36.03717 ], [ -86.797332, 36.037279 ], [ -86.79782, 36.037318 ], [ -86.799879, 36.037485 ], [ -86.801014, 36.037577 ], [ -86.801178, 36.037589 ], [ -86.801198, 36.037591 ], [ -86.801261, 36.0376 ], [ -86.801282, 36.037603 ], [ -86.804319, 36.037926 ], [ -86.804967, 36.037995 ], [ -86.80542, 36.038043 ], [ -86.812688, 36.038814 ], [ -86.813433, 36.038894 ], [ -86.81459, 36.039016 ], [ -86.816472, 36.039217 ], [ -86.81713, 36.03929 ], [ -86.819107, 36.039512 ], [ -86.819766, 36.039586 ], [ -86.820187, 36.039632 ], [ -86.821453, 36.039772 ], [ -86.821875, 36.039819 ], [ -86.822159, 36.03985 ], [ -86.822299, 36.039865 ], [ -86.823011, 36.039945 ], [ -86.823296, 36.039977 ], [ -86.823552, 36.040004 ], [ -86.824321, 36.040088 ], [ -86.824578, 36.040116 ], [ -86.824747, 36.040137 ], [ -86.825959, 36.04027 ], [ -86.830104, 36.040727 ], [ -86.831486, 36.04088 ], [ -86.831739, 36.040908 ], [ -86.832499, 36.040995 ], [ -86.832753, 36.041024 ], [ -86.833248, 36.04108 ], [ -86.834733, 36.041249 ], [ -86.835228, 36.041306 ], [ -86.835688, 36.041358 ], [ -86.836575, 36.04146 ], [ -86.837071, 36.041512 ], [ -86.837533, 36.041561 ], [ -86.837553, 36.041564 ], [ -86.837612, 36.041576 ], [ -86.837633, 36.04158 ], [ -86.837678, 36.041586 ], [ -86.83779, 36.041598 ], [ -86.838127, 36.041636 ], [ -86.83824, 36.041649 ], [ -86.839007, 36.041736 ], [ -86.841052, 36.041969 ], [ -86.841309, 36.041998 ], [ -86.842077, 36.042086 ], [ -86.842732, 36.04216 ], [ -86.844698, 36.042385 ], [ -86.845354, 36.04246 ], [ -86.845389, 36.042468 ], [ -86.845715, 36.04252 ], [ -86.846801, 36.042697 ], [ -86.847163, 36.042756 ], [ -86.847545, 36.042806 ], [ -86.848694, 36.042959 ], [ -86.849077, 36.043011 ], [ -86.849478, 36.043059 ], [ -86.850684, 36.043206 ], [ -86.851086, 36.043255 ], [ -86.851942, 36.043374 ], [ -86.854511, 36.043734 ], [ -86.855368, 36.043854 ], [ -86.856653, 36.043966 ], [ -86.856722, 36.043963 ], [ -86.857964, 36.04407 ], [ -86.864957, 36.044672 ], [ -86.864861, 36.044782 ], [ -86.864761, 36.044896 ], [ -86.865008, 36.044925 ], [ -86.872219, 36.045769 ], [ -86.872697, 36.045825 ], [ -86.87426, 36.04603 ], [ -86.877018, 36.046393 ], [ -86.88029, 36.046824 ], [ -86.882165, 36.04707 ], [ -86.88255, 36.047121 ], [ -86.883497, 36.047246 ], [ -86.883805, 36.047286 ], [ -86.88458, 36.047389 ], [ -86.885613, 36.047526 ], [ -86.887386, 36.047758 ], [ -86.888988, 36.04797 ], [ -86.891237, 36.048262 ], [ -86.892639, 36.048428 ], [ -86.893041, 36.048472 ], [ -86.893385, 36.048515 ], [ -86.896719, 36.04892 ], [ -86.903024, 36.04969 ], [ -86.905066, 36.049941 ], [ -86.907999, 36.0503 ], [ -86.908797, 36.050398 ], [ -86.909744, 36.050513 ], [ -86.910991, 36.050665 ], [ -86.912384, 36.050835 ], [ -86.91277, 36.050882 ], [ -86.91684, 36.051403 ], [ -86.919116, 36.051693 ], [ -86.919745, 36.051774 ], [ -86.920112, 36.051822 ], [ -86.921686, 36.052023 ], [ -86.922815, 36.052168 ], [ -86.92353, 36.05226 ], [ -86.926473, 36.052638 ], [ -86.927151, 36.052725 ], [ -86.928602, 36.052909 ], [ -86.928861, 36.052942 ], [ -86.9292, 36.052722 ], [ -86.92929, 36.052664 ], [ -86.930663, 36.051795 ], [ -86.930876, 36.051661 ], [ -86.930998, 36.051584 ], [ -86.931121, 36.051506 ], [ -86.931278, 36.051406 ], [ -86.931435, 36.051307 ], [ -86.932179, 36.050835 ], [ -86.935356, 36.048825 ], [ -86.936415, 36.048156 ], [ -86.936545, 36.048084 ], [ -86.936666, 36.048002 ], [ -86.936762, 36.047937 ], [ -86.936861, 36.047874 ], [ -86.9369, 36.047845 ], [ -86.937108, 36.047708 ], [ -86.937527, 36.047426 ], [ -86.938726, 36.04662 ], [ -86.938871, 36.046525 ], [ -86.939107, 36.046367 ], [ -86.939161, 36.046332 ], [ -86.939232, 36.046303 ], [ -86.941314, 36.044998 ], [ -86.943581, 36.043578 ], [ -86.944169, 36.04321 ], [ -86.944805, 36.042807 ], [ -86.946035, 36.042024 ], [ -86.946388, 36.0418 ], [ -86.946487, 36.041745 ], [ -86.946517, 36.041724 ], [ -86.946608, 36.041664 ], [ -86.946639, 36.041644 ], [ -86.946675, 36.041619 ], [ -86.946786, 36.041547 ], [ -86.946823, 36.041523 ], [ -86.946907, 36.041468 ], [ -86.947012, 36.0414 ], [ -86.947245, 36.041253 ], [ -86.947362, 36.041178 ], [ -86.947456, 36.041119 ], [ -86.947647, 36.040997 ], [ -86.948259, 36.040605 ], [ -86.94876, 36.040284 ], [ -86.950668, 36.039067 ], [ -86.951472, 36.038555 ], [ -86.951513, 36.038528 ], [ -86.951638, 36.03845 ], [ -86.95168, 36.038424 ], [ -86.951692, 36.038416 ], [ -86.951924, 36.038287 ], [ -86.952002, 36.038243 ], [ -86.95235, 36.038013 ], [ -86.95279, 36.037735 ], [ -86.953413, 36.037347 ], [ -86.953695, 36.037172 ], [ -86.95541, 36.036103 ], [ -86.961043, 36.032594 ], [ -86.962633, 36.031603 ], [ -86.962984, 36.031386 ], [ -86.963575, 36.031003 ], [ -86.963867, 36.030814 ], [ -86.96489, 36.030152 ], [ -86.967477, 36.028536 ], [ -86.968249, 36.028054 ], [ -86.968487, 36.027906 ], [ -86.968965, 36.027596 ], [ -86.97075, 36.026467 ], [ -86.972048, 36.02565 ], [ -86.972439, 36.025398 ], [ -86.972582, 36.025305 ], [ -86.972978, 36.02505 ], [ -86.973155, 36.024936 ], [ -86.973354, 36.024808 ], [ -86.973686, 36.024594 ], [ -86.974423, 36.024118 ], [ -86.974663, 36.023965 ], [ -86.975948, 36.023135 ], [ -86.976824, 36.02258 ], [ -86.97964, 36.020799 ], [ -86.980605, 36.020184 ], [ -86.980863, 36.020021 ], [ -86.984985, 36.017408 ], [ -86.987551, 36.015781 ], [ -86.997366, 36.00964 ], [ -86.998537, 36.008908 ], [ -87.00073, 36.007536 ], [ -87.001496, 36.007057 ], [ -87.004417, 36.005227 ], [ -87.00728, 36.003433 ], [ -87.013183, 35.999738 ], [ -87.015522, 35.998274 ], [ -87.015604, 35.998223 ], [ -87.016082, 35.997874 ], [ -87.016153, 35.997822 ], [ -87.016365, 35.997668 ], [ -87.016437, 35.997617 ], [ -87.017627, 35.996752 ], [ -87.018781, 35.995913 ], [ -87.021071, 35.994451 ], [ -87.022766, 35.993368 ], [ -87.023023, 35.993202 ], [ -87.024252, 35.992418 ], [ -87.024785, 35.992078 ], [ -87.026471, 35.991078 ], [ -87.02763, 35.990325 ], [ -87.027833, 35.990193 ], [ -87.028336, 35.989857 ], [ -87.03197, 35.989752 ], [ -87.039223, 35.989286 ], [ -87.039386, 35.989242 ], [ -87.039493, 35.989557 ], [ -87.040288, 35.991944 ], [ -87.040749, 35.993825 ], [ -87.040999, 35.99483 ], [ -87.041427, 35.996563 ], [ -87.04155, 35.997062 ], [ -87.041601, 35.997269 ], [ -87.041693, 35.997643 ], [ -87.041755, 35.997892 ], [ -87.041764, 35.99793 ], [ -87.041843, 35.998251 ], [ -87.042739, 36.001888 ], [ -87.042946, 36.002727 ], [ -87.042991, 36.00291 ], [ -87.043268, 36.004049 ], [ -87.043524, 36.005099 ], [ -87.04362, 36.005496 ], [ -87.044687, 36.009872 ], [ -87.045351, 36.012597 ], [ -87.045677, 36.013935 ], [ -87.046707, 36.018163 ], [ -87.04729, 36.020556 ], [ -87.047862, 36.022903 ], [ -87.048335, 36.024842 ], [ -87.048786, 36.026563 ], [ -87.050887, 36.034585 ], [ -87.051917, 36.038439 ], [ -87.052757, 36.041765 ], [ -87.052901, 36.042337 ], [ -87.053069, 36.042996 ], [ -87.05347, 36.044584 ], [ -87.053625, 36.045198 ], [ -87.053722, 36.045582 ], [ -87.05453, 36.048776 ], [ -87.054705, 36.049986 ], [ -87.054676, 36.049975 ], [ -87.054381, 36.049966 ], [ -87.054233, 36.049945 ], [ -87.054172, 36.049923 ], [ -87.054089, 36.049883 ], [ -87.053992, 36.049858 ], [ -87.053709, 36.049807 ], [ -87.05341, 36.04973 ], [ -87.053163, 36.049667 ], [ -87.052449, 36.049551 ], [ -87.052153, 36.049476 ], [ -87.051742, 36.049377 ], [ -87.051324, 36.049217 ], [ -87.051207, 36.049159 ], [ -87.051082, 36.049082 ], [ -87.051005, 36.049023 ], [ -87.050933, 36.048961 ], [ -87.050849, 36.048872 ], [ -87.050768, 36.048791 ], [ -87.050698, 36.048713 ], [ -87.050646, 36.048637 ], [ -87.050597, 36.04856 ], [ -87.050388, 36.048047 ], [ -87.050248, 36.047807 ], [ -87.050048, 36.047425 ], [ -87.049956, 36.047249 ], [ -87.049837, 36.047075 ], [ -87.049772, 36.04701 ], [ -87.049681, 36.046938 ], [ -87.049617, 36.046899 ], [ -87.04956, 36.046874 ], [ -87.049461, 36.046831 ], [ -87.04909, 36.046742 ], [ -87.048849, 36.046748 ], [ -87.04855, 36.046763 ], [ -87.048131, 36.046803 ], [ -87.047942, 36.046823 ], [ -87.047858, 36.046863 ], [ -87.047722, 36.046919 ], [ -87.047217, 36.047144 ], [ -87.04703, 36.04721 ], [ -87.046921, 36.047241 ], [ -87.046732, 36.04728 ], [ -87.046339, 36.047319 ], [ -87.046021, 36.047198 ], [ -87.04565, 36.047226 ], [ -87.045219, 36.047144 ], [ -87.044713, 36.046921 ], [ -87.044501, 36.046874 ], [ -87.044186, 36.046632 ], [ -87.044124, 36.046393 ], [ -87.044156, 36.04623 ], [ -87.04429, 36.045565 ], [ -87.044261, 36.045143 ], [ -87.044195, 36.044901 ], [ -87.043863, 36.044289 ], [ -87.043836, 36.043942 ], [ -87.04369, 36.043498 ], [ -87.043385, 36.043302 ], [ -87.042778, 36.043088 ], [ -87.042362, 36.042894 ], [ -87.042127, 36.042705 ], [ -87.041864, 36.042367 ], [ -87.041764, 36.04215 ], [ -87.041583, 36.041897 ], [ -87.041362, 36.041312 ], [ -87.041342, 36.041388 ], [ -87.041321, 36.041473 ], [ -87.04101, 36.042322 ], [ -87.04097, 36.042914 ], [ -87.040641, 36.047896 ], [ -87.040532, 36.049557 ], [ -87.040524, 36.049647 ], [ -87.040502, 36.049918 ], [ -87.040495, 36.050009 ], [ -87.040438, 36.050866 ], [ -87.04027, 36.053439 ], [ -87.040225, 36.054134 ], [ -87.040216, 36.054297 ], [ -87.039956, 36.05922 ], [ -87.039786, 36.062463 ], [ -87.039573, 36.066507 ], [ -87.039179, 36.073989 ], [ -87.039004, 36.077318 ], [ -87.038805, 36.078718 ], [ -87.038792, 36.0789 ], [ -87.038772, 36.079156 ], [ -87.038769, 36.079204 ], [ -87.038764, 36.079277 ], [ -87.038715, 36.079928 ], [ -87.038696, 36.080185 ], [ -87.038667, 36.080565 ], [ -87.03858, 36.081705 ], [ -87.038562, 36.081943 ], [ -87.038556, 36.082014 ], [ -87.038551, 36.082086 ], [ -87.03832, 36.082037 ], [ -87.038032, 36.082011 ], [ -87.0377, 36.081982 ], [ -87.03681, 36.082024 ], [ -87.036671, 36.082047 ], [ -87.03651, 36.082086 ], [ -87.036297, 36.082133 ], [ -87.035997, 36.082228 ], [ -87.035728, 36.082335 ], [ -87.035668, 36.0824 ], [ -87.035584, 36.08255 ], [ -87.035567, 36.082571 ], [ -87.035464, 36.08262 ], [ -87.035401, 36.082716 ], [ -87.035342, 36.082874 ], [ -87.035327, 36.08296 ], [ -87.035262, 36.083316 ], [ -87.035302, 36.083645 ], [ -87.035355, 36.084215 ], [ -87.035412, 36.084703 ], [ -87.035447, 36.085006 ], [ -87.035508, 36.085199 ], [ -87.035519, 36.085391 ], [ -87.035528, 36.085542 ], [ -87.035527, 36.085855 ], [ -87.035512, 36.086191 ], [ -87.035511, 36.086431 ], [ -87.038613, 36.086724 ], [ -87.038354, 36.090842 ], [ -87.038337, 36.091189 ], [ -87.038243, 36.092987 ], [ -87.038214, 36.093561 ], [ -87.038201, 36.093796 ], [ -87.0382, 36.09382 ], [ -87.038192, 36.093952 ], [ -87.038181, 36.094169 ], [ -87.038179, 36.094197 ], [ -87.038173, 36.094314 ], [ -87.038168, 36.094418 ], [ -87.037546, 36.094943 ], [ -87.03264, 36.099171 ], [ -87.032109, 36.099626 ], [ -87.029333, 36.10201 ], [ -87.027778, 36.103301 ], [ -87.021306, 36.108672 ], [ -87.020707, 36.109171 ], [ -87.019241, 36.110388 ], [ -87.015238, 36.113714 ], [ -87.008176, 36.119531 ], [ -87.001294, 36.12523 ], [ -86.999889, 36.126515 ], [ -86.997976, 36.128266 ], [ -86.997705, 36.128512 ], [ -86.997681, 36.128656 ], [ -86.997659, 36.128797 ], [ -86.997617, 36.129058 ], [ -86.997438, 36.130174 ], [ -86.997357, 36.130681 ], [ -86.997203, 36.131625 ], [ -86.997157, 36.131911 ], [ -86.996742, 36.134458 ], [ -86.996589, 36.135403 ], [ -86.996436, 36.136344 ], [ -86.995979, 36.139168 ], [ -86.995828, 36.14011 ], [ -86.995513, 36.142157 ], [ -86.994568, 36.148298 ], [ -86.994254, 36.150346 ], [ -86.993832, 36.153085 ], [ -86.992566, 36.161304 ], [ -86.992334, 36.162812 ], [ -86.992111, 36.164038 ], [ -86.99206, 36.164312 ], [ -86.991835, 36.165518 ], [ -86.991644, 36.16654 ], [ -86.991006, 36.169958 ], [ -86.990731, 36.171439 ], [ -86.990673, 36.171747 ], [ -86.9905, 36.172671 ], [ -86.990443, 36.17298 ], [ -86.990264, 36.173935 ], [ -86.990255, 36.173982 ], [ -86.989729, 36.176802 ], [ -86.989551, 36.177758 ], [ -86.988845, 36.181533 ], [ -86.988613, 36.182776 ], [ -86.988102, 36.185519 ], [ -86.985803, 36.197833 ], [ -86.984906, 36.202643 ], [ -86.984867, 36.202852 ], [ -86.984643, 36.204052 ], [ -86.98444, 36.205147 ], [ -86.98423, 36.206274 ], [ -86.983972, 36.207654 ], [ -86.983749, 36.208855 ], [ -86.983719, 36.208996 ], [ -86.983642, 36.209401 ], [ -86.983638, 36.209422 ], [ -86.983613, 36.209566 ], [ -86.983978, 36.209631 ], [ -86.984281, 36.209685 ], [ -86.984821, 36.209858 ], [ -86.985033, 36.209966 ], [ -86.985206, 36.210054 ], [ -86.985255, 36.210061 ], [ -86.985158, 36.210479 ], [ -86.985041, 36.211001 ], [ -86.984855, 36.211813 ], [ -86.984849, 36.21184 ], [ -86.984805, 36.211976 ], [ -86.984698, 36.212307 ], [ -86.984547, 36.212892 ], [ -86.984379, 36.213454 ], [ -86.984312, 36.21368 ], [ -86.984262, 36.213846 ], [ -86.984609, 36.213997 ], [ -86.984966, 36.214151 ], [ -86.985233, 36.214265 ], [ -86.985794, 36.214408 ], [ -86.987282, 36.214787 ], [ -86.987668, 36.214898 ], [ -86.987751, 36.214688 ], [ -86.987878, 36.214363 ], [ -86.987884, 36.214346 ], [ -86.988032, 36.214388 ], [ -86.988046, 36.214392 ], [ -86.988205, 36.214438 ], [ -86.988055, 36.215127 ], [ -86.988021, 36.215184 ], [ -86.987922, 36.215356 ], [ -86.98789, 36.215414 ], [ -86.987831, 36.215515 ], [ -86.987358, 36.215369 ], [ -86.986518, 36.215109 ], [ -86.985606, 36.214828 ], [ -86.985422, 36.214771 ], [ -86.985023, 36.214647 ], [ -86.984915, 36.214611 ], [ -86.984902, 36.214607 ], [ -86.984581, 36.214541 ], [ -86.98447, 36.214519 ], [ -86.984077, 36.214437 ], [ -86.983981, 36.214321 ], [ -86.984018, 36.214237 ], [ -86.982427, 36.21373 ], [ -86.982381, 36.213718 ], [ -86.98233, 36.213704 ], [ -86.982253, 36.213876 ], [ -86.982205, 36.213832 ], [ -86.982152, 36.213981 ], [ -86.982058, 36.214247 ], [ -86.981781, 36.215039 ], [ -86.98154, 36.215308 ], [ -86.980924, 36.215662 ], [ -86.980596, 36.215921 ], [ -86.980417, 36.216369 ], [ -86.98041, 36.216531 ], [ -86.980404, 36.216692 ], [ -86.980411, 36.216731 ], [ -86.980414, 36.216995 ], [ -86.980416, 36.217289 ], [ -86.980674, 36.217777 ], [ -86.980751, 36.21792 ], [ -86.981025, 36.218428 ], [ -86.981149, 36.218658 ], [ -86.981171, 36.218711 ], [ -86.981204, 36.218788 ], [ -86.981229, 36.218848 ], [ -86.983602, 36.22446 ], [ -86.98394, 36.225257 ], [ -86.984007, 36.225419 ], [ -86.983825, 36.225882 ], [ -86.982903, 36.228235 ], [ -86.977642, 36.241657 ], [ -86.975393, 36.247397 ], [ -86.975236, 36.247792 ], [ -86.974766, 36.248978 ], [ -86.97461, 36.249374 ], [ -86.974404, 36.249908 ], [ -86.972443, 36.252942 ], [ -86.971728, 36.25405 ], [ -86.971356, 36.254628 ], [ -86.966055, 36.262831 ], [ -86.966046, 36.262844 ], [ -86.965629, 36.263488 ], [ -86.963358, 36.267004 ], [ -86.960138, 36.271983 ], [ -86.959873, 36.272395 ], [ -86.95771, 36.275797 ], [ -86.956513, 36.276634 ], [ -86.956393, 36.27673 ], [ -86.956183, 36.276863 ], [ -86.956118, 36.276883 ], [ -86.949156, 36.281514 ], [ -86.948967, 36.281638 ], [ -86.94878, 36.281763 ], [ -86.947873, 36.282367 ], [ -86.947789, 36.282426 ], [ -86.944061, 36.28881 ], [ -86.943681, 36.289461 ], [ -86.942368, 36.291759 ], [ -86.942331, 36.291822 ], [ -86.940573, 36.295041 ], [ -86.940536, 36.295111 ], [ -86.933571, 36.307533 ], [ -86.933562, 36.307549 ], [ -86.933327, 36.307968 ], [ -86.933299, 36.308017 ], [ -86.932768, 36.308922 ], [ -86.92516, 36.322068 ], [ -86.923296, 36.325301 ], [ -86.923272, 36.325379 ], [ -86.923258, 36.325427 ], [ -86.922975, 36.325963 ], [ -86.922747, 36.326466 ], [ -86.922026, 36.328055 ], [ -86.921506, 36.329332 ], [ -86.921493, 36.32936 ], [ -86.921472, 36.329401 ], [ -86.921315, 36.329702 ], [ -86.921282, 36.329763 ], [ -86.920798, 36.3307 ], [ -86.920753, 36.330825 ], [ -86.920742, 36.330855 ], [ -86.920233, 36.332256 ], [ -86.918709, 36.336463 ], [ -86.918202, 36.337867 ], [ -86.917903, 36.338692 ], [ -86.917522, 36.339746 ], [ -86.917518, 36.339757 ], [ -86.917466, 36.33989 ], [ -86.917398, 36.340075 ], [ -86.917241, 36.340494 ], [ -86.917177, 36.340664 ], [ -86.916795, 36.341679 ], [ -86.916647, 36.342074 ], [ -86.916455, 36.342585 ], [ -86.915878, 36.344118 ], [ -86.915687, 36.34463 ], [ -86.915178, 36.346037 ], [ -86.913651, 36.35026 ], [ -86.913143, 36.351668 ], [ -86.911127, 36.357261 ], [ -86.909959, 36.360493 ], [ -86.910202, 36.361024 ], [ -86.910328, 36.361291 ], [ -86.910446, 36.361664 ], [ -86.910456, 36.362222 ], [ -86.910419, 36.362348 ], [ -86.910308, 36.362736 ], [ -86.910001, 36.363278 ], [ -86.909598, 36.363692 ], [ -86.909191, 36.364021 ], [ -86.907874, 36.364899 ], [ -86.907454, 36.364889 ], [ -86.907259, 36.364885 ], [ -86.907146, 36.364934 ], [ -86.906781, 36.365328 ], [ -86.90649, 36.36576 ], [ -86.906358, 36.365955 ], [ -86.906254, 36.366218 ], [ -86.906262, 36.366346 ], [ -86.906275, 36.366532 ], [ -86.906503, 36.366955 ], [ -86.90694, 36.367574 ], [ -86.90725, 36.367916 ], [ -86.907294, 36.367948 ], [ -86.907814, 36.368334 ], [ -86.907866, 36.368373 ], [ -86.908004, 36.368554 ], [ -86.908004, 36.368596 ], [ -86.908011, 36.368869 ], [ -86.907801, 36.369372 ], [ -86.907789, 36.369512 ], [ -86.907794, 36.369559 ], [ -86.907819, 36.369757 ], [ -86.907879, 36.369879 ], [ -86.907947, 36.370018 ], [ -86.908151, 36.370249 ], [ -86.90828, 36.370313 ], [ -86.908488, 36.370416 ], [ -86.909583, 36.370799 ], [ -86.909849, 36.371137 ], [ -86.90991, 36.371215 ], [ -86.909958, 36.371567 ], [ -86.909913, 36.371714 ], [ -86.910131, 36.371658 ], [ -86.910121, 36.371672 ], [ -86.910096, 36.371725 ], [ -86.910069, 36.371778 ], [ -86.91004, 36.37183 ], [ -86.909992, 36.371906 ], [ -86.90994, 36.37198 ], [ -86.909903, 36.372028 ], [ -86.909864, 36.372076 ], [ -86.909818, 36.372128 ], [ -86.911344, 36.372174 ], [ -86.911424, 36.372087 ], [ -86.911583, 36.371906 ], [ -86.911923, 36.371719 ], [ -86.911958, 36.371712 ], [ -86.911993, 36.371707 ], [ -86.912028, 36.371702 ], [ -86.912064, 36.371698 ], [ -86.912099, 36.371695 ], [ -86.912135, 36.371693 ], [ -86.912171, 36.371692 ], [ -86.912206, 36.371691 ], [ -86.912242, 36.371692 ], [ -86.912278, 36.371693 ], [ -86.912314, 36.371695 ], [ -86.912349, 36.371698 ], [ -86.912385, 36.371702 ], [ -86.912418, 36.371702 ], [ -86.912451, 36.3717 ], [ -86.912484, 36.371696 ], [ -86.912517, 36.37169 ], [ -86.912548, 36.371682 ], [ -86.912579, 36.371672 ], [ -86.912609, 36.37166 ], [ -86.912638, 36.371647 ], [ -86.912665, 36.371631 ], [ -86.912691, 36.371614 ], [ -86.913025, 36.371385 ], [ -86.913055, 36.37137 ], [ -86.913086, 36.371356 ], [ -86.913118, 36.371343 ], [ -86.91315, 36.371332 ], [ -86.913195, 36.371319 ], [ -86.913218, 36.371314 ], [ -86.913253, 36.371307 ], [ -86.913288, 36.371302 ], [ -86.913323, 36.371299 ], [ -86.913363, 36.371297 ], [ -86.913622, 36.371293 ], [ -86.913722, 36.371272 ], [ -86.913873, 36.371188 ], [ -86.913924, 36.371121 ], [ -86.913938, 36.371113 ], [ -86.913952, 36.371104 ], [ -86.913965, 36.371096 ], [ -86.91398, 36.371088 ], [ -86.913994, 36.37108 ], [ -86.914008, 36.371072 ], [ -86.914023, 36.371065 ], [ -86.914037, 36.371058 ], [ -86.914052, 36.37105 ], [ -86.914064, 36.371045 ], [ -86.914154, 36.371043 ], [ -86.914177, 36.371055 ], [ -86.9142, 36.371067 ], [ -86.914224, 36.371078 ], [ -86.914249, 36.371088 ], [ -86.914274, 36.371097 ], [ -86.914299, 36.371105 ], [ -86.914327, 36.371119 ], [ -86.914356, 36.37112 ], [ -86.914378, 36.371124 ], [ -86.914405, 36.371129 ], [ -86.914514, 36.371139 ], [ -86.914652, 36.371114 ], [ -86.914759, 36.371118 ], [ -86.914859, 36.371092 ], [ -86.91497, 36.371078 ], [ -86.915151, 36.371037 ], [ -86.915255, 36.371037 ], [ -86.915625, 36.370867 ], [ -86.915962, 36.370893 ], [ -86.915379, 36.372057 ], [ -86.914732, 36.373346 ], [ -86.916058, 36.373512 ], [ -86.914937, 36.378073 ], [ -86.912639, 36.377939 ], [ -86.912709, 36.377211 ], [ -86.912579, 36.377256 ], [ -86.912412, 36.377345 ], [ -86.912245, 36.377516 ], [ -86.912199, 36.377554 ], [ -86.912073, 36.377148 ], [ -86.910818, 36.378123 ], [ -86.909807, 36.379192 ], [ -86.910051, 36.379416 ], [ -86.910785, 36.380088 ], [ -86.910818, 36.380118 ], [ -86.911042, 36.380251 ], [ -86.911069, 36.380252 ], [ -86.911129, 36.380302 ], [ -86.912054, 36.380851 ], [ -86.912376, 36.381254 ], [ -86.912767, 36.381954 ], [ -86.913212, 36.382591 ], [ -86.913216, 36.382601 ], [ -86.913223, 36.38261 ], [ -86.913233, 36.382621 ], [ -86.913276, 36.382683 ], [ -86.913406, 36.38287 ], [ -86.91345, 36.382933 ], [ -86.913466, 36.382956 ], [ -86.913774, 36.38321 ], [ -86.91416, 36.383442 ], [ -86.914169, 36.383461 ], [ -86.914208, 36.383541 ], [ -86.912922, 36.383586 ], [ -86.912683, 36.383684 ], [ -86.912544, 36.383823 ], [ -86.912496, 36.384529 ], [ -86.912523, 36.384952 ], [ -86.91239, 36.385213 ], [ -86.911947, 36.385779 ], [ -86.91164, 36.386105 ], [ -86.911522, 36.386232 ], [ -86.911328, 36.386703 ], [ -86.911129, 36.3875 ], [ -86.910869, 36.38814 ], [ -86.910481, 36.388763 ], [ -86.90963, 36.389899 ], [ -86.909354, 36.390128 ], [ -86.909198, 36.390256 ], [ -86.909014, 36.390359 ], [ -86.908675, 36.390457 ], [ -86.908261, 36.390486 ], [ -86.907101, 36.390404 ], [ -86.904764, 36.38959 ], [ -86.904384, 36.389499 ], [ -86.904114, 36.389497 ], [ -86.903281, 36.38954 ], [ -86.902697, 36.389362 ], [ -86.90245, 36.389271 ], [ -86.902186, 36.389258 ], [ -86.901308, 36.389065 ], [ -86.901132, 36.389061 ], [ -86.900872, 36.389106 ], [ -86.900479, 36.389276 ], [ -86.899595, 36.389826 ], [ -86.899134, 36.389962 ], [ -86.898957, 36.389967 ], [ -86.898938, 36.389979 ], [ -86.898908, 36.389969 ], [ -86.898531, 36.389974 ], [ -86.898196, 36.389921 ], [ -86.897518, 36.3896 ], [ -86.89697, 36.389464 ], [ -86.894298, 36.389097 ], [ -86.89405, 36.388901 ], [ -86.893861, 36.388528 ], [ -86.893676, 36.388331 ], [ -86.893406, 36.388212 ], [ -86.892057, 36.387896 ], [ -86.8915, 36.38762 ], [ -86.891246, 36.387418 ], [ -86.890967, 36.387264 ], [ -86.890655, 36.387077 ], [ -86.89059, 36.387065 ], [ -86.890523, 36.387053 ], [ -86.890195, 36.386994 ], [ -86.889257, 36.38667 ], [ -86.888992, 36.386428 ], [ -86.888339, 36.38568 ], [ -86.886932, 36.384542 ], [ -86.886565, 36.384212 ], [ -86.886522, 36.384093 ], [ -86.886495, 36.384023 ], [ -86.886543, 36.383747 ], [ -86.886688, 36.383402 ], [ -86.886645, 36.383182 ], [ -86.886399, 36.382778 ], [ -86.886097, 36.382486 ], [ -86.886027, 36.38234 ], [ -86.885893, 36.38212 ], [ -86.885634, 36.381777 ], [ -86.884857, 36.381268 ], [ -86.884612, 36.381123 ], [ -86.884374, 36.380932 ], [ -86.884305, 36.380888 ], [ -86.884061, 36.380821 ], [ -86.883914, 36.380743 ], [ -86.883711, 36.380569 ], [ -86.883403, 36.380333 ], [ -86.88318, 36.380289 ], [ -86.882809, 36.380275 ], [ -86.882447, 36.38031 ], [ -86.882001, 36.380391 ], [ -86.881695, 36.380551 ], [ -86.881376, 36.380851 ], [ -86.881187, 36.38092 ], [ -86.881013, 36.380909 ], [ -86.880818, 36.380854 ], [ -86.880076, 36.38022 ], [ -86.879754, 36.379991 ], [ -86.878649, 36.378677 ], [ -86.878611, 36.378631 ], [ -86.878533, 36.378367 ], [ -86.878608, 36.37782 ], [ -86.878606, 36.377492 ], [ -86.878563, 36.377278 ], [ -86.878395, 36.377116 ], [ -86.878359, 36.377009 ], [ -86.878359, 36.376902 ], [ -86.878476, 36.37663 ], [ -86.878615, 36.376438 ], [ -86.878684, 36.376308 ], [ -86.878642, 36.376094 ], [ -86.878687, 36.37569 ], [ -86.878694, 36.375459 ], [ -86.878782, 36.375052 ], [ -86.87883, 36.374678 ], [ -86.878681, 36.374194 ], [ -86.878606, 36.374029 ], [ -86.878244, 36.373709 ], [ -86.878199, 36.373602 ], [ -86.878125, 36.373454 ], [ -86.878032, 36.373209 ], [ -86.877925, 36.372836 ], [ -86.877906, 36.372612 ], [ -86.877798, 36.372446 ], [ -86.877636, 36.372309 ], [ -86.877483, 36.372191 ], [ -86.877297, 36.372091 ], [ -86.877146, 36.372041 ], [ -86.877079, 36.372018 ], [ -86.87702, 36.371998 ], [ -86.876958, 36.371977 ], [ -86.876869, 36.371947 ], [ -86.8768, 36.371932 ], [ -86.876731, 36.37192 ], [ -86.876661, 36.37191 ], [ -86.876591, 36.371902 ], [ -86.876521, 36.371896 ], [ -86.876485, 36.371895 ], [ -86.876379, 36.371893 ], [ -86.87631, 36.371894 ], [ -86.876244, 36.371892 ], [ -86.876116, 36.371892 ], [ -86.875988, 36.3719 ], [ -86.875867, 36.371929 ], [ -86.875765, 36.371994 ], [ -86.8757, 36.372006 ], [ -86.875346, 36.372225 ], [ -86.875237, 36.372313 ], [ -86.875053, 36.372802 ], [ -86.874999, 36.372841 ], [ -86.87475, 36.372952 ], [ -86.874759, 36.373024 ], [ -86.874736, 36.373163 ], [ -86.874704, 36.373232 ], [ -86.874677, 36.373293 ], [ -86.874584, 36.373415 ], [ -86.874497, 36.373501 ], [ -86.874334, 36.373698 ], [ -86.873926, 36.373858 ], [ -86.873355, 36.374007 ], [ -86.872812, 36.374078 ], [ -86.872166, 36.374227 ], [ -86.871915, 36.374238 ], [ -86.871765, 36.374211 ], [ -86.87152, 36.374129 ], [ -86.871337, 36.374079 ], [ -86.87046, 36.374211 ], [ -86.870168, 36.37419 ], [ -86.869753, 36.373888 ], [ -86.869447, 36.373651 ], [ -86.8694, 36.373333 ], [ -86.86933, 36.373245 ], [ -86.869258, 36.373135 ], [ -86.869175, 36.373052 ], [ -86.869054, 36.372921 ], [ -86.86895, 36.372827 ], [ -86.86887, 36.372771 ], [ -86.868714, 36.372675 ], [ -86.868635, 36.372641 ], [ -86.868578, 36.372617 ], [ -86.86848, 36.372569 ], [ -86.86837, 36.372515 ], [ -86.868277, 36.372459 ], [ -86.868116, 36.372348 ], [ -86.867929, 36.372211 ], [ -86.867774, 36.372107 ], [ -86.8677, 36.372057 ], [ -86.867585, 36.37198 ], [ -86.867431, 36.371888 ], [ -86.867254, 36.371862 ], [ -86.86717, 36.371845 ], [ -86.866763, 36.371854 ], [ -86.866585, 36.371785 ], [ -86.866393, 36.371514 ], [ -86.866351, 36.371455 ], [ -86.866212, 36.371301 ], [ -86.866059, 36.371132 ], [ -86.866004, 36.371093 ], [ -86.865857, 36.370988 ], [ -86.865755, 36.370907 ], [ -86.865673, 36.370842 ], [ -86.865446, 36.370703 ], [ -86.865087, 36.370547 ], [ -86.864823, 36.370422 ], [ -86.864534, 36.370294 ], [ -86.864219, 36.370182 ], [ -86.864105, 36.370144 ], [ -86.863488, 36.369942 ], [ -86.863305, 36.369883 ], [ -86.863023, 36.369802 ], [ -86.862709, 36.369726 ], [ -86.862683, 36.369719 ], [ -86.862582, 36.369694 ], [ -86.86214, 36.369569 ], [ -86.862191, 36.369703 ], [ -86.862195, 36.369824 ], [ -86.862213, 36.370357 ], [ -86.862274, 36.371479 ], [ -86.862295, 36.371865 ], [ -86.862326, 36.372447 ], [ -86.862584, 36.377239 ], [ -86.862622, 36.377938 ], [ -86.862783, 36.381035 ], [ -86.862796, 36.381171 ], [ -86.858665, 36.380738 ], [ -86.857531, 36.380619 ], [ -86.852919, 36.380135 ], [ -86.853303, 36.377245 ], [ -86.854299, 36.369796 ], [ -86.854037, 36.369561 ], [ -86.853801, 36.369437 ], [ -86.853454, 36.369179 ], [ -86.852863, 36.369223 ], [ -86.852639, 36.36908 ], [ -86.852265, 36.368751 ], [ -86.851816, 36.368245 ], [ -86.851646, 36.368091 ], [ -86.851646, 36.367926 ], [ -86.851666, 36.367718 ], [ -86.851558, 36.36736 ], [ -86.851442, 36.367102 ], [ -86.851136, 36.366866 ], [ -86.850681, 36.366613 ], [ -86.850083, 36.366416 ], [ -86.849661, 36.366377 ], [ -86.849349, 36.36641 ], [ -86.848812, 36.366526 ], [ -86.848554, 36.366537 ], [ -86.848289, 36.366526 ], [ -86.84799, 36.366444 ], [ -86.847616, 36.366246 ], [ -86.847167, 36.365971 ], [ -86.846841, 36.365845 ], [ -86.846556, 36.365785 ], [ -86.846025, 36.365702 ], [ -86.845183, 36.36545 ], [ -86.844693, 36.365285 ], [ -86.844469, 36.365148 ], [ -86.844265, 36.364642 ], [ -86.844183, 36.364213 ], [ -86.844075, 36.36406 ], [ -86.843171, 36.363554 ], [ -86.842566, 36.363269 ], [ -86.842192, 36.363219 ], [ -86.841907, 36.363236 ], [ -86.841594, 36.363285 ], [ -86.841295, 36.363219 ], [ -86.84084, 36.362901 ], [ -86.840751, 36.362741 ], [ -86.840772, 36.362566 ], [ -86.84086, 36.362461 ], [ -86.841023, 36.362318 ], [ -86.841043, 36.362208 ], [ -86.840962, 36.361939 ], [ -86.840805, 36.361741 ], [ -86.840513, 36.361417 ], [ -86.840078, 36.361159 ], [ -86.839657, 36.360939 ], [ -86.839507, 36.360785 ], [ -86.839004, 36.359928 ], [ -86.838861, 36.359615 ], [ -86.838644, 36.359378 ], [ -86.838134, 36.358911 ], [ -86.837957, 36.358785 ], [ -86.837183, 36.358467 ], [ -86.836773, 36.35838 ], [ -86.836614, 36.360246 ], [ -86.834514, 36.359843 ], [ -86.834687, 36.358044 ], [ -86.834689, 36.357864 ], [ -86.834414, 36.357891 ], [ -86.834241, 36.357894 ], [ -86.834068, 36.357888 ], [ -86.833969, 36.357877 ], [ -86.833902, 36.357863 ], [ -86.833811, 36.357825 ], [ -86.833733, 36.357772 ], [ -86.83367, 36.357708 ], [ -86.833626, 36.357633 ], [ -86.833602, 36.357553 ], [ -86.833599, 36.357526 ], [ -86.8336, 36.357471 ], [ -86.833619, 36.35739 ], [ -86.833633, 36.357307 ], [ -86.833653, 36.357195 ], [ -86.833729, 36.356834 ], [ -86.833756, 36.356724 ], [ -86.83301, 36.356832 ], [ -86.832599, 36.356187 ], [ -86.830728, 36.355995 ], [ -86.830844, 36.354917 ], [ -86.83085, 36.354834 ], [ -86.830856, 36.354735 ], [ -86.830871, 36.354632 ], [ -86.830879, 36.354586 ], [ -86.830884, 36.354544 ], [ -86.830885, 36.354502 ], [ -86.830878, 36.354447 ], [ -86.830863, 36.354392 ], [ -86.830853, 36.354365 ], [ -86.830827, 36.354313 ], [ -86.83081, 36.354303 ], [ -86.830791, 36.354288 ], [ -86.83078, 36.354278 ], [ -86.830756, 36.35425 ], [ -86.830737, 36.354219 ], [ -86.830727, 36.354192 ], [ -86.830722, 36.354169 ], [ -86.830693, 36.354117 ], [ -86.830629, 36.354016 ], [ -86.830558, 36.353918 ], [ -86.830479, 36.353823 ], [ -86.830288, 36.353546 ], [ -86.830206, 36.35343 ], [ -86.829918, 36.353394 ], [ -86.829472, 36.353336 ], [ -86.829053, 36.353286 ], [ -86.828998, 36.35325 ], [ -86.828951, 36.353208 ], [ -86.82893, 36.353185 ], [ -86.828912, 36.353161 ], [ -86.828895, 36.353136 ], [ -86.828882, 36.35311 ], [ -86.828862, 36.353055 ], [ -86.828853, 36.352999 ], [ -86.828852, 36.35297 ], [ -86.828856, 36.352929 ], [ -86.828866, 36.352886 ], [ -86.828876, 36.352859 ], [ -86.828903, 36.352806 ], [ -86.82894, 36.352758 ], [ -86.828975, 36.352724 ], [ -86.829011, 36.352695 ], [ -86.82866, 36.352483 ], [ -86.828613, 36.352455 ], [ -86.828363, 36.352304 ], [ -86.82809, 36.352167 ], [ -86.827249, 36.351747 ], [ -86.826787, 36.351524 ], [ -86.826622, 36.351445 ], [ -86.826578, 36.351409 ], [ -86.826409, 36.351273 ], [ -86.825696, 36.350699 ], [ -86.825777, 36.35037 ], [ -86.82587, 36.350304 ], [ -86.826423, 36.349882 ], [ -86.825915, 36.349635 ], [ -86.825631, 36.349734 ], [ -86.825538, 36.349771 ], [ -86.825506, 36.349786 ], [ -86.825053, 36.349817 ], [ -86.824784, 36.349872 ], [ -86.82468, 36.349977 ], [ -86.824583, 36.3502 ], [ -86.824518, 36.350475 ], [ -86.824491, 36.35059 ], [ -86.824385, 36.350786 ], [ -86.824269, 36.351002 ], [ -86.824162, 36.351153 ], [ -86.824075, 36.351275 ], [ -86.823882, 36.35133 ], [ -86.823613, 36.351385 ], [ -86.823386, 36.351478 ], [ -86.823311, 36.351523 ], [ -86.823151, 36.351622 ], [ -86.823083, 36.351648 ], [ -86.822933, 36.351705 ], [ -86.822779, 36.351677 ], [ -86.821974, 36.351632 ], [ -86.821671, 36.351675 ], [ -86.821235, 36.351816 ], [ -86.820993, 36.352017 ], [ -86.820852, 36.352169 ], [ -86.820724, 36.352223 ], [ -86.820482, 36.352255 ], [ -86.820181, 36.352255 ], [ -86.819698, 36.352194 ], [ -86.819516, 36.352226 ], [ -86.819341, 36.352307 ], [ -86.819113, 36.352454 ], [ -86.818889, 36.352704 ], [ -86.818844, 36.352753 ], [ -86.818647, 36.352874 ], [ -86.818436, 36.352874 ], [ -86.817954, 36.35277 ], [ -86.817594, 36.352869 ], [ -86.817288, 36.353023 ], [ -86.817016, 36.353143 ], [ -86.81667, 36.352968 ], [ -86.815936, 36.352825 ], [ -86.815664, 36.352759 ], [ -86.815372, 36.352797 ], [ -86.815168, 36.352902 ], [ -86.814638, 36.353105 ], [ -86.813884, 36.353319 ], [ -86.813184, 36.353534 ], [ -86.812981, 36.35356 ], [ -86.812925, 36.353563 ], [ -86.812871, 36.353574 ], [ -86.812491, 36.353622 ], [ -86.812351, 36.353677 ], [ -86.811948, 36.353836 ], [ -86.811194, 36.354028 ], [ -86.810812, 36.354227 ], [ -86.810768, 36.354342 ], [ -86.810752, 36.354385 ], [ -86.810549, 36.354472 ], [ -86.810386, 36.354555 ], [ -86.810339, 36.354576 ], [ -86.810183, 36.354655 ], [ -86.809682, 36.354815 ], [ -86.809184, 36.354989 ], [ -86.80886, 36.355004 ], [ -86.808833, 36.355012 ], [ -86.808805, 36.355018 ], [ -86.808785, 36.35502 ], [ -86.80876, 36.355022 ], [ -86.808734, 36.355023 ], [ -86.808709, 36.355022 ], [ -86.808659, 36.355015 ], [ -86.808601, 36.355021 ], [ -86.808531, 36.355032 ], [ -86.808451, 36.355048 ], [ -86.80839, 36.355064 ], [ -86.808359, 36.355072 ], [ -86.808309, 36.355088 ], [ -86.808247, 36.35511 ], [ -86.808191, 36.355133 ], [ -86.808127, 36.35516 ], [ -86.808015, 36.35521 ], [ -86.807945, 36.355242 ], [ -86.807827, 36.3553 ], [ -86.807779, 36.355328 ], [ -86.807706, 36.35536 ], [ -86.807639, 36.355385 ], [ -86.807569, 36.355406 ], [ -86.807531, 36.355416 ], [ -86.807498, 36.355424 ], [ -86.807448, 36.355435 ], [ -86.80739, 36.355445 ], [ -86.807248, 36.355442 ], [ -86.807071, 36.355434 ], [ -86.806789, 36.355415 ], [ -86.806613, 36.355398 ], [ -86.806232, 36.355418 ], [ -86.806099, 36.355439 ], [ -86.806006, 36.355444 ], [ -86.805922, 36.355437 ], [ -86.805721, 36.35542 ], [ -86.805615, 36.355421 ], [ -86.805516, 36.355433 ], [ -86.80541, 36.355454 ], [ -86.805339, 36.355479 ], [ -86.805306, 36.355489 ], [ -86.80527, 36.355497 ], [ -86.805234, 36.355504 ], [ -86.805197, 36.355509 ], [ -86.80516, 36.355513 ], [ -86.805123, 36.355515 ], [ -86.805086, 36.355515 ], [ -86.805048, 36.355513 ], [ -86.805025, 36.355508 ], [ -86.805, 36.355504 ], [ -86.804975, 36.355503 ], [ -86.804947, 36.355505 ], [ -86.804902, 36.355511 ], [ -86.804878, 36.355518 ], [ -86.804856, 36.355527 ], [ -86.804835, 36.355538 ], [ -86.804824, 36.355544 ], [ -86.804501, 36.355391 ], [ -86.804202, 36.355363 ], [ -86.803781, 36.355363 ], [ -86.803428, 36.355396 ], [ -86.803278, 36.355473 ], [ -86.803142, 36.355655 ], [ -86.803113, 36.355707 ], [ -86.803097, 36.355715 ], [ -86.803066, 36.355759 ], [ -86.803033, 36.35581 ], [ -86.803002, 36.355862 ], [ -86.802973, 36.355913 ], [ -86.802961, 36.355931 ], [ -86.802923, 36.355986 ], [ -86.802803, 36.356117 ], [ -86.802728, 36.356149 ], [ -86.802685, 36.356207 ], [ -86.80258, 36.356266 ], [ -86.802529, 36.3563 ], [ -86.802482, 36.35636 ], [ -86.802468, 36.356398 ], [ -86.802468, 36.356465 ], [ -86.802495, 36.356527 ], [ -86.802527, 36.356563 ], [ -86.80257, 36.3566 ], [ -86.802625, 36.356673 ], [ -86.802637, 36.3567 ], [ -86.802649, 36.356738 ], [ -86.802578, 36.35682 ], [ -86.802266, 36.357034 ], [ -86.801953, 36.357232 ], [ -86.801647, 36.357386 ], [ -86.801294, 36.357446 ], [ -86.800934, 36.357452 ], [ -86.800431, 36.357419 ], [ -86.80018, 36.357578 ], [ -86.800023, 36.357605 ], [ -86.799786, 36.357699 ], [ -86.799697, 36.357831 ], [ -86.799425, 36.358056 ], [ -86.799228, 36.358105 ], [ -86.799018, 36.358105 ], [ -86.798447, 36.358386 ], [ -86.798134, 36.358413 ], [ -86.798066, 36.358545 ], [ -86.797951, 36.358605 ], [ -86.797713, 36.35866 ], [ -86.79757, 36.358754 ], [ -86.797539, 36.358802 ], [ -86.79747, 36.358866 ], [ -86.797442, 36.358919 ], [ -86.797434, 36.358948 ], [ -86.797431, 36.358985 ], [ -86.797434, 36.359034 ], [ -86.797434, 36.359082 ], [ -86.797431, 36.359116 ], [ -86.797424, 36.359148 ], [ -86.797416, 36.359176 ], [ -86.797405, 36.359204 ], [ -86.797385, 36.359241 ], [ -86.797358, 36.359281 ], [ -86.797339, 36.359305 ], [ -86.797316, 36.359327 ], [ -86.797294, 36.359349 ], [ -86.797272, 36.359372 ], [ -86.797251, 36.359395 ], [ -86.797231, 36.359419 ], [ -86.797212, 36.359443 ], [ -86.797175, 36.359492 ], [ -86.797158, 36.359517 ], [ -86.79711, 36.359603 ], [ -86.797047, 36.359611 ], [ -86.796809, 36.35955 ], [ -86.796571, 36.359506 ], [ -86.796266, 36.359534 ], [ -86.795871, 36.359611 ], [ -86.795287, 36.359754 ], [ -86.795015, 36.359874 ], [ -86.794703, 36.359885 ], [ -86.794098, 36.35983 ], [ -86.793704, 36.359825 ], [ -86.793378, 36.359885 ], [ -86.792427, 36.359846 ], [ -86.792128, 36.359797 ], [ -86.791761, 36.359791 ], [ -86.79153, 36.359802 ], [ -86.791237, 36.359863 ], [ -86.790904, 36.359956 ], [ -86.790259, 36.360038 ], [ -86.789552, 36.360071 ], [ -86.789179, 36.360077 ], [ -86.78873, 36.359978 ], [ -86.788438, 36.359967 ], [ -86.788091, 36.359939 ], [ -86.788006, 36.359859 ], [ -86.787874, 36.359736 ], [ -86.787677, 36.359648 ], [ -86.787357, 36.35964 ], [ -86.787377, 36.359786 ], [ -86.787311, 36.359854 ], [ -86.787257, 36.359901 ], [ -86.78723, 36.359936 ], [ -86.787203, 36.359989 ], [ -86.78719, 36.360042 ], [ -86.78718, 36.360081 ], [ -86.787178, 36.360134 ], [ -86.787154, 36.360202 ], [ -86.787146, 36.360255 ], [ -86.787147, 36.360304 ], [ -86.787142, 36.360367 ], [ -86.787145, 36.360424 ], [ -86.787154, 36.36047 ], [ -86.78716, 36.36051 ], [ -86.787182, 36.36056 ], [ -86.787199, 36.360604 ], [ -86.787218, 36.360652 ], [ -86.787243, 36.360696 ], [ -86.787268, 36.360747 ], [ -86.787318, 36.360852 ], [ -86.78737, 36.360917 ], [ -86.787398, 36.360993 ], [ -86.787407, 36.361031 ], [ -86.787443, 36.361097 ], [ -86.787482, 36.361191 ], [ -86.787523, 36.361259 ], [ -86.787554, 36.361321 ], [ -86.787584, 36.361399 ], [ -86.787604, 36.361446 ], [ -86.787707, 36.362192 ], [ -86.787696, 36.362269 ], [ -86.787678, 36.362333 ], [ -86.787662, 36.362392 ], [ -86.787652, 36.362445 ], [ -86.787649, 36.362491 ], [ -86.787647, 36.362533 ], [ -86.787653, 36.362583 ], [ -86.787659, 36.362623 ], [ -86.78767, 36.362667 ], [ -86.78769, 36.362788 ], [ -86.7877, 36.362915 ], [ -86.78771, 36.363067 ], [ -86.787723, 36.363284 ], [ -86.787662, 36.363473 ], [ -86.787585, 36.363687 ], [ -86.787521, 36.363824 ], [ -86.787506, 36.363894 ], [ -86.787504, 36.364006 ], [ -86.787499, 36.364079 ], [ -86.787463, 36.364198 ], [ -86.787439, 36.364246 ], [ -86.787412, 36.364297 ], [ -86.787402, 36.364409 ], [ -86.787333, 36.364585 ], [ -86.787256, 36.364755 ], [ -86.787155, 36.364964 ], [ -86.787094, 36.365136 ], [ -86.787081, 36.3652 ], [ -86.787073, 36.365255 ], [ -86.787044, 36.365316 ], [ -86.787026, 36.365398 ], [ -86.786989, 36.365479 ], [ -86.786942, 36.365767 ], [ -86.787047, 36.365822 ], [ -86.787317, 36.365918 ], [ -86.78768, 36.366014 ], [ -86.788272, 36.366319 ], [ -86.788284, 36.366341 ], [ -86.788326, 36.366413 ], [ -86.788341, 36.366438 ], [ -86.788483, 36.366868 ], [ -86.788752, 36.367451 ], [ -86.789293, 36.368285 ], [ -86.789388, 36.368406 ], [ -86.789421, 36.368448 ], [ -86.789866, 36.368738 ], [ -86.790571, 36.368962 ], [ -86.791946, 36.369321 ], [ -86.792156, 36.369492 ], [ -86.792122, 36.369865 ], [ -86.791915, 36.370328 ], [ -86.791788, 36.370784 ], [ -86.791702, 36.371342 ], [ -86.791599, 36.372174 ], [ -86.791506, 36.372927 ], [ -86.791484, 36.373123 ], [ -86.791237, 36.375352 ], [ -86.791095, 36.376363 ], [ -86.791034, 36.37676 ], [ -86.790949, 36.376834 ], [ -86.790865, 36.376852 ], [ -86.790765, 36.376874 ], [ -86.789856, 36.376879 ], [ -86.788806, 36.376886 ], [ -86.788327, 36.37689 ], [ -86.788163, 36.376901 ], [ -86.788028, 36.376916 ], [ -86.787896, 36.376939 ], [ -86.787636, 36.377005 ], [ -86.787512, 36.377048 ], [ -86.787344, 36.377118 ], [ -86.786828, 36.377491 ], [ -86.786675, 36.377631 ], [ -86.785844, 36.378397 ], [ -86.785749, 36.378484 ], [ -86.784909, 36.379281 ], [ -86.784735, 36.379441 ], [ -86.784651, 36.379533 ], [ -86.784446, 36.379762 ], [ -86.784274, 36.380096 ], [ -86.784253, 36.380217 ], [ -86.784163, 36.381046 ], [ -86.784129, 36.381192 ], [ -86.784075, 36.381325 ], [ -86.784001, 36.381452 ], [ -86.783805, 36.381677 ], [ -86.783757, 36.381748 ], [ -86.783726, 36.381827 ], [ -86.783748, 36.38207 ], [ -86.783795, 36.382148 ], [ -86.783956, 36.382369 ], [ -86.784301, 36.382898 ], [ -86.784355, 36.383004 ], [ -86.784366, 36.383281 ], [ -86.784342, 36.383348 ], [ -86.784209, 36.383526 ], [ -86.784147, 36.383576 ], [ -86.784078, 36.383619 ], [ -86.783924, 36.38368 ], [ -86.783786, 36.383692 ], [ -86.783337, 36.383735 ], [ -86.783157, 36.383733 ], [ -86.782798, 36.383707 ], [ -86.782621, 36.383702 ], [ -86.782307, 36.383717 ], [ -86.782301, 36.383701 ], [ -86.782293, 36.383685 ], [ -86.782282, 36.38367 ], [ -86.782269, 36.383656 ], [ -86.782253, 36.383641 ], [ -86.782238, 36.383631 ], [ -86.78222, 36.383621 ], [ -86.782201, 36.383612 ], [ -86.782181, 36.383606 ], [ -86.78216, 36.383601 ], [ -86.782133, 36.383592 ], [ -86.782106, 36.383584 ], [ -86.782079, 36.383577 ], [ -86.782051, 36.383569 ], [ -86.782024, 36.383562 ], [ -86.781996, 36.383555 ], [ -86.781974, 36.38355 ], [ -86.781941, 36.383542 ], [ -86.781913, 36.383536 ], [ -86.781885, 36.38353 ], [ -86.781852, 36.38352 ], [ -86.781819, 36.383512 ], [ -86.781785, 36.383506 ], [ -86.781751, 36.383501 ], [ -86.781716, 36.383497 ], [ -86.781682, 36.383494 ], [ -86.781647, 36.383493 ], [ -86.781612, 36.383494 ], [ -86.781578, 36.383496 ], [ -86.781543, 36.383499 ], [ -86.781509, 36.383504 ], [ -86.781475, 36.38351 ], [ -86.781442, 36.383518 ], [ -86.781409, 36.383527 ], [ -86.781377, 36.383537 ], [ -86.781352, 36.383543 ], [ -86.78133, 36.383553 ], [ -86.781312, 36.383568 ], [ -86.781298, 36.383585 ], [ -86.78129, 36.383605 ], [ -86.781288, 36.383625 ], [ -86.781292, 36.383645 ], [ -86.781302, 36.383664 ], [ -86.781318, 36.383681 ], [ -86.781337, 36.383694 ], [ -86.781351, 36.383707 ], [ -86.781365, 36.383721 ], [ -86.781377, 36.383735 ], [ -86.781389, 36.383749 ], [ -86.781401, 36.383764 ], [ -86.781414, 36.383789 ], [ -86.781429, 36.383814 ], [ -86.781445, 36.383838 ], [ -86.781463, 36.383861 ], [ -86.781483, 36.383884 ], [ -86.781504, 36.383905 ], [ -86.781526, 36.383926 ], [ -86.78155, 36.383946 ], [ -86.781575, 36.383964 ], [ -86.781601, 36.383982 ], [ -86.781625, 36.383996 ], [ -86.781661, 36.384016 ], [ -86.781635, 36.384039 ], [ -86.781524, 36.384137 ], [ -86.782015, 36.38463 ], [ -86.782211, 36.384827 ], [ -86.781037, 36.386211 ], [ -86.780587, 36.386743 ], [ -86.780587, 36.386777 ], [ -86.780617, 36.387025 ], [ -86.780647, 36.387147 ], [ -86.780655, 36.387168 ], [ -86.780734, 36.387384 ], [ -86.781035, 36.387866 ], [ -86.781158, 36.387887 ], [ -86.781312, 36.388258 ], [ -86.781371, 36.388344 ], [ -86.781445, 36.388502 ], [ -86.781506, 36.388632 ], [ -86.781649, 36.388985 ], [ -86.781685, 36.389075 ], [ -86.781694, 36.389097 ], [ -86.781893, 36.389588 ], [ -86.781365, 36.390049 ], [ -86.781199, 36.39019 ], [ -86.779997, 36.390523 ], [ -86.777749, 36.39115 ], [ -86.777207, 36.391297 ], [ -86.776553, 36.391431 ], [ -86.773736, 36.392454 ], [ -86.773421, 36.392399 ], [ -86.773328, 36.392382 ], [ -86.772923, 36.392497 ], [ -86.772877, 36.392496 ], [ -86.772822, 36.392495 ], [ -86.772694, 36.392495 ], [ -86.772661, 36.392504 ], [ -86.772609, 36.392519 ], [ -86.772564, 36.392663 ], [ -86.772431, 36.393096 ], [ -86.772387, 36.393241 ], [ -86.771813, 36.393266 ], [ -86.77009, 36.393343 ], [ -86.769517, 36.393369 ], [ -86.769329, 36.393445 ], [ -86.768767, 36.393674 ], [ -86.768648, 36.393724 ], [ -86.768581, 36.393752 ], [ -86.768405, 36.393768 ], [ -86.767876, 36.393819 ], [ -86.767701, 36.393837 ], [ -86.767677, 36.393839 ], [ -86.767607, 36.393847 ], [ -86.767584, 36.393851 ], [ -86.767428, 36.393863 ], [ -86.76696, 36.393901 ], [ -86.766805, 36.393915 ], [ -86.766329, 36.393985 ], [ -86.764901, 36.394197 ], [ -86.764426, 36.394268 ], [ -86.764409, 36.394271 ], [ -86.764359, 36.394282 ], [ -86.764343, 36.394286 ], [ -86.76433, 36.394289 ], [ -86.764294, 36.394996 ], [ -86.764233, 36.395061 ], [ -86.764213, 36.395081 ], [ -86.76411, 36.395179 ], [ -86.764099, 36.395191 ], [ -86.764088, 36.395202 ], [ -86.764076, 36.395213 ], [ -86.764063, 36.395223 ], [ -86.764049, 36.395233 ], [ -86.764035, 36.395242 ], [ -86.76402, 36.395251 ], [ -86.764004, 36.395258 ], [ -86.763988, 36.395265 ], [ -86.763972, 36.395272 ], [ -86.763944, 36.395287 ], [ -86.763918, 36.395303 ], [ -86.763893, 36.395321 ], [ -86.76387, 36.39534 ], [ -86.763848, 36.39536 ], [ -86.763827, 36.395381 ], [ -86.763809, 36.395403 ], [ -86.763792, 36.395426 ], [ -86.763777, 36.39545 ], [ -86.763765, 36.395475 ], [ -86.763666, 36.395645 ], [ -86.76364, 36.395678 ], [ -86.763621, 36.395707 ], [ -86.76361, 36.395738 ], [ -86.763607, 36.395787 ], [ -86.763616, 36.395819 ], [ -86.763625, 36.395877 ], [ -86.763629, 36.395935 ], [ -86.763629, 36.395993 ], [ -86.763615, 36.396109 ], [ -86.763601, 36.396167 ], [ -86.763592, 36.396195 ], [ -86.76356, 36.396239 ], [ -86.763568, 36.396271 ], [ -86.763566, 36.396297 ], [ -86.763568, 36.396324 ], [ -86.763572, 36.39635 ], [ -86.763579, 36.396375 ], [ -86.76359, 36.3964 ], [ -86.763603, 36.396424 ], [ -86.763619, 36.396447 ], [ -86.763629, 36.396505 ], [ -86.763632, 36.396534 ], [ -86.763633, 36.396563 ], [ -86.763633, 36.396592 ], [ -86.763629, 36.396641 ], [ -86.763522, 36.396842 ], [ -86.763492, 36.396898 ], [ -86.763394, 36.397094 ], [ -86.764825, 36.39814 ], [ -86.764808, 36.398223 ], [ -86.764739, 36.398452 ], [ -86.764636, 36.398757 ], [ -86.764492, 36.399089 ], [ -86.764265, 36.399552 ], [ -86.764151, 36.399722 ], [ -86.764023, 36.399837 ], [ -86.76393, 36.399896 ], [ -86.763848, 36.399936 ], [ -86.763736, 36.399981 ], [ -86.763613, 36.400009 ], [ -86.763444, 36.40004 ], [ -86.763116, 36.400087 ], [ -86.76287, 36.400131 ], [ -86.762668, 36.400162 ], [ -86.762475, 36.400214 ], [ -86.762231, 36.400318 ], [ -86.760792, 36.400794 ], [ -86.760557, 36.400717 ], [ -86.758072, 36.399867 ], [ -86.756597, 36.400441 ], [ -86.755195, 36.402458 ], [ -86.755183, 36.404148 ], [ -86.755098, 36.404433 ], [ -86.754795, 36.405496 ], [ -86.753895, 36.404295 ], [ -86.752986, 36.404362 ], [ -86.752304, 36.404412 ], [ -86.752178, 36.404467 ], [ -86.751994, 36.404556 ], [ -86.75191, 36.404579 ], [ -86.751829, 36.404593 ], [ -86.751731, 36.404613 ], [ -86.751663, 36.404633 ], [ -86.751598, 36.404667 ], [ -86.751476, 36.404709 ], [ -86.75143, 36.404729 ], [ -86.751352, 36.404763 ], [ -86.751281, 36.404783 ], [ -86.751229, 36.404793 ], [ -86.751135, 36.404788 ], [ -86.751042, 36.404751 ], [ -86.750941, 36.404726 ], [ -86.750829, 36.404689 ], [ -86.750736, 36.404637 ], [ -86.750592, 36.404638 ], [ -86.750511, 36.40466 ], [ -86.750235, 36.404612 ], [ -86.750135, 36.404588 ], [ -86.750048, 36.404579 ], [ -86.748493, 36.404694 ], [ -86.747306, 36.404017 ], [ -86.746153, 36.403359 ], [ -86.746122, 36.403341 ], [ -86.74588, 36.403204 ], [ -86.745693, 36.403097 ], [ -86.745945, 36.401196 ], [ -86.74609, 36.400093 ], [ -86.746088, 36.400044 ], [ -86.746095, 36.399963 ], [ -86.746106, 36.399899 ], [ -86.746116, 36.399818 ], [ -86.746118, 36.399734 ], [ -86.74606, 36.399644 ], [ -86.745978, 36.399575 ], [ -86.745896, 36.399522 ], [ -86.745852, 36.399481 ], [ -86.745832, 36.399463 ], [ -86.745756, 36.399415 ], [ -86.745734, 36.399405 ], [ -86.745661, 36.399368 ], [ -86.74563, 36.399339 ], [ -86.745586, 36.399307 ], [ -86.745545, 36.39927 ], [ -86.745493, 36.399222 ], [ -86.745474, 36.399208 ], [ -86.745446, 36.399178 ], [ -86.745383, 36.399128 ], [ -86.745312, 36.399095 ], [ -86.745241, 36.39906 ], [ -86.745209, 36.399052 ], [ -86.745105, 36.399042 ], [ -86.745038, 36.399049 ], [ -86.744978, 36.39908 ], [ -86.744913, 36.399098 ], [ -86.744893, 36.3991 ], [ -86.744713, 36.398952 ], [ -86.744696, 36.398873 ], [ -86.744687, 36.398845 ], [ -86.744674, 36.398807 ], [ -86.744602, 36.398728 ], [ -86.744556, 36.398678 ], [ -86.744525, 36.398643 ], [ -86.744484, 36.398608 ], [ -86.744438, 36.398586 ], [ -86.744276, 36.398464 ], [ -86.744216, 36.398432 ], [ -86.744159, 36.398366 ], [ -86.744131, 36.398336 ], [ -86.744128, 36.398248 ], [ -86.744122, 36.398213 ], [ -86.744119, 36.398187 ], [ -86.744094, 36.398123 ], [ -86.74408, 36.398099 ], [ -86.744069, 36.398066 ], [ -86.744039, 36.398033 ], [ -86.743913, 36.397983 ], [ -86.743845, 36.397946 ], [ -86.743812, 36.397942 ], [ -86.74379, 36.397929 ], [ -86.743763, 36.397909 ], [ -86.743744, 36.397896 ], [ -86.743716, 36.397868 ], [ -86.7437, 36.397846 ], [ -86.743686, 36.397826 ], [ -86.743656, 36.397776 ], [ -86.743631, 36.397723 ], [ -86.743603, 36.397708 ], [ -86.74356, 36.397693 ], [ -86.743508, 36.397728 ], [ -86.743483, 36.397743 ], [ -86.741712, 36.397346 ], [ -86.741674, 36.397337 ], [ -86.741679, 36.397296 ], [ -86.74174, 36.396778 ], [ -86.741795, 36.396373 ], [ -86.741799, 36.396342 ], [ -86.741397, 36.395282 ], [ -86.741397, 36.395247 ], [ -86.741407, 36.395223 ], [ -86.741416, 36.395192 ], [ -86.741416, 36.395146 ], [ -86.74142, 36.395071 ], [ -86.74145, 36.395021 ], [ -86.741466, 36.39497 ], [ -86.741484, 36.394906 ], [ -86.741492, 36.394866 ], [ -86.741497, 36.394836 ], [ -86.741499, 36.394794 ], [ -86.741504, 36.394754 ], [ -86.741504, 36.39473 ], [ -86.741507, 36.39471 ], [ -86.741506, 36.394675 ], [ -86.741503, 36.394658 ], [ -86.7415, 36.394623 ], [ -86.741497, 36.394596 ], [ -86.741489, 36.394572 ], [ -86.741491, 36.394539 ], [ -86.741486, 36.394504 ], [ -86.74148, 36.394471 ], [ -86.741474, 36.39444 ], [ -86.741466, 36.394405 ], [ -86.74146, 36.39437 ], [ -86.741454, 36.394339 ], [ -86.741446, 36.394317 ], [ -86.741432, 36.394293 ], [ -86.741418, 36.394267 ], [ -86.741402, 36.394234 ], [ -86.74136, 36.39416 ], [ -86.741333, 36.394151 ], [ -86.741305, 36.394127 ], [ -86.741275, 36.394103 ], [ -86.741234, 36.394095 ], [ -86.741221, 36.394073 ], [ -86.741196, 36.394031 ], [ -86.741187, 36.393998 ], [ -86.741184, 36.39393 ], [ -86.741213, 36.393871 ], [ -86.741235, 36.393846 ], [ -86.741275, 36.393769 ], [ -86.741296, 36.393712 ], [ -86.741312, 36.393685 ], [ -86.741328, 36.393663 ], [ -86.741333, 36.393626 ], [ -86.741341, 36.393591 ], [ -86.741341, 36.393571 ], [ -86.741351, 36.393529 ], [ -86.741365, 36.393478 ], [ -86.741367, 36.393452 ], [ -86.74137, 36.39343 ], [ -86.741358, 36.393393 ], [ -86.741366, 36.393342 ], [ -86.74136, 36.393298 ], [ -86.741346, 36.393276 ], [ -86.741338, 36.393217 ], [ -86.741343, 36.393184 ], [ -86.741334, 36.393156 ], [ -86.741307, 36.393123 ], [ -86.741263, 36.39308 ], [ -86.741241, 36.393062 ], [ -86.741214, 36.393033 ], [ -86.741151, 36.393005 ], [ -86.741113, 36.392988 ], [ -86.741066, 36.392973 ], [ -86.741023, 36.392966 ], [ -86.740985, 36.392962 ], [ -86.74096, 36.392962 ], [ -86.740917, 36.392954 ], [ -86.740884, 36.392941 ], [ -86.740846, 36.392928 ], [ -86.740794, 36.392902 ], [ -86.740742, 36.392893 ], [ -86.740701, 36.392874 ], [ -86.740638, 36.392802 ], [ -86.74064, 36.392771 ], [ -86.740637, 36.392736 ], [ -86.740632, 36.392707 ], [ -86.740631, 36.392672 ], [ -86.740636, 36.392643 ], [ -86.740639, 36.392604 ], [ -86.740638, 36.392583 ], [ -86.740636, 36.39254 ], [ -86.740649, 36.392485 ], [ -86.740651, 36.392435 ], [ -86.74065, 36.392338 ], [ -86.740671, 36.392263 ], [ -86.74067, 36.392213 ], [ -86.740659, 36.392186 ], [ -86.740659, 36.392162 ], [ -86.740643, 36.392138 ], [ -86.740631, 36.392094 ], [ -86.740628, 36.392037 ], [ -86.740617, 36.392017 ], [ -86.740611, 36.39196 ], [ -86.740581, 36.391912 ], [ -86.740542, 36.391871 ], [ -86.740526, 36.39184 ], [ -86.740484, 36.391787 ], [ -86.740451, 36.391735 ], [ -86.740451, 36.391669 ], [ -86.740434, 36.391647 ], [ -86.74045, 36.391607 ], [ -86.74046, 36.391552 ], [ -86.740468, 36.391508 ], [ -86.740484, 36.391423 ], [ -86.740507, 36.391271 ], [ -86.740496, 36.39124 ], [ -86.740487, 36.391209 ], [ -86.740469, 36.391153 ], [ -86.740465, 36.391139 ], [ -86.740462, 36.391097 ], [ -86.740439, 36.391049 ], [ -86.740415, 36.391014 ], [ -86.740353, 36.390933 ], [ -86.740315, 36.390865 ], [ -86.74028, 36.390817 ], [ -86.740241, 36.390765 ], [ -86.740213, 36.390717 ], [ -86.740205, 36.390671 ], [ -86.740196, 36.390635 ], [ -86.740169, 36.390572 ], [ -86.740155, 36.390526 ], [ -86.740132, 36.390486 ], [ -86.740097, 36.390465 ], [ -86.740059, 36.390439 ], [ -86.740009, 36.390412 ], [ -86.73996, 36.390378 ], [ -86.739867, 36.390314 ], [ -86.739839, 36.390288 ], [ -86.739829, 36.390279 ], [ -86.739804, 36.390253 ], [ -86.739758, 36.390225 ], [ -86.739711, 36.390208 ], [ -86.73966, 36.390197 ], [ -86.739624, 36.39018 ], [ -86.739591, 36.390147 ], [ -86.739553, 36.390112 ], [ -86.739482, 36.390086 ], [ -86.739395, 36.390045 ], [ -86.739291, 36.389995 ], [ -86.73922, 36.389962 ], [ -86.73916, 36.389926 ], [ -86.739098, 36.389875 ], [ -86.738916, 36.389744 ], [ -86.738867, 36.389709 ], [ -86.738813, 36.389668 ], [ -86.73876, 36.389633 ], [ -86.738733, 36.389616 ], [ -86.738705, 36.389599 ], [ -86.738677, 36.389583 ], [ -86.738649, 36.389567 ], [ -86.738619, 36.389554 ], [ -86.738591, 36.389536 ], [ -86.738562, 36.389521 ], [ -86.738533, 36.389506 ], [ -86.738503, 36.389492 ], [ -86.738472, 36.389478 ], [ -86.738442, 36.389465 ], [ -86.738411, 36.389452 ], [ -86.73838, 36.38944 ], [ -86.738349, 36.389427 ], [ -86.738317, 36.389417 ], [ -86.738286, 36.389405 ], [ -86.738254, 36.389394 ], [ -86.738222, 36.389384 ], [ -86.738189, 36.389374 ], [ -86.738156, 36.389364 ], [ -86.738124, 36.389355 ], [ -86.738091, 36.389347 ], [ -86.738058, 36.389339 ], [ -86.738024, 36.389331 ], [ -86.737991, 36.389324 ], [ -86.737958, 36.389316 ], [ -86.737924, 36.389308 ], [ -86.737891, 36.389299 ], [ -86.737858, 36.389291 ], [ -86.737826, 36.389282 ], [ -86.737793, 36.389273 ], [ -86.73776, 36.389264 ], [ -86.737727, 36.389254 ], [ -86.737695, 36.389245 ], [ -86.737663, 36.389235 ], [ -86.73763, 36.389225 ], [ -86.737598, 36.389215 ], [ -86.737566, 36.389204 ], [ -86.737534, 36.389193 ], [ -86.737502, 36.389183 ], [ -86.73747, 36.389171 ], [ -86.737438, 36.38916 ], [ -86.737407, 36.389149 ], [ -86.737375, 36.389137 ], [ -86.737344, 36.389125 ], [ -86.737313, 36.389113 ], [ -86.737282, 36.389101 ], [ -86.737189, 36.389063 ], [ -86.737097, 36.389023 ], [ -86.736977, 36.388968 ], [ -86.736918, 36.388939 ], [ -86.736859, 36.388909 ], [ -86.736801, 36.388878 ], [ -86.736744, 36.388847 ], [ -86.736715, 36.388831 ], [ -86.736687, 36.388815 ], [ -86.736635, 36.388777 ], [ -86.736583, 36.388739 ], [ -86.736531, 36.388701 ], [ -86.736454, 36.388642 ], [ -86.736378, 36.388584 ], [ -86.736302, 36.388525 ], [ -86.736227, 36.388465 ], [ -86.736153, 36.388404 ], [ -86.736104, 36.388364 ], [ -86.736051, 36.388329 ], [ -86.735974, 36.388275 ], [ -86.735901, 36.388218 ], [ -86.735831, 36.388157 ], [ -86.735765, 36.388094 ], [ -86.735703, 36.388028 ], [ -86.735641, 36.387956 ], [ -86.735558, 36.387842 ], [ -86.735497, 36.387744 ], [ -86.735451, 36.387665 ], [ -86.735396, 36.38759 ], [ -86.735333, 36.387519 ], [ -86.735263, 36.387453 ], [ -86.735213, 36.387411 ], [ -86.735187, 36.387391 ], [ -86.73516, 36.387372 ], [ -86.73514, 36.387349 ], [ -86.735113, 36.387319 ], [ -86.734651, 36.386988 ], [ -86.734552, 36.386868 ], [ -86.733987, 36.386231 ], [ -86.73343, 36.385835 ], [ -86.733097, 36.385335 ], [ -86.73296, 36.385061 ], [ -86.732804, 36.384396 ], [ -86.732783, 36.383962 ], [ -86.732688, 36.383659 ], [ -86.732375, 36.383192 ], [ -86.732028, 36.382835 ], [ -86.731736, 36.382632 ], [ -86.731409, 36.382495 ], [ -86.731176, 36.382282 ], [ -86.731049, 36.382165 ], [ -86.730682, 36.381649 ], [ -86.730611, 36.381529 ], [ -86.73045, 36.381259 ], [ -86.730413, 36.381052 ], [ -86.730375, 36.38083 ], [ -86.730334, 36.380671 ], [ -86.730236, 36.380454 ], [ -86.730151, 36.380264 ], [ -86.730108, 36.379918 ], [ -86.730069, 36.379605 ], [ -86.730075, 36.379231 ], [ -86.729988, 36.378888 ], [ -86.729946, 36.37872 ], [ -86.729934, 36.378547 ], [ -86.729912, 36.378236 ], [ -86.729886, 36.378066 ], [ -86.729852, 36.377844 ], [ -86.729837, 36.377742 ], [ -86.729632, 36.377027 ], [ -86.729474, 36.376684 ], [ -86.729415, 36.376555 ], [ -86.729217, 36.376324 ], [ -86.729187, 36.376303 ], [ -86.729054, 36.376213 ], [ -86.728776, 36.375967 ], [ -86.728715, 36.375875 ], [ -86.728626, 36.375742 ], [ -86.728599, 36.375637 ], [ -86.728558, 36.375472 ], [ -86.728561, 36.375372 ], [ -86.728571, 36.375049 ], [ -86.728611, 36.374366 ], [ -86.728614, 36.374238 ], [ -86.728624, 36.373926 ], [ -86.728619, 36.373861 ], [ -86.728605, 36.373697 ], [ -86.728597, 36.373597 ], [ -86.728549, 36.373382 ], [ -86.728484, 36.373224 ], [ -86.728372, 36.373106 ], [ -86.728298, 36.373031 ], [ -86.727876, 36.372641 ], [ -86.72772, 36.372459 ], [ -86.727529, 36.372316 ], [ -86.72742, 36.37208 ], [ -86.72742, 36.371767 ], [ -86.727502, 36.371454 ], [ -86.727488, 36.371146 ], [ -86.72742, 36.370954 ], [ -86.727345, 36.370525 ], [ -86.727216, 36.370168 ], [ -86.727046, 36.369871 ], [ -86.72678, 36.369184 ], [ -86.726665, 36.368849 ], [ -86.72663, 36.368624 ], [ -86.72661, 36.367975 ], [ -86.726576, 36.367805 ], [ -86.726413, 36.367453 ], [ -86.726311, 36.367206 ], [ -86.726317, 36.366755 ], [ -86.726337, 36.366447 ], [ -86.726371, 36.366173 ], [ -86.726344, 36.365958 ], [ -86.726269, 36.36575 ], [ -86.726201, 36.365497 ], [ -86.725868, 36.364898 ], [ -86.725779, 36.364695 ], [ -86.725732, 36.364535 ], [ -86.725636, 36.364277 ], [ -86.725527, 36.363898 ], [ -86.725459, 36.363612 ], [ -86.725432, 36.363348 ], [ -86.725534, 36.362837 ], [ -86.72552, 36.362628 ], [ -86.725438, 36.362392 ], [ -86.725384, 36.362002 ], [ -86.725397, 36.361842 ], [ -86.725499, 36.361623 ], [ -86.725696, 36.36143 ], [ -86.725934, 36.361238 ], [ -86.726138, 36.361045 ], [ -86.726192, 36.360972 ], [ -86.72619, 36.360906 ], [ -86.726126, 36.360741 ], [ -86.725846, 36.360023 ], [ -86.725835, 36.359994 ], [ -86.724956, 36.357736 ], [ -86.725042, 36.35738 ], [ -86.725069, 36.35716 ], [ -86.725035, 36.356869 ], [ -86.724994, 36.356253 ], [ -86.725007, 36.355946 ], [ -86.725068, 36.355621 ], [ -86.725068, 36.355462 ], [ -86.72483, 36.355209 ], [ -86.72483, 36.355072 ], [ -86.724905, 36.354907 ], [ -86.724939, 36.354792 ], [ -86.724946, 36.354687 ], [ -86.724837, 36.354506 ], [ -86.72483, 36.354491 ], [ -86.724782, 36.35439 ], [ -86.724803, 36.354242 ], [ -86.724905, 36.353995 ], [ -86.724775, 36.353571 ], [ -86.72468, 36.353429 ], [ -86.724306, 36.353115 ], [ -86.724055, 36.352962 ], [ -86.723851, 36.352797 ], [ -86.723695, 36.352583 ], [ -86.723586, 36.352401 ], [ -86.723436, 36.352225 ], [ -86.723049, 36.35194 ], [ -86.722879, 36.351775 ], [ -86.722791, 36.351627 ], [ -86.722768, 36.351313 ], [ -86.722722, 36.35067 ], [ -86.722763, 36.350148 ], [ -86.722824, 36.349857 ], [ -86.722898, 36.349593 ], [ -86.722993, 36.349335 ], [ -86.723632, 36.348488 ], [ -86.723672, 36.348347 ], [ -86.723679, 36.348323 ], [ -86.723672, 36.348032 ], [ -86.723618, 36.347867 ], [ -86.723495, 36.34768 ], [ -86.723244, 36.347488 ], [ -86.722904, 36.347301 ], [ -86.722598, 36.347109 ], [ -86.722394, 36.346889 ], [ -86.722367, 36.346631 ], [ -86.722409, 36.346523 ], [ -86.722428, 36.346477 ], [ -86.722313, 36.346307 ], [ -86.722122, 36.346175 ], [ -86.721715, 36.345972 ], [ -86.721586, 36.345812 ], [ -86.721626, 36.345697 ], [ -86.721762, 36.345648 ], [ -86.722197, 36.345598 ], [ -86.722312, 36.345483 ], [ -86.722299, 36.345241 ], [ -86.722185, 36.34516 ], [ -86.722129, 36.34512 ], [ -86.722054, 36.345048 ], [ -86.722006, 36.344939 ], [ -86.722081, 36.344713 ], [ -86.722047, 36.344383 ], [ -86.721636, 36.343893 ], [ -86.72149, 36.343719 ], [ -86.721299, 36.343329 ], [ -86.72119, 36.342993 ], [ -86.721129, 36.34268 ], [ -86.721095, 36.342345 ], [ -86.721058, 36.342102 ], [ -86.721054, 36.342076 ], [ -86.720959, 36.341911 ], [ -86.720673, 36.341601 ], [ -86.720516, 36.341431 ], [ -86.720157, 36.341043 ], [ -86.720053, 36.340918 ], [ -86.719919, 36.340757 ], [ -86.719904, 36.340743 ], [ -86.719818, 36.340667 ], [ -86.719715, 36.340576 ], [ -86.719553, 36.340449 ], [ -86.719464, 36.340379 ], [ -86.719342, 36.340284 ], [ -86.719297, 36.340243 ], [ -86.719097, 36.340059 ], [ -86.718934, 36.339779 ], [ -86.718938, 36.339731 ], [ -86.718941, 36.339707 ], [ -86.718866, 36.339532 ], [ -86.718689, 36.33937 ], [ -86.718662, 36.339345 ], [ -86.71839, 36.339169 ], [ -86.71818, 36.33907 ], [ -86.718059, 36.339041 ], [ -86.717936, 36.339013 ], [ -86.717827, 36.338987 ], [ -86.717813, 36.338983 ], [ -86.717771, 36.338974 ], [ -86.717758, 36.338971 ], [ -86.717588, 36.33885 ], [ -86.717578, 36.33884 ], [ -86.717262, 36.33851 ], [ -86.717128, 36.338347 ], [ -86.716986, 36.338177 ], [ -86.716793, 36.338004 ], [ -86.716591, 36.337845 ], [ -86.716553, 36.337815 ], [ -86.716344, 36.337624 ], [ -86.716047, 36.337117 ], [ -86.715851, 36.336856 ], [ -86.715455, 36.336507 ], [ -86.715259, 36.336362 ], [ -86.714863, 36.336177 ], [ -86.714502, 36.336049 ], [ -86.714272, 36.335992 ], [ -86.713983, 36.335807 ], [ -86.713687, 36.335521 ], [ -86.713095, 36.335027 ], [ -86.712821, 36.3349 ], [ -86.712496, 36.334797 ], [ -86.712021, 36.334733 ], [ -86.711495, 36.334613 ], [ -86.711076, 36.334445 ], [ -86.710723, 36.334259 ], [ -86.710376, 36.334004 ], [ -86.710074, 36.333726 ], [ -86.709929, 36.333657 ], [ -86.709781, 36.333615 ], [ -86.709716, 36.33361 ], [ -86.709697, 36.333606 ], [ -86.709508, 36.333571 ], [ -86.70918, 36.333613 ], [ -86.709076, 36.333626 ], [ -86.70877, 36.333719 ], [ -86.708498, 36.33384 ], [ -86.708145, 36.333961 ], [ -86.707962, 36.333972 ], [ -86.707819, 36.333873 ], [ -86.707704, 36.333697 ], [ -86.70752, 36.333461 ], [ -86.707394, 36.333256 ], [ -86.707235, 36.332994 ], [ -86.707208, 36.332642 ], [ -86.707228, 36.332329 ], [ -86.707323, 36.331999 ], [ -86.707493, 36.331774 ], [ -86.707567, 36.33162 ], [ -86.707533, 36.33134 ], [ -86.707425, 36.33112 ], [ -86.707255, 36.330823 ], [ -86.707165, 36.330696 ], [ -86.707119, 36.330631 ], [ -86.706983, 36.330213 ], [ -86.706881, 36.329977 ], [ -86.706759, 36.329746 ], [ -86.706691, 36.329526 ], [ -86.706643, 36.329411 ], [ -86.706494, 36.329268 ], [ -86.70631, 36.329136 ], [ -86.706011, 36.329004 ], [ -86.704897, 36.328779 ], [ -86.704687, 36.328658 ], [ -86.704501, 36.328447 ], [ -86.704177, 36.327977 ], [ -86.703939, 36.327752 ], [ -86.703709, 36.327559 ], [ -86.703559, 36.327449 ], [ -86.703328, 36.327307 ], [ -86.703036, 36.327213 ], [ -86.702966, 36.327206 ], [ -86.702782, 36.327189 ], [ -86.702376, 36.327243 ], [ -86.701898, 36.327411 ], [ -86.70152, 36.32762 ], [ -86.701134, 36.327806 ], [ -86.700499, 36.328058 ], [ -86.700214, 36.328108 ], [ -86.699669, 36.327924 ], [ -86.699322, 36.327737 ], [ -86.699304, 36.327723 ], [ -86.699022, 36.327505 ], [ -86.698723, 36.327296 ], [ -86.698486, 36.327192 ], [ -86.698139, 36.327181 ], [ -86.697739, 36.32717 ], [ -86.697385, 36.327098 ], [ -86.697114, 36.326944 ], [ -86.696876, 36.32673 ], [ -86.69674, 36.32645 ], [ -86.696645, 36.326219 ], [ -86.69655, 36.325944 ], [ -86.696407, 36.325241 ], [ -86.696448, 36.324917 ], [ -86.69655, 36.324603 ], [ -86.696726, 36.324307 ], [ -86.696957, 36.324087 ], [ -86.697297, 36.323806 ], [ -86.697616, 36.323515 ], [ -86.697684, 36.323405 ], [ -86.697711, 36.323097 ], [ -86.697684, 36.322685 ], [ -86.697555, 36.322377 ], [ -86.697419, 36.322152 ], [ -86.697181, 36.321921 ], [ -86.696869, 36.321756 ], [ -86.69657, 36.321559 ], [ -86.696318, 36.321421 ], [ -86.696081, 36.321355 ], [ -86.695544, 36.32135 ], [ -86.695239, 36.321377 ], [ -86.694831, 36.321306 ], [ -86.694349, 36.321185 ], [ -86.693942, 36.32113 ], [ -86.693025, 36.321174 ], [ -86.692638, 36.321147 ], [ -86.692346, 36.321092 ], [ -86.692087, 36.321042 ], [ -86.691829, 36.320866 ], [ -86.691578, 36.320718 ], [ -86.691558, 36.320714 ], [ -86.688418, 36.31991 ], [ -86.687508, 36.318363 ], [ -86.687439, 36.318245 ], [ -86.687387, 36.3182 ], [ -86.687374, 36.318183 ], [ -86.686995, 36.317924 ], [ -86.686684, 36.317789 ], [ -86.686186, 36.31765 ], [ -86.685466, 36.317518 ], [ -86.685331, 36.317397 ], [ -86.684127, 36.31702 ], [ -86.683548, 36.316866 ], [ -86.680598, 36.315954 ], [ -86.680559, 36.315943 ], [ -86.680445, 36.315877 ], [ -86.680375, 36.31585 ], [ -86.680288, 36.315862 ], [ -86.680149, 36.315947 ], [ -86.680028, 36.315997 ], [ -86.679863, 36.316086 ], [ -86.679761, 36.316109 ], [ -86.679622, 36.316128 ], [ -86.679494, 36.316184 ], [ -86.679385, 36.316217 ], [ -86.679281, 36.316205 ], [ -86.679216, 36.31621 ], [ -86.679173, 36.31623 ], [ -86.67913, 36.316264 ], [ -86.678914, 36.316487 ], [ -86.678895, 36.316735 ], [ -86.678803, 36.316662 ], [ -86.678772, 36.316632 ], [ -86.678744, 36.316598 ], [ -86.678717, 36.316548 ], [ -86.678586, 36.316656 ], [ -86.678456, 36.316637 ], [ -86.678387, 36.316633 ], [ -86.678316, 36.316643 ], [ -86.678247, 36.316644 ], [ -86.678193, 36.316621 ], [ -86.678029, 36.316539 ], [ -86.677964, 36.316505 ], [ -86.677582, 36.316312 ], [ -86.67712, 36.316061 ], [ -86.676804, 36.315955 ], [ -86.676566, 36.315975 ], [ -86.676445, 36.316008 ], [ -86.676131, 36.316198 ], [ -86.675823, 36.316396 ], [ -86.675616, 36.316466 ], [ -86.675468, 36.31648 ], [ -86.675349, 36.316474 ], [ -86.675307, 36.316466 ], [ -86.675247, 36.316456 ], [ -86.675206, 36.316442 ], [ -86.675121, 36.316409 ], [ -86.674988, 36.316353 ], [ -86.674921, 36.316309 ], [ -86.674793, 36.316224 ], [ -86.674903, 36.316185 ], [ -86.674793, 36.316094 ], [ -86.674771, 36.316061 ], [ -86.674571, 36.315769 ], [ -86.674449, 36.315392 ], [ -86.674407, 36.315123 ], [ -86.674404, 36.315076 ], [ -86.67439, 36.314894 ], [ -86.674395, 36.314589 ], [ -86.674392, 36.314561 ], [ -86.674379, 36.314432 ], [ -86.674374, 36.314394 ], [ -86.674365, 36.314326 ], [ -86.674343, 36.314154 ], [ -86.674312, 36.314018 ], [ -86.674258, 36.313907 ], [ -86.674225, 36.313853 ], [ -86.674178, 36.313787 ], [ -86.67414, 36.31373 ], [ -86.674074, 36.313644 ], [ -86.673949, 36.313509 ], [ -86.673867, 36.313416 ], [ -86.673809, 36.313359 ], [ -86.673736, 36.313291 ], [ -86.67367, 36.313223 ], [ -86.673585, 36.31314 ], [ -86.673538, 36.313098 ], [ -86.673475, 36.313054 ], [ -86.673435, 36.313024 ], [ -86.673395, 36.312982 ], [ -86.673282, 36.312848 ], [ -86.673231, 36.312789 ], [ -86.673192, 36.312746 ], [ -86.673156, 36.312703 ], [ -86.673107, 36.312627 ], [ -86.673049, 36.312628 ], [ -86.672999, 36.31263 ], [ -86.672927, 36.312631 ], [ -86.672807, 36.312342 ], [ -86.672753, 36.312213 ], [ -86.672676, 36.312028 ], [ -86.67263, 36.311946 ], [ -86.672587, 36.311879 ], [ -86.672562, 36.311829 ], [ -86.672507, 36.311758 ], [ -86.672453, 36.311687 ], [ -86.672414, 36.311635 ], [ -86.672372, 36.311574 ], [ -86.672335, 36.311519 ], [ -86.672282, 36.31144 ], [ -86.672215, 36.311346 ], [ -86.672204, 36.311331 ], [ -86.672155, 36.311237 ], [ -86.672127, 36.311167 ], [ -86.672102, 36.311112 ], [ -86.672083, 36.31106 ], [ -86.672066, 36.310996 ], [ -86.672063, 36.310964 ], [ -86.672052, 36.310865 ], [ -86.672046, 36.310815 ], [ -86.672041, 36.31078 ], [ -86.672036, 36.310742 ], [ -86.672035, 36.310726 ], [ -86.672033, 36.310681 ], [ -86.672031, 36.310641 ], [ -86.672028, 36.310579 ], [ -86.672028, 36.3105 ], [ -86.672035, 36.310434 ], [ -86.672048, 36.310376 ], [ -86.672067, 36.310286 ], [ -86.672083, 36.310218 ], [ -86.6721, 36.310165 ], [ -86.672128, 36.310073 ], [ -86.672144, 36.310009 ], [ -86.672168, 36.309927 ], [ -86.672186, 36.309871 ], [ -86.672213, 36.309801 ], [ -86.672221, 36.309743 ], [ -86.672213, 36.309733 ], [ -86.672216, 36.309708 ], [ -86.672217, 36.309698 ], [ -86.672219, 36.309455 ], [ -86.67222, 36.309392 ], [ -86.672226, 36.309142 ], [ -86.672213, 36.309121 ], [ -86.672184, 36.309083 ], [ -86.672119, 36.30902 ], [ -86.672076, 36.30895 ], [ -86.672023, 36.308876 ], [ -86.67196, 36.308786 ], [ -86.671892, 36.30868 ], [ -86.671816, 36.308598 ], [ -86.671761, 36.308529 ], [ -86.671625, 36.308407 ], [ -86.671538, 36.308335 ], [ -86.671459, 36.308267 ], [ -86.671384, 36.308203 ], [ -86.671244, 36.308083 ], [ -86.671155, 36.307996 ], [ -86.671095, 36.307949 ], [ -86.670998, 36.307857 ], [ -86.670948, 36.307818 ], [ -86.670908, 36.307785 ], [ -86.670849, 36.307739 ], [ -86.670815, 36.307699 ], [ -86.67076, 36.307641 ], [ -86.670226, 36.307174 ], [ -86.669843, 36.30684 ], [ -86.667832, 36.304893 ], [ -86.667751, 36.30481 ], [ -86.667733, 36.304795 ], [ -86.66766, 36.304747 ], [ -86.667526, 36.304643 ], [ -86.667429, 36.304593 ], [ -86.667298, 36.304527 ], [ -86.667196, 36.304454 ], [ -86.667109, 36.304401 ], [ -86.666979, 36.304314 ], [ -86.666884, 36.30425 ], [ -86.666766, 36.304161 ], [ -86.666687, 36.304085 ], [ -86.666607, 36.303978 ], [ -86.666574, 36.303895 ], [ -86.666562, 36.303833 ], [ -86.666548, 36.303737 ], [ -86.666556, 36.303618 ], [ -86.666561, 36.303553 ], [ -86.66656, 36.30353 ], [ -86.666559, 36.303518 ], [ -86.666556, 36.303489 ], [ -86.666548, 36.303377 ], [ -86.666546, 36.303328 ], [ -86.666551, 36.303296 ], [ -86.666569, 36.303243 ], [ -86.666599, 36.303192 ], [ -86.666634, 36.303151 ], [ -86.666703, 36.303096 ], [ -86.666757, 36.303068 ], [ -86.666826, 36.302999 ], [ -86.666853, 36.302961 ], [ -86.66691, 36.302899 ], [ -86.666953, 36.302846 ], [ -86.666998, 36.302817 ], [ -86.667061, 36.30277 ], [ -86.667208, 36.302648 ], [ -86.667269, 36.302605 ], [ -86.667345, 36.302554 ], [ -86.667411, 36.302504 ], [ -86.667458, 36.302468 ], [ -86.667497, 36.302429 ], [ -86.667566, 36.302383 ], [ -86.66763, 36.302366 ], [ -86.667717, 36.302354 ], [ -86.667787, 36.302356 ], [ -86.667881, 36.302366 ], [ -86.66794, 36.302374 ], [ -86.668036, 36.302393 ], [ -86.668115, 36.302415 ], [ -86.668173, 36.30243 ], [ -86.668253, 36.302444 ], [ -86.668315, 36.30245 ], [ -86.668348, 36.302452 ], [ -86.668378, 36.302453 ], [ -86.668451, 36.302452 ], [ -86.668539, 36.302444 ], [ -86.668597, 36.302436 ], [ -86.668689, 36.302421 ], [ -86.668755, 36.302409 ], [ -86.668788, 36.302402 ], [ -86.668838, 36.302383 ], [ -86.668881, 36.302363 ], [ -86.66891, 36.302346 ], [ -86.668932, 36.302331 ], [ -86.668972, 36.302289 ], [ -86.669026, 36.30226 ], [ -86.669051, 36.302244 ], [ -86.669991, 36.301693 ], [ -86.669945, 36.301683 ], [ -86.669987, 36.301658 ], [ -86.670736, 36.301112 ], [ -86.670647, 36.3011 ], [ -86.670607, 36.301095 ], [ -86.669006, 36.300886 ], [ -86.668672, 36.300842 ], [ -86.668568, 36.3008 ], [ -86.668538, 36.30079 ], [ -86.668511, 36.300779 ], [ -86.66847, 36.300764 ], [ -86.6683, 36.300702 ], [ -86.668136, 36.300644 ], [ -86.667984, 36.300593 ], [ -86.66781, 36.300538 ], [ -86.667572, 36.300466 ], [ -86.667367, 36.300409 ], [ -86.667146, 36.300352 ], [ -86.66696, 36.300307 ], [ -86.666744, 36.300259 ], [ -86.666614, 36.300231 ], [ -86.666345, 36.30018 ], [ -86.666185, 36.300152 ], [ -86.665965, 36.300117 ], [ -86.665788, 36.300092 ], [ -86.665596, 36.300067 ], [ -86.665419, 36.300047 ], [ -86.665234, 36.300029 ], [ -86.665059, 36.300018 ], [ -86.66488, 36.300012 ], [ -86.664713, 36.300003 ], [ -86.664585, 36.299993 ], [ -86.664402, 36.299974 ], [ -86.664226, 36.299952 ], [ -86.664006, 36.299916 ], [ -86.663859, 36.299889 ], [ -86.663687, 36.299851 ], [ -86.663505, 36.299807 ], [ -86.663351, 36.299765 ], [ -86.663215, 36.299724 ], [ -86.663075, 36.299678 ], [ -86.662947, 36.299633 ], [ -86.662815, 36.299584 ], [ -86.6627, 36.299537 ], [ -86.662582, 36.299487 ], [ -86.662513, 36.299456 ], [ -86.66246, 36.299432 ], [ -86.658132, 36.297438 ], [ -86.655992, 36.296454 ], [ -86.655005, 36.295998 ], [ -86.650945, 36.294128 ], [ -86.644387, 36.291106 ], [ -86.644257, 36.291048 ], [ -86.64413, 36.290987 ], [ -86.643961, 36.2909 ], [ -86.643839, 36.290832 ], [ -86.643709, 36.290755 ], [ -86.643593, 36.290682 ], [ -86.643438, 36.290578 ], [ -86.643318, 36.290491 ], [ -86.643193, 36.290393 ], [ -86.64308, 36.2903 ], [ -86.64298, 36.290212 ], [ -86.642866, 36.290105 ], [ -86.642748, 36.289987 ], [ -86.642652, 36.289883 ], [ -86.642537, 36.289749 ], [ -86.642435, 36.289621 ], [ -86.642346, 36.2895 ], [ -86.642269, 36.289385 ], [ -86.642208, 36.289289 ], [ -86.642133, 36.289161 ], [ -86.642074, 36.289052 ], [ -86.642009, 36.288921 ], [ -86.64195, 36.288788 ], [ -86.641893, 36.288643 ], [ -86.641842, 36.288497 ], [ -86.6418, 36.28836 ], [ -86.641765, 36.288222 ], [ -86.641733, 36.288072 ], [ -86.641712, 36.287943 ], [ -86.641696, 36.287824 ], [ -86.641681, 36.287651 ], [ -86.641676, 36.287521 ], [ -86.641675, 36.287455 ], [ -86.641675, 36.287401 ], [ -86.641677, 36.287336 ], [ -86.64168, 36.28726 ], [ -86.641687, 36.287163 ], [ -86.641695, 36.287076 ], [ -86.641704, 36.287 ], [ -86.641719, 36.286903 ], [ -86.641732, 36.286828 ], [ -86.641754, 36.286721 ], [ -86.641776, 36.286625 ], [ -86.641802, 36.286529 ], [ -86.642055, 36.284459 ], [ -86.642117, 36.283954 ], [ -86.642132, 36.283826 ], [ -86.642277, 36.28264 ], [ -86.64246, 36.281149 ], [ -86.642476, 36.281019 ], [ -86.642554, 36.280378 ], [ -86.642668, 36.279446 ], [ -86.64278, 36.278528 ], [ -86.642994, 36.276783 ], [ -86.643285, 36.274397 ], [ -86.643302, 36.274204 ], [ -86.643304, 36.273991 ], [ -86.643291, 36.273784 ], [ -86.643263, 36.273592 ], [ -86.643219, 36.273385 ], [ -86.643164, 36.2732 ], [ -86.643104, 36.273035 ], [ -86.643034, 36.272875 ], [ -86.642959, 36.272727 ], [ -86.642902, 36.272615 ], [ -86.642829, 36.272463 ], [ -86.642747, 36.272278 ], [ -86.642682, 36.272117 ], [ -86.642629, 36.271974 ], [ -86.642606, 36.271908 ], [ -86.642566, 36.271783 ], [ -86.642548, 36.271725 ], [ -86.642524, 36.271645 ], [ -86.642499, 36.271553 ], [ -86.642477, 36.271466 ], [ -86.642461, 36.2714 ], [ -86.642444, 36.271326 ], [ -86.642424, 36.271233 ], [ -86.642409, 36.271152 ], [ -86.642396, 36.271079 ], [ -86.642379, 36.270978 ], [ -86.642365, 36.270877 ], [ -86.642354, 36.270782 ], [ -86.642343, 36.270681 ], [ -86.642335, 36.270579 ], [ -86.64233, 36.270512 ], [ -86.642326, 36.270423 ], [ -86.642323, 36.270342 ], [ -86.642321, 36.270254 ], [ -86.642321, 36.270173 ], [ -86.642322, 36.270084 ], [ -86.642324, 36.269984 ], [ -86.642334, 36.269827 ], [ -86.64235, 36.269644 ], [ -86.642371, 36.269476 ], [ -86.642396, 36.26929 ], [ -86.642418, 36.269116 ], [ -86.642444, 36.268852 ], [ -86.642464, 36.268588 ], [ -86.642481, 36.268227 ], [ -86.642485, 36.26802 ], [ -86.642486, 36.267748 ], [ -86.642486, 36.267563 ], [ -86.642482, 36.267228 ], [ -86.642476, 36.266939 ], [ -86.64247, 36.266719 ], [ -86.64246, 36.26643 ], [ -86.642445, 36.266107 ], [ -86.642426, 36.26576 ], [ -86.642409, 36.265495 ], [ -86.642394, 36.265287 ], [ -86.642375, 36.264997 ], [ -86.642357, 36.264837 ], [ -86.642335, 36.264595 ], [ -86.642311, 36.264353 ], [ -86.64229, 36.264157 ], [ -86.642262, 36.263916 ], [ -86.642236, 36.263697 ], [ -86.642211, 36.263502 ], [ -86.642187, 36.263318 ], [ -86.642163, 36.263145 ], [ -86.642138, 36.262973 ], [ -86.642109, 36.262778 ], [ -86.642077, 36.262571 ], [ -86.642041, 36.262354 ], [ -86.642011, 36.262176 ], [ -86.641984, 36.262041 ], [ -86.641951, 36.261892 ], [ -86.641922, 36.261771 ], [ -86.641874, 36.261594 ], [ -86.641827, 36.261439 ], [ -86.64179, 36.261319 ], [ -86.641742, 36.261162 ], [ -86.641698, 36.261024 ], [ -86.641648, 36.260868 ], [ -86.641597, 36.260713 ], [ -86.641529, 36.260509 ], [ -86.641478, 36.26036 ], [ -86.641418, 36.260187 ], [ -86.641359, 36.26002 ], [ -86.64129, 36.259829 ], [ -86.641218, 36.259633 ], [ -86.641159, 36.259473 ], [ -86.641098, 36.259313 ], [ -86.641039, 36.259159 ], [ -86.640974, 36.258994 ], [ -86.640894, 36.258793 ], [ -86.640801, 36.258564 ], [ -86.640738, 36.258412 ], [ -86.640672, 36.258253 ], [ -86.640609, 36.258104 ], [ -86.640514, 36.257886 ], [ -86.640414, 36.257659 ], [ -86.640327, 36.257464 ], [ -86.6402, 36.257187 ], [ -86.640116, 36.257008 ], [ -86.640009, 36.256783 ], [ -86.639927, 36.256613 ], [ -86.639846, 36.256448 ], [ -86.639762, 36.256279 ], [ -86.639668, 36.256093 ], [ -86.639585, 36.255933 ], [ -86.639479, 36.255736 ], [ -86.639331, 36.255465 ], [ -86.639161, 36.255163 ], [ -86.639036, 36.254944 ], [ -86.638901, 36.254712 ], [ -86.638788, 36.254521 ], [ -86.638707, 36.254397 ], [ -86.638643, 36.254313 ], [ -86.638569, 36.254226 ], [ -86.638479, 36.254134 ], [ -86.638384, 36.254049 ], [ -86.638312, 36.253991 ], [ -86.638212, 36.253918 ], [ -86.638123, 36.253861 ], [ -86.637998, 36.253789 ], [ -86.63786, 36.253722 ], [ -86.637748, 36.253675 ], [ -86.637681, 36.253649 ], [ -86.637583, 36.253616 ], [ -86.637498, 36.253591 ], [ -86.637382, 36.253562 ], [ -86.637197, 36.253523 ], [ -86.63698, 36.253479 ], [ -86.636687, 36.253417 ], [ -86.636385, 36.25335 ], [ -86.636125, 36.25329 ], [ -86.635839, 36.253223 ], [ -86.635589, 36.253161 ], [ -86.635335, 36.253097 ], [ -86.635197, 36.253062 ], [ -86.635078, 36.25303 ], [ -86.630421, 36.251801 ], [ -86.629161, 36.251468 ], [ -86.629009, 36.251427 ], [ -86.628806, 36.251367 ], [ -86.628623, 36.251308 ], [ -86.628442, 36.251246 ], [ -86.628317, 36.251201 ], [ -86.628166, 36.251143 ], [ -86.628002, 36.251077 ], [ -86.627893, 36.251031 ], [ -86.62777, 36.250976 ], [ -86.622827, 36.248754 ], [ -86.622321, 36.248521 ], [ -86.621909, 36.248334 ], [ -86.621472, 36.248132 ], [ -86.621036, 36.247928 ], [ -86.620367, 36.247609 ], [ -86.619765, 36.247315 ], [ -86.619123, 36.246993 ], [ -86.618475, 36.246662 ], [ -86.61785, 36.246335 ], [ -86.617184, 36.245983 ], [ -86.616269, 36.245456 ], [ -86.614625, 36.244507 ], [ -86.614576, 36.244482 ], [ -86.614501, 36.244445 ], [ -86.61437, 36.244385 ], [ -86.614244, 36.244332 ], [ -86.614108, 36.24428 ], [ -86.613946, 36.244225 ], [ -86.613814, 36.244185 ], [ -86.613689, 36.244152 ], [ -86.613526, 36.244114 ], [ -86.613384, 36.244085 ], [ -86.613193, 36.244055 ], [ -86.613001, 36.244032 ], [ -86.612821, 36.244018 ], [ -86.612627, 36.24401 ], [ -86.612461, 36.24401 ], [ -86.612325, 36.244015 ], [ -86.611881, 36.244035 ], [ -86.608803, 36.244177 ], [ -86.602202, 36.244479 ], [ -86.598281, 36.244659 ], [ -86.597918, 36.244725 ], [ -86.596537, 36.244975 ], [ -86.59517, 36.245225 ], [ -86.594938, 36.245268 ], [ -86.594359, 36.245376 ], [ -86.594325, 36.245252 ], [ -86.594286, 36.245105 ], [ -86.594216, 36.24494 ], [ -86.594147, 36.244776 ], [ -86.593987, 36.244398 ], [ -86.593827, 36.24402 ], [ -86.593666, 36.243638 ], [ -86.593504, 36.243257 ], [ -86.593276, 36.241945 ], [ -86.593422, 36.241477 ], [ -86.593584, 36.241316 ], [ -86.59359, 36.240971 ], [ -86.593723, 36.241018 ], [ -86.593874, 36.241068 ], [ -86.593885, 36.241152 ], [ -86.593899, 36.241251 ], [ -86.593897, 36.241385 ], [ -86.593947, 36.241421 ], [ -86.594339, 36.241711 ], [ -86.594645, 36.241933 ], [ -86.594737, 36.241704 ], [ -86.594796, 36.241563 ], [ -86.594841, 36.241521 ], [ -86.594954, 36.241417 ], [ -86.595088, 36.241461 ], [ -86.595251, 36.240494 ], [ -86.595332, 36.240012 ], [ -86.595363, 36.239827 ], [ -86.595439, 36.239407 ], [ -86.594995, 36.239498 ], [ -86.594726, 36.239551 ], [ -86.593922, 36.23971 ], [ -86.593654, 36.239764 ], [ -86.593637, 36.239767 ], [ -86.593493, 36.239796 ], [ -86.593493, 36.238241 ], [ -86.593514, 36.23822 ], [ -86.593558, 36.238133 ], [ -86.593579, 36.238041 ], [ -86.593656, 36.237394 ], [ -86.593689, 36.237109 ], [ -86.593493, 36.237106 ], [ -86.591092, 36.237005 ], [ -86.590492, 36.235427 ], [ -86.590442, 36.235296 ], [ -86.590165, 36.234566 ], [ -86.589186, 36.231983 ], [ -86.58886, 36.231123 ], [ -86.588795, 36.230953 ], [ -86.588602, 36.230445 ], [ -86.588588, 36.230406 ], [ -86.588542, 36.230275 ], [ -86.588477, 36.230089 ], [ -86.588285, 36.229531 ], [ -86.588221, 36.229346 ], [ -86.588157, 36.229163 ], [ -86.587968, 36.228614 ], [ -86.587905, 36.228431 ], [ -86.587787, 36.228091 ], [ -86.587436, 36.227074 ], [ -86.587319, 36.226735 ], [ -86.587277, 36.226615 ], [ -86.587154, 36.226257 ], [ -86.587113, 36.226138 ], [ -86.587102, 36.226105 ], [ -86.587068, 36.226006 ], [ -86.587058, 36.225973 ], [ -86.587043, 36.225932 ], [ -86.586999, 36.225809 ], [ -86.586985, 36.225769 ], [ -86.586897, 36.225514 ], [ -86.586884, 36.225479 ], [ -86.586776, 36.225178 ], [ -86.586567, 36.224616 ], [ -86.586553, 36.224578 ], [ -86.586457, 36.22433 ], [ -86.58638, 36.224123 ], [ -86.586156, 36.223515 ], [ -86.586151, 36.223503 ], [ -86.586075, 36.223297 ], [ -86.585994, 36.22308 ], [ -86.585751, 36.222432 ], [ -86.585726, 36.222365 ], [ -86.58567, 36.222217 ], [ -86.585618, 36.222074 ], [ -86.585492, 36.221722 ], [ -86.585463, 36.221649 ], [ -86.585408, 36.221509 ], [ -86.585357, 36.221376 ], [ -86.585308, 36.221243 ], [ -86.585016, 36.220445 ], [ -86.585003, 36.220408 ], [ -86.584917, 36.220181 ], [ -86.584733, 36.219685 ], [ -86.584181, 36.218197 ], [ -86.583997, 36.217701 ], [ -86.583922, 36.217501 ], [ -86.583855, 36.217321 ], [ -86.5837, 36.216902 ], [ -86.583667, 36.216812 ], [ -86.583626, 36.216703 ], [ -86.583598, 36.21663 ], [ -86.58359, 36.216607 ], [ -86.583519, 36.216414 ], [ -86.583493, 36.216342 ], [ -86.58345, 36.216224 ], [ -86.583445, 36.216209 ], [ -86.583321, 36.215871 ], [ -86.583278, 36.215754 ], [ -86.583327, 36.215729 ], [ -86.583341, 36.215683 ], [ -86.583152, 36.215163 ], [ -86.583018, 36.214793 ], [ -86.58293, 36.214561 ], [ -86.582531, 36.213492 ], [ -86.582348, 36.212995 ], [ -86.582265, 36.212989 ], [ -86.582243, 36.212928 ], [ -86.582021, 36.212323 ], [ -86.581524, 36.210963 ], [ -86.581361, 36.210506 ], [ -86.581247, 36.210185 ], [ -86.581146, 36.2099 ], [ -86.581044, 36.209612 ], [ -86.580764, 36.208824 ], [ -86.5809, 36.208819 ], [ -86.580931, 36.208818 ], [ -86.581081, 36.208813 ], [ -86.581182, 36.208292 ], [ -86.581507, 36.206632 ], [ -86.580055, 36.206397 ], [ -86.580021, 36.206392 ], [ -86.579891, 36.206371 ], [ -86.57931, 36.204736 ], [ -86.577692, 36.200178 ], [ -86.577659, 36.200086 ], [ -86.577643, 36.200041 ], [ -86.577626, 36.199997 ], [ -86.577588, 36.199896 ], [ -86.577515, 36.199759 ] ] ], [ [ [ -86.523291, 36.138149 ], [ -86.523153, 36.138733 ], [ -86.522877, 36.139913 ], [ -86.522662, 36.14083 ], [ -86.522556, 36.141284 ], [ -86.521924, 36.141223 ], [ -86.521057, 36.141141 ], [ -86.52137, 36.139362 ], [ -86.521528, 36.138464 ], [ -86.521583, 36.138157 ], [ -86.52168, 36.137606 ], [ -86.521736, 36.137294 ], [ -86.523452, 36.137463 ], [ -86.523291, 36.138149 ] ] ] ] } },
{ "type": "Feature", "properties": { "STATEFP": "47", "COUNTYFP": "015", "COUNTYNS": "01648572", "GEOID": "47015", "GEOIDFQ": "0500000US47015", "NAME": "Cannon", "NAMELSAD": "Cannon County", "LSAD": "06", "CLASSFP": "H1", "MTFCC": "G4020", "CSAFP": "400", "CBSAFP": "34980", "METDIVFP": null, "FUNCSTAT": "A", "ALAND": 687992379, "AWATER": 156144, "INTPTLAT": "+35.8083940", "INTPTLON": "-086.0624044" }, "geometry": { "type": "Polygon", "coordinates": [ [ [ -85.972312, 35.750619 ], [ -85.972748, 35.75007 ], [ -85.973308, 35.749338 ], [ -85.976271, 35.745476 ], [ -85.977259, 35.744189 ], [ -85.977949, 35.743319 ], [ -85.978065, 35.743172 ], [ -85.978181, 35.743026 ], [ -85.978591, 35.742508 ], [ -85.982588, 35.737468 ], [ -85.983921, 35.735788 ], [ -85.984891, 35.734553 ], [ -85.985826, 35.734656 ], [ -85.986046, 35.73468 ], [ -85.987838, 35.734879 ], [ -85.988314, 35.731541 ], [ -85.986393, 35.731016 ], [ -85.986416, 35.730871 ], [ -85.986824, 35.728394 ], [ -85.986991, 35.727372 ], [ -85.987496, 35.724309 ], [ -85.987665, 35.723288 ], [ -85.988118, 35.720537 ], [ -85.988524, 35.718073 ], [ -85.989476, 35.712285 ], [ -85.98963, 35.711356 ], [ -85.991469, 35.71151 ], [ -85.992292, 35.711567 ], [ -85.994763, 35.711738 ], [ -85.995587, 35.711795 ], [ -85.995686, 35.711802 ], [ -85.995984, 35.711823 ], [ -85.996084, 35.711831 ], [ -85.996352, 35.711856 ], [ -85.996762, 35.711896 ], [ -85.997157, 35.711931 ], [ -85.997426, 35.711955 ], [ -85.997571, 35.710993 ], [ -85.997732, 35.709926 ], [ -85.996971, 35.709788 ], [ -85.996616, 35.709724 ], [ -85.993376, 35.709136 ], [ -85.993378, 35.709112 ], [ -85.993655, 35.705821 ], [ -85.992214, 35.705428 ], [ -85.989489, 35.704685 ], [ -85.98924, 35.704618 ], [ -85.988492, 35.704419 ], [ -85.988244, 35.704353 ], [ -85.987638, 35.704184 ], [ -85.986835, 35.703961 ], [ -85.986855, 35.702911 ], [ -85.986868, 35.702283 ], [ -85.98691, 35.700194 ], [ -85.986974, 35.69706 ], [ -85.990094, 35.697312 ], [ -85.991257, 35.697406 ], [ -85.991444, 35.696503 ], [ -85.991735, 35.695103 ], [ -85.99195, 35.694071 ], [ -85.992775, 35.694103 ], [ -85.991354, 35.692156 ], [ -85.990539, 35.69104 ], [ -85.990539, 35.690993 ], [ -85.99051, 35.68794 ], [ -85.990507, 35.687737 ], [ -85.990547, 35.681053 ], [ -85.990548, 35.680777 ], [ -85.990089, 35.679598 ], [ -85.989683, 35.678556 ], [ -85.989351, 35.677702 ], [ -85.989232, 35.677395 ], [ -85.987063, 35.671831 ], [ -85.985546, 35.667937 ], [ -85.985023, 35.666592 ], [ -85.985799, 35.666645 ], [ -85.986525, 35.666695 ], [ -85.986916, 35.664645 ], [ -85.985238, 35.664427 ], [ -85.985446, 35.662672 ], [ -85.985492, 35.662282 ], [ -85.985503, 35.662191 ], [ -85.985062, 35.660108 ], [ -85.986792, 35.660174 ], [ -85.991982, 35.660374 ], [ -85.993713, 35.660441 ], [ -85.993811, 35.660442 ], [ -85.993894, 35.660445 ], [ -85.994111, 35.66045 ], [ -85.994211, 35.660453 ], [ -85.994195, 35.660354 ], [ -85.994194, 35.660334 ], [ -85.994192, 35.66027 ], [ -85.994216, 35.659956 ], [ -85.994226, 35.65983 ], [ -85.99426, 35.659594 ], [ -85.994332, 35.659023 ], [ -85.994401, 35.658479 ], [ -85.994585, 35.657468 ], [ -85.994663, 35.657349 ], [ -85.994828, 35.657231 ], [ -85.995052, 35.657167 ], [ -85.995334, 35.657136 ], [ -85.995918, 35.657073 ], [ -85.996063, 35.657017 ], [ -85.996103, 35.656959 ], [ -85.996112, 35.656946 ], [ -85.996122, 35.656749 ], [ -85.996112, 35.65667 ], [ -85.996025, 35.65648 ], [ -85.995956, 35.656242 ], [ -85.995645, 35.655161 ], [ -85.995606, 35.65505 ], [ -85.995499, 35.654876 ], [ -85.994962, 35.654282 ], [ -85.994478, 35.653746 ], [ -85.994462, 35.653725 ], [ -85.998352, 35.653111 ], [ -85.999987, 35.652853 ], [ -86.00157, 35.652628 ], [ -86.001752, 35.654062 ], [ -86.004405, 35.654514 ], [ -86.004146, 35.65695 ], [ -86.005678, 35.657048 ], [ -86.00817, 35.657203 ], [ -86.008226, 35.656861 ], [ -86.008779, 35.653435 ], [ -86.01151, 35.653685 ], [ -86.011432, 35.654088 ], [ -86.012871, 35.654124 ], [ -86.01314, 35.651889 ], [ -86.013498, 35.651474 ], [ -86.013529, 35.651436 ], [ -86.015206, 35.649502 ], [ -86.015261, 35.649433 ], [ -86.017143, 35.649657 ], [ -86.019983, 35.649978 ], [ -86.021443, 35.65008 ], [ -86.021846, 35.650109 ], [ -86.022569, 35.650165 ], [ -86.022645, 35.650171 ], [ -86.02272, 35.650177 ], [ -86.024241, 35.650295 ], [ -86.025711, 35.650427 ], [ -86.02721, 35.650584 ], [ -86.029714, 35.650867 ], [ -86.032238, 35.65114 ], [ -86.033038, 35.645887 ], [ -86.035784, 35.646127 ], [ -86.036952, 35.64623 ], [ -86.036991, 35.646109 ], [ -86.037601, 35.642954 ], [ -86.037896, 35.643001 ], [ -86.038174, 35.643496 ], [ -86.038397, 35.643661 ], [ -86.038451, 35.643701 ], [ -86.039034, 35.643705 ], [ -86.039093, 35.643717 ], [ -86.039308, 35.643827 ], [ -86.039651, 35.644157 ], [ -86.039732, 35.644206 ], [ -86.039975, 35.64425 ], [ -86.039991, 35.644276 ], [ -86.040069, 35.644404 ], [ -86.040136, 35.64464 ], [ -86.040351, 35.644712 ], [ -86.040419, 35.644789 ], [ -86.040473, 35.644893 ], [ -86.040486, 35.644959 ], [ -86.040648, 35.645102 ], [ -86.040823, 35.645157 ], [ -86.041099, 35.645218 ], [ -86.041429, 35.645509 ], [ -86.041691, 35.645641 ], [ -86.041779, 35.645784 ], [ -86.042129, 35.646053 ], [ -86.042438, 35.646191 ], [ -86.042519, 35.646246 ], [ -86.042563, 35.646312 ], [ -86.042701, 35.646515 ], [ -86.042889, 35.646663 ], [ -86.042896, 35.646773 ], [ -86.043157, 35.647264 ], [ -86.043875, 35.647321 ], [ -86.052669, 35.648047 ], [ -86.053246, 35.643989 ], [ -86.055049, 35.64416 ], [ -86.056582, 35.644328 ], [ -86.06119, 35.644838 ], [ -86.062727, 35.645011 ], [ -86.063026, 35.645034 ], [ -86.063125, 35.645042 ], [ -86.063923, 35.645119 ], [ -86.064142, 35.645141 ], [ -86.064223, 35.645147 ], [ -86.064286, 35.645151 ], [ -86.064478, 35.645165 ], [ -86.064528, 35.645169 ], [ -86.064542, 35.64517 ], [ -86.06498, 35.645214 ], [ -86.065438, 35.64526 ], [ -86.066255, 35.645348 ], [ -86.066296, 35.645349 ], [ -86.066332, 35.645351 ], [ -86.066493, 35.645384 ], [ -86.066725, 35.645449 ], [ -86.067244, 35.645523 ], [ -86.070003, 35.645841 ], [ -86.070289, 35.645852 ], [ -86.070526, 35.645811 ], [ -86.07112, 35.645597 ], [ -86.071285, 35.645538 ], [ -86.071447, 35.645507 ], [ -86.071622, 35.645487 ], [ -86.071796, 35.645477 ], [ -86.073399, 35.645598 ], [ -86.074042, 35.645644 ], [ -86.07473, 35.645693 ], [ -86.075488, 35.645748 ], [ -86.078047, 35.645926 ], [ -86.078704, 35.645982 ], [ -86.081008, 35.646178 ], [ -86.082616, 35.646316 ], [ -86.084442, 35.646497 ], [ -86.085203, 35.646573 ], [ -86.086865, 35.646712 ], [ -86.08889, 35.646823 ], [ -86.095164, 35.649644 ], [ -86.113988, 35.658107 ], [ -86.120263, 35.660929 ], [ -86.120816, 35.660968 ], [ -86.121206, 35.660993 ], [ -86.12148, 35.661012 ], [ -86.123139, 35.661081 ], [ -86.124038, 35.661133 ], [ -86.124982, 35.661188 ], [ -86.126101, 35.661253 ], [ -86.126744, 35.661285 ], [ -86.132032, 35.661555 ], [ -86.132327, 35.661571 ], [ -86.132724, 35.661613 ], [ -86.133498, 35.661722 ], [ -86.133786, 35.661755 ], [ -86.133958, 35.661774 ], [ -86.134576, 35.661784 ], [ -86.135299, 35.661781 ], [ -86.135818, 35.661778 ], [ -86.136449, 35.661756 ], [ -86.137836, 35.661708 ], [ -86.141924, 35.661488 ], [ -86.142751, 35.661507 ], [ -86.14303, 35.661564 ], [ -86.143394, 35.661652 ], [ -86.143652, 35.661747 ], [ -86.147138, 35.663602 ], [ -86.147467, 35.663802 ], [ -86.148255, 35.664279 ], [ -86.148454, 35.664459 ], [ -86.148795, 35.664759 ], [ -86.151067, 35.666971 ], [ -86.150779, 35.670107 ], [ -86.150696, 35.671003 ], [ -86.152126, 35.671104 ], [ -86.1526, 35.671218 ], [ -86.152942, 35.671372 ], [ -86.153206, 35.671665 ], [ -86.153517, 35.671893 ], [ -86.153829, 35.671967 ], [ -86.154322, 35.672021 ], [ -86.154275, 35.672825 ], [ -86.154196, 35.673872 ], [ -86.1599, 35.674698 ], [ -86.159635, 35.676293 ], [ -86.165858, 35.676856 ], [ -86.165858, 35.677132 ], [ -86.165826, 35.681545 ], [ -86.170729, 35.681722 ], [ -86.17051, 35.682566 ], [ -86.170192, 35.683791 ], [ -86.171634, 35.68392 ], [ -86.172206, 35.683869 ], [ -86.172984, 35.683712 ], [ -86.173772, 35.683611 ], [ -86.174789, 35.683751 ], [ -86.175454, 35.684264 ], [ -86.175847, 35.685255 ], [ -86.176209, 35.686157 ], [ -86.177063, 35.686985 ], [ -86.178539, 35.687712 ], [ -86.179974, 35.68829 ], [ -86.179995, 35.688297 ], [ -86.180864, 35.688563 ], [ -86.181667, 35.689036 ], [ -86.181425, 35.691087 ], [ -86.18484, 35.691183 ], [ -86.186991, 35.689944 ], [ -86.187119, 35.689871 ], [ -86.187858, 35.690613 ], [ -86.187903, 35.69067 ], [ -86.187986, 35.690755 ], [ -86.188422, 35.691076 ], [ -86.188604, 35.691616 ], [ -86.189204, 35.692095 ], [ -86.189303, 35.692024 ], [ -86.18945, 35.69202 ], [ -86.189573, 35.692058 ], [ -86.189955, 35.692215 ], [ -86.19022, 35.692342 ], [ -86.190408, 35.692458 ], [ -86.190436, 35.692607 ], [ -86.190442, 35.692817 ], [ -86.190436, 35.692975 ], [ -86.190003, 35.693282 ], [ -86.18987, 35.693433 ], [ -86.189832, 35.693482 ], [ -86.18969, 35.693886 ], [ -86.189658, 35.694213 ], [ -86.189701, 35.694671 ], [ -86.189875, 35.695018 ], [ -86.190005, 35.695146 ], [ -86.190399, 35.695531 ], [ -86.190626, 35.695765 ], [ -86.190788, 35.695932 ], [ -86.191124, 35.696383 ], [ -86.191147, 35.696414 ], [ -86.190906, 35.697166 ], [ -86.19018, 35.697632 ], [ -86.189905, 35.697809 ], [ -86.189738, 35.697976 ], [ -86.189603, 35.698096 ], [ -86.189421, 35.698269 ], [ -86.189386, 35.698304 ], [ -86.18924, 35.698668 ], [ -86.189291, 35.698886 ], [ -86.189737, 35.699083 ], [ -86.189878, 35.699102 ], [ -86.190306, 35.69916 ], [ -86.190474, 35.699181 ], [ -86.190695, 35.69921 ], [ -86.190981, 35.699249 ], [ -86.19115, 35.699272 ], [ -86.191427, 35.6994 ], [ -86.191451, 35.699469 ], [ -86.191579, 35.699835 ], [ -86.191476, 35.700473 ], [ -86.191476, 35.700577 ], [ -86.191479, 35.700911 ], [ -86.191479, 35.700957 ], [ -86.19148, 35.701022 ], [ -86.191535, 35.701418 ], [ -86.191494, 35.701514 ], [ -86.191514, 35.701651 ], [ -86.19158, 35.701693 ], [ -86.191852, 35.701868 ], [ -86.192939, 35.702169 ], [ -86.193711, 35.702431 ], [ -86.193805, 35.702419 ], [ -86.194587, 35.702327 ], [ -86.194692, 35.702358 ], [ -86.194748, 35.702375 ], [ -86.195012, 35.70244 ], [ -86.195119, 35.702467 ], [ -86.195297, 35.702511 ], [ -86.195832, 35.702643 ], [ -86.196011, 35.702687 ], [ -86.196389, 35.702804 ], [ -86.196589, 35.702867 ], [ -86.196896, 35.703074 ], [ -86.196981, 35.703116 ], [ -86.197219, 35.703171 ], [ -86.197488, 35.703201 ], [ -86.197736, 35.703229 ], [ -86.197883, 35.703247 ], [ -86.197951, 35.70318 ], [ -86.198274, 35.702867 ], [ -86.198509, 35.70264 ], [ -86.198745, 35.702388 ], [ -86.198929, 35.702193 ], [ -86.19961, 35.701884 ], [ -86.199864, 35.701769 ], [ -86.200663, 35.701756 ], [ -86.201078, 35.701859 ], [ -86.201791, 35.70217 ], [ -86.202108, 35.702324 ], [ -86.202217, 35.702378 ], [ -86.202898, 35.70263 ], [ -86.203234, 35.702785 ], [ -86.203583, 35.702944 ], [ -86.20395, 35.703309 ], [ -86.204051, 35.703409 ], [ -86.20431, 35.703731 ], [ -86.204588, 35.704012 ], [ -86.205044, 35.704203 ], [ -86.205961, 35.704158 ], [ -86.206283, 35.704047 ], [ -86.206729, 35.703895 ], [ -86.207147, 35.70379 ], [ -86.207065, 35.703966 ], [ -86.207128, 35.704421 ], [ -86.20709, 35.704476 ], [ -86.207, 35.704654 ], [ -86.206986, 35.704786 ], [ -86.207022, 35.705003 ], [ -86.207015, 35.705301 ], [ -86.207263, 35.705838 ], [ -86.207609, 35.706587 ], [ -86.207763, 35.707361 ], [ -86.207785, 35.707524 ], [ -86.207868, 35.708111 ], [ -86.208347, 35.710239 ], [ -86.208752, 35.711528 ], [ -86.208769, 35.7124 ], [ -86.20852, 35.713346 ], [ -86.208259, 35.714066 ], [ -86.208235, 35.71476 ], [ -86.208123, 35.715601 ], [ -86.207912, 35.716256 ], [ -86.207589, 35.716588 ], [ -86.207153, 35.716679 ], [ -86.206958, 35.716721 ], [ -86.206585, 35.716965 ], [ -86.206303, 35.717482 ], [ -86.20618, 35.718201 ], [ -86.206078, 35.718993 ], [ -86.206162, 35.719655 ], [ -86.206348, 35.72067 ], [ -86.206678, 35.721241 ], [ -86.206611, 35.721573 ], [ -86.206338, 35.721905 ], [ -86.206026, 35.722423 ], [ -86.206089, 35.722899 ], [ -86.206341, 35.723511 ], [ -86.206446, 35.724383 ], [ -86.206272, 35.72482 ], [ -86.205605, 35.725324 ], [ -86.204713, 35.726208 ], [ -86.203005, 35.727372 ], [ -86.202908, 35.727623 ], [ -86.202978, 35.727727 ], [ -86.203671, 35.727901 ], [ -86.204928, 35.728355 ], [ -86.20578, 35.728705 ], [ -86.206642, 35.729169 ], [ -86.207277, 35.729601 ], [ -86.207546, 35.729883 ], [ -86.20757, 35.730431 ], [ -86.207536, 35.731142 ], [ -86.207799, 35.731964 ], [ -86.20792, 35.732286 ], [ -86.207079, 35.733194 ], [ -86.206237, 35.734119 ], [ -86.205422, 35.73472 ], [ -86.205041, 35.735207 ], [ -86.204564, 35.735968 ], [ -86.204228, 35.737221 ], [ -86.203834, 35.73741 ], [ -86.195462, 35.741432 ], [ -86.195064, 35.742539 ], [ -86.194932, 35.742909 ], [ -86.193875, 35.745863 ], [ -86.19348, 35.746972 ], [ -86.193456, 35.747044 ], [ -86.193303, 35.747501 ], [ -86.192776, 35.749088 ], [ -86.192601, 35.749618 ], [ -86.192597, 35.749633 ], [ -86.192496, 35.750069 ], [ -86.192097, 35.751758 ], [ -86.190689, 35.752194 ], [ -86.188382, 35.753962 ], [ -86.188301, 35.754025 ], [ -86.189067, 35.755398 ], [ -86.18985, 35.756877 ], [ -86.188294, 35.759048 ], [ -86.187515, 35.761388 ], [ -86.18709, 35.763725 ], [ -86.183484, 35.763443 ], [ -86.183434, 35.763813 ], [ -86.182807, 35.768426 ], [ -86.183032, 35.768471 ], [ -86.184832, 35.768836 ], [ -86.185267, 35.769325 ], [ -86.186416, 35.769644 ], [ -86.188026, 35.769517 ], [ -86.188792, 35.770543 ], [ -86.189125, 35.77099 ], [ -86.18978, 35.771646 ], [ -86.189891, 35.771758 ], [ -86.189456, 35.773546 ], [ -86.189159, 35.775367 ], [ -86.188924, 35.775932 ], [ -86.188387, 35.777232 ], [ -86.188436, 35.777294 ], [ -86.189682, 35.778861 ], [ -86.189772, 35.781051 ], [ -86.190647, 35.782425 ], [ -86.190642, 35.782436 ], [ -86.190089, 35.783921 ], [ -86.190128, 35.785673 ], [ -86.190429, 35.787122 ], [ -86.188173, 35.787501 ], [ -86.187915, 35.789889 ], [ -86.188099, 35.791224 ], [ -86.188801, 35.792336 ], [ -86.188578, 35.794393 ], [ -86.188848, 35.795357 ], [ -86.188591, 35.795935 ], [ -86.186969, 35.795727 ], [ -86.181208, 35.794993 ], [ -86.181208, 35.795003 ], [ -86.181213, 35.795036 ], [ -86.181216, 35.795049 ], [ -86.181359, 35.795235 ], [ -86.18197, 35.795741 ], [ -86.182103, 35.795851 ], [ -86.182647, 35.796239 ], [ -86.182823, 35.7964 ], [ -86.182869, 35.7965 ], [ -86.182882, 35.796578 ], [ -86.182865, 35.796746 ], [ -86.182725, 35.797195 ], [ -86.182671, 35.797335 ], [ -86.182541, 35.797601 ], [ -86.182417, 35.797789 ], [ -86.182195, 35.79807 ], [ -86.182115, 35.798195 ], [ -86.182083, 35.798247 ], [ -86.182016, 35.798426 ], [ -86.181987, 35.798547 ], [ -86.181962, 35.798855 ], [ -86.181942, 35.799198 ], [ -86.181937, 35.799289 ], [ -86.181968, 35.799774 ], [ -86.181982, 35.799986 ], [ -86.182064, 35.800647 ], [ -86.182096, 35.801025 ], [ -86.182092, 35.801128 ], [ -86.182068, 35.801221 ], [ -86.182025, 35.80133 ], [ -86.181943, 35.801468 ], [ -86.181858, 35.801596 ], [ -86.181776, 35.801694 ], [ -86.181624, 35.801842 ], [ -86.181562, 35.801899 ], [ -86.181275, 35.802162 ], [ -86.181195, 35.802244 ], [ -86.181061, 35.802384 ], [ -86.181011, 35.802449 ], [ -86.180962, 35.802523 ], [ -86.180909, 35.802637 ], [ -86.180534, 35.803585 ], [ -86.180501, 35.803671 ], [ -86.180365, 35.804047 ], [ -86.180362, 35.804058 ], [ -86.180327, 35.804156 ], [ -86.18011, 35.804569 ], [ -86.180002, 35.804697 ], [ -86.17993, 35.804772 ], [ -86.179682, 35.804945 ], [ -86.179634, 35.804993 ], [ -86.179563, 35.805087 ], [ -86.179507, 35.805245 ], [ -86.179274, 35.806681 ], [ -86.179159, 35.807392 ], [ -86.179157, 35.80741 ], [ -86.179153, 35.807441 ], [ -86.179141, 35.807533 ], [ -86.179138, 35.807565 ], [ -86.179122, 35.807727 ], [ -86.179116, 35.807756 ], [ -86.179115, 35.807784 ], [ -86.17908, 35.808003 ], [ -86.179077, 35.808027 ], [ -86.17891, 35.80932 ], [ -86.178896, 35.809433 ], [ -86.178862, 35.80976 ], [ -86.178856, 35.809816 ], [ -86.178855, 35.809829 ], [ -86.178854, 35.810027 ], [ -86.178851, 35.810039 ], [ -86.17884, 35.810108 ], [ -86.178699, 35.810942 ], [ -86.178549, 35.811838 ], [ -86.178383, 35.812954 ], [ -86.1783, 35.813449 ], [ -86.178274, 35.813611 ], [ -86.178252, 35.813801 ], [ -86.17824, 35.813955 ], [ -86.178233, 35.814213 ], [ -86.178234, 35.814292 ], [ -86.178235, 35.814357 ], [ -86.178218, 35.81449 ], [ -86.178181, 35.814649 ], [ -86.177963, 35.815445 ], [ -86.177961, 35.815455 ], [ -86.177889, 35.815811 ], [ -86.177801, 35.816427 ], [ -86.177586, 35.818003 ], [ -86.177523, 35.818586 ], [ -86.177471, 35.818972 ], [ -86.177398, 35.819529 ], [ -86.177384, 35.819683 ], [ -86.177384, 35.81978 ], [ -86.177402, 35.81988 ], [ -86.177436, 35.81997 ], [ -86.177496, 35.820083 ], [ -86.177514, 35.820113 ], [ -86.177521, 35.820125 ], [ -86.177707, 35.820445 ], [ -86.177984, 35.820923 ], [ -86.178155, 35.821192 ], [ -86.178289, 35.821392 ], [ -86.178365, 35.821505 ], [ -86.1785, 35.821687 ], [ -86.178509, 35.821697 ], [ -86.178621, 35.821839 ], [ -86.178667, 35.821891 ], [ -86.178983, 35.822247 ], [ -86.179054, 35.822334 ], [ -86.1791, 35.822405 ], [ -86.179145, 35.822486 ], [ -86.179199, 35.822612 ], [ -86.179213, 35.822665 ], [ -86.179223, 35.82273 ], [ -86.179236, 35.822808 ], [ -86.179247, 35.822857 ], [ -86.179271, 35.822953 ], [ -86.179347, 35.823167 ], [ -86.179372, 35.823226 ], [ -86.179424, 35.823346 ], [ -86.179587, 35.823722 ], [ -86.179735, 35.824064 ], [ -86.179753, 35.824161 ], [ -86.179778, 35.824457 ], [ -86.179774, 35.82492 ], [ -86.179774, 35.824941 ], [ -86.179765, 35.825084 ], [ -86.179742, 35.825315 ], [ -86.17974, 35.825329 ], [ -86.179621, 35.826147 ], [ -86.179615, 35.826195 ], [ -86.179204, 35.828592 ], [ -86.179088, 35.829271 ], [ -86.179066, 35.829408 ], [ -86.178981, 35.83006 ], [ -86.17873, 35.832017 ], [ -86.178676, 35.832444 ], [ -86.178662, 35.832556 ], [ -86.178648, 35.83267 ], [ -86.178638, 35.832736 ], [ -86.178629, 35.832803 ], [ -86.178615, 35.832903 ], [ -86.178519, 35.833607 ], [ -86.178487, 35.833843 ], [ -86.178287, 35.835293 ], [ -86.177691, 35.839643 ], [ -86.177493, 35.841094 ], [ -86.177178, 35.843394 ], [ -86.177154, 35.843564 ], [ -86.177132, 35.843732 ], [ -86.176239, 35.850244 ], [ -86.178488, 35.850382 ], [ -86.178339, 35.850986 ], [ -86.175854, 35.850813 ], [ -86.175816, 35.85183 ], [ -86.177714, 35.852885 ], [ -86.177779, 35.854872 ], [ -86.175814, 35.854539 ], [ -86.175784, 35.854533 ], [ -86.175568, 35.85444 ], [ -86.175421, 35.855567 ], [ -86.175426, 35.855655 ], [ -86.175429, 35.855664 ], [ -86.175452, 35.855924 ], [ -86.175462, 35.856016 ], [ -86.175401, 35.856324 ], [ -86.175223, 35.857256 ], [ -86.175163, 35.857567 ], [ -86.175036, 35.858238 ], [ -86.175032, 35.858261 ], [ -86.17472, 35.860292 ], [ -86.174617, 35.86097 ], [ -86.174253, 35.863369 ], [ -86.173165, 35.870568 ], [ -86.172802, 35.872968 ], [ -86.17286, 35.873217 ], [ -86.172915, 35.873449 ], [ -86.172887, 35.873907 ], [ -86.172933, 35.873961 ], [ -86.173099, 35.874157 ], [ -86.172636, 35.874504 ], [ -86.172281, 35.874738 ], [ -86.171936, 35.874953 ], [ -86.171673, 35.875095 ], [ -86.171381, 35.875255 ], [ -86.171, 35.875436 ], [ -86.170696, 35.87558 ], [ -86.168599, 35.876559 ], [ -86.168057, 35.876799 ], [ -86.167589, 35.876969 ], [ -86.166981, 35.877136 ], [ -86.166644, 35.877229 ], [ -86.165328, 35.87757 ], [ -86.165329, 35.877625 ], [ -86.165335, 35.8778 ], [ -86.165337, 35.87787 ], [ -86.165667, 35.877844 ], [ -86.166105, 35.877861 ], [ -86.166477, 35.877877 ], [ -86.168077, 35.877586 ], [ -86.16839, 35.877586 ], [ -86.168449, 35.877586 ], [ -86.169145, 35.877733 ], [ -86.169132, 35.877826 ], [ -86.168961, 35.879051 ], [ -86.168814, 35.88011 ], [ -86.168736, 35.881439 ], [ -86.168726, 35.883034 ], [ -86.168725, 35.883237 ], [ -86.168634, 35.884362 ], [ -86.16745, 35.884231 ], [ -86.167107, 35.884194 ], [ -86.163907, 35.883797 ], [ -86.162726, 35.883651 ], [ -86.162784, 35.882844 ], [ -86.162914, 35.881071 ], [ -86.162269, 35.881027 ], [ -86.161551, 35.880979 ], [ -86.161463, 35.880973 ], [ -86.161396, 35.880968 ], [ -86.161311, 35.880963 ], [ -86.161196, 35.880955 ], [ -86.16113, 35.880951 ], [ -86.159469, 35.880838 ], [ -86.158565, 35.880778 ], [ -86.1581, 35.884838 ], [ -86.157912, 35.886492 ], [ -86.157836, 35.887179 ], [ -86.157775, 35.887743 ], [ -86.159281, 35.887846 ], [ -86.159973, 35.887895 ], [ -86.15997, 35.887933 ], [ -86.159963, 35.888049 ], [ -86.159962, 35.888088 ], [ -86.159937, 35.888519 ], [ -86.159526, 35.888492 ], [ -86.158577, 35.888377 ], [ -86.156909, 35.888245 ], [ -86.15605, 35.888156 ], [ -86.155934, 35.888146 ], [ -86.155916, 35.888296 ], [ -86.154297, 35.899491 ], [ -86.15344, 35.905411 ], [ -86.152904, 35.909125 ], [ -86.1456, 35.908547 ], [ -86.144927, 35.911063 ], [ -86.144882, 35.911136 ], [ -86.144255, 35.912151 ], [ -86.143495, 35.912497 ], [ -86.14299, 35.913044 ], [ -86.141766, 35.914374 ], [ -86.142452, 35.915295 ], [ -86.145656, 35.919593 ], [ -86.147313, 35.921816 ], [ -86.147568, 35.92216 ], [ -86.148161, 35.922958 ], [ -86.148337, 35.923193 ], [ -86.148594, 35.923537 ], [ -86.148632, 35.923588 ], [ -86.150347, 35.925889 ], [ -86.152829, 35.929218 ], [ -86.155319, 35.932559 ], [ -86.155254, 35.933038 ], [ -86.154864, 35.935946 ], [ -86.154861, 35.935965 ], [ -86.154854, 35.93602 ], [ -86.154851, 35.936045 ], [ -86.154842, 35.936102 ], [ -86.154817, 35.936273 ], [ -86.15481, 35.936331 ], [ -86.154419, 35.939242 ], [ -86.153942, 35.942798 ], [ -86.153468, 35.942822 ], [ -86.152854, 35.947531 ], [ -86.152793, 35.948007 ], [ -86.152724, 35.948749 ], [ -86.152751, 35.949697 ], [ -86.152774, 35.950461 ], [ -86.152798, 35.95131 ], [ -86.152873, 35.95386 ], [ -86.152889, 35.954385 ], [ -86.153214, 35.954399 ], [ -86.15288, 35.95524 ], [ -86.151878, 35.957766 ], [ -86.151812, 35.957934 ], [ -86.151545, 35.958608 ], [ -86.151564, 35.958617 ], [ -86.152753, 35.959169 ], [ -86.153035, 35.959309 ], [ -86.153117, 35.959345 ], [ -86.153869, 35.959693 ], [ -86.154621, 35.959945 ], [ -86.154845, 35.960034 ], [ -86.154505, 35.963097 ], [ -86.149792, 35.962604 ], [ -86.14986, 35.962257 ], [ -86.140397, 35.96131 ], [ -86.139529, 35.961273 ], [ -86.139466, 35.961269 ], [ -86.129777, 35.960314 ], [ -86.125008, 35.959845 ], [ -86.123121, 35.95961 ], [ -86.119514, 35.959163 ], [ -86.108742, 35.959962 ], [ -86.095732, 35.960886 ], [ -86.095445, 35.962896 ], [ -86.095206, 35.964567 ], [ -86.095201, 35.964601 ], [ -86.09508, 35.965451 ], [ -86.091925, 35.965214 ], [ -86.091491, 35.968029 ], [ -86.091485, 35.968063 ], [ -86.091469, 35.968165 ], [ -86.091464, 35.9682 ], [ -86.090968, 35.971418 ], [ -86.090502, 35.974451 ], [ -86.087485, 35.974077 ], [ -86.087582, 35.973279 ], [ -86.087928, 35.970442 ], [ -86.088323, 35.96721 ], [ -86.088348, 35.96699 ], [ -86.087576, 35.966706 ], [ -86.087487, 35.966673 ], [ -86.086593, 35.966341 ], [ -86.086101, 35.966181 ], [ -86.085903, 35.966125 ], [ -86.085792, 35.966102 ], [ -86.084975, 35.965943 ], [ -86.084357, 35.965834 ], [ -86.083537, 35.96569 ], [ -86.083448, 35.965674 ], [ -86.083421, 35.964969 ], [ -86.078136, 35.964943 ], [ -86.076427, 35.964935 ], [ -86.075389, 35.96493 ], [ -86.075152, 35.964929 ], [ -86.075073, 35.964928 ], [ -86.074994, 35.964928 ], [ -86.074915, 35.964928 ], [ -86.074836, 35.964927 ], [ -86.065091, 35.964881 ], [ -86.062805, 35.964869 ], [ -86.058862, 35.964851 ], [ -86.051493, 35.964816 ], [ -86.044124, 35.964781 ], [ -86.026241, 35.964695 ], [ -86.022675, 35.964679 ], [ -86.014849, 35.96106 ], [ -86.014104, 35.96071 ], [ -86.011869, 35.959662 ], [ -86.011482, 35.959481 ], [ -86.011126, 35.959312 ], [ -85.999988, 35.954023 ], [ -85.997592, 35.953048 ], [ -85.997488, 35.953015 ], [ -85.997389, 35.952983 ], [ -85.99721, 35.952926 ], [ -85.997022, 35.952866 ], [ -85.99688, 35.952752 ], [ -85.994846, 35.951121 ], [ -85.994704, 35.951007 ], [ -85.994626, 35.950945 ], [ -85.994552, 35.950886 ], [ -85.99454, 35.950876 ], [ -85.994333, 35.950709 ], [ -85.99426, 35.950651 ], [ -85.992132, 35.948946 ], [ -85.991298, 35.948142 ], [ -85.987982, 35.944946 ], [ -85.982907, 35.940054 ], [ -85.980111, 35.937359 ], [ -85.980086, 35.937335 ], [ -85.980013, 35.937264 ], [ -85.979989, 35.937241 ], [ -85.979847, 35.937104 ], [ -85.979836, 35.937093 ], [ -85.979666, 35.93693 ], [ -85.962001, 35.919903 ], [ -85.961891, 35.919797 ], [ -85.958776, 35.916794 ], [ -85.953529, 35.911736 ], [ -85.953498, 35.911707 ], [ -85.945177, 35.903683 ], [ -85.945043, 35.903554 ], [ -85.943961, 35.902511 ], [ -85.941664, 35.90059 ], [ -85.941393, 35.900365 ], [ -85.938462, 35.89794 ], [ -85.935369, 35.895378 ], [ -85.935203, 35.895241 ], [ -85.932373, 35.892899 ], [ -85.932246, 35.892794 ], [ -85.931445, 35.892131 ], [ -85.930697, 35.891504 ], [ -85.92562, 35.887256 ], [ -85.925497, 35.887154 ], [ -85.92524, 35.886944 ], [ -85.923493, 35.885486 ], [ -85.922548, 35.884709 ], [ -85.92134, 35.883674 ], [ -85.91612, 35.879254 ], [ -85.916091, 35.879229 ], [ -85.911178, 35.875065 ], [ -85.910806, 35.874764 ], [ -85.909692, 35.873862 ], [ -85.909321, 35.873562 ], [ -85.909166, 35.873437 ], [ -85.908751, 35.873091 ], [ -85.908042, 35.8725 ], [ -85.907224, 35.8715 ], [ -85.906781, 35.870958 ], [ -85.906757, 35.870929 ], [ -85.904905, 35.868666 ], [ -85.902533, 35.865767 ], [ -85.899352, 35.86188 ], [ -85.897502, 35.859618 ], [ -85.897398, 35.859491 ], [ -85.896281, 35.858244 ], [ -85.893909, 35.855596 ], [ -85.893149, 35.857399 ], [ -85.892437, 35.859093 ], [ -85.89241, 35.85909 ], [ -85.892353, 35.85907 ], [ -85.892313, 35.859056 ], [ -85.892278, 35.859046 ], [ -85.892085, 35.85899 ], [ -85.891996, 35.858964 ], [ -85.891788, 35.858902 ], [ -85.89107, 35.858689 ], [ -85.89062, 35.857544 ], [ -85.88921, 35.857543 ], [ -85.88923, 35.854176 ], [ -85.890631, 35.852794 ], [ -85.890691, 35.852733 ], [ -85.893524, 35.849938 ], [ -85.896166, 35.851135 ], [ -85.896505, 35.850266 ], [ -85.896596, 35.849838 ], [ -85.896793, 35.848881 ], [ -85.89687, 35.848509 ], [ -85.897065, 35.847027 ], [ -85.897178, 35.846822 ], [ -85.895294, 35.846119 ], [ -85.894881, 35.84568 ], [ -85.894767, 35.845029 ], [ -85.894722, 35.844769 ], [ -85.894269, 35.844095 ], [ -85.893442, 35.843722 ], [ -85.891741, 35.843584 ], [ -85.890957, 35.842976 ], [ -85.889589, 35.842771 ], [ -85.885802, 35.842829 ], [ -85.885768, 35.84283 ], [ -85.885281, 35.841211 ], [ -85.885156, 35.839658 ], [ -85.885129, 35.839325 ], [ -85.885202, 35.838977 ], [ -85.885556, 35.837304 ], [ -85.885561, 35.836332 ], [ -85.885571, 35.83455 ], [ -85.885595, 35.830539 ], [ -85.886515, 35.83054 ], [ -85.891545, 35.830546 ], [ -85.895488, 35.830551 ], [ -85.895593, 35.830551 ], [ -85.895673, 35.830552 ], [ -85.895674, 35.829877 ], [ -85.895897, 35.829901 ], [ -85.89652, 35.829968 ], [ -85.896568, 35.829972 ], [ -85.896792, 35.829994 ], [ -85.896917, 35.830008 ], [ -85.897089, 35.830028 ], [ -85.897292, 35.830056 ], [ -85.897415, 35.830085 ], [ -85.897505, 35.830105 ], [ -85.897532, 35.830112 ], [ -85.897646, 35.830142 ], [ -85.897771, 35.830189 ], [ -85.897859, 35.830222 ], [ -85.898553, 35.829888 ], [ -85.900635, 35.828887 ], [ -85.90133, 35.828554 ], [ -85.901411, 35.828515 ], [ -85.904339, 35.827138 ], [ -85.904516, 35.827054 ], [ -85.912694, 35.823131 ], [ -85.912789, 35.823086 ], [ -85.91296, 35.823004 ], [ -85.913867, 35.822506 ], [ -85.914435, 35.821832 ], [ -85.918147, 35.817127 ], [ -85.918294, 35.816941 ], [ -85.918908, 35.816162 ], [ -85.921195, 35.81327 ], [ -85.921958, 35.812307 ], [ -85.922124, 35.812095 ], [ -85.922626, 35.811461 ], [ -85.922793, 35.81125 ], [ -85.922922, 35.811085 ], [ -85.923312, 35.810593 ], [ -85.923442, 35.810429 ], [ -85.924501, 35.809088 ], [ -85.927681, 35.805065 ], [ -85.928741, 35.803725 ], [ -85.929561, 35.802686 ], [ -85.929707, 35.802503 ], [ -85.932023, 35.799572 ], [ -85.932844, 35.798534 ], [ -85.936798, 35.79353 ], [ -85.939784, 35.789751 ], [ -85.942133, 35.786779 ], [ -85.941918, 35.786732 ], [ -85.941601, 35.786649 ], [ -85.941399, 35.786622 ], [ -85.941094, 35.786612 ], [ -85.940777, 35.786584 ], [ -85.940595, 35.786551 ], [ -85.940568, 35.786519 ], [ -85.940552, 35.786484 ], [ -85.940538, 35.786449 ], [ -85.940424, 35.786437 ], [ -85.939888, 35.786372 ], [ -85.93926, 35.786313 ], [ -85.939041, 35.786302 ], [ -85.938845, 35.786286 ], [ -85.938104, 35.786237 ], [ -85.93772, 35.78621 ], [ -85.936843, 35.786155 ], [ -85.936478, 35.786135 ], [ -85.936325, 35.786126 ], [ -85.936163, 35.786118 ], [ -85.935867, 35.786097 ], [ -85.935715, 35.786087 ], [ -85.935719, 35.785968 ], [ -85.935733, 35.785611 ], [ -85.935739, 35.785493 ], [ -85.935744, 35.785357 ], [ -85.93577, 35.784673 ], [ -85.934651, 35.784672 ], [ -85.934671, 35.784023 ], [ -85.93475, 35.781507 ], [ -85.936284, 35.781509 ], [ -85.936158, 35.781812 ], [ -85.939473, 35.781814 ], [ -85.939506, 35.781752 ], [ -85.940016, 35.780806 ], [ -85.94031, 35.780266 ], [ -85.940928, 35.780267 ], [ -85.941172, 35.780406 ], [ -85.941208, 35.780443 ], [ -85.941289, 35.780514 ], [ -85.941314, 35.780536 ], [ -85.941563, 35.780755 ], [ -85.941642, 35.780813 ], [ -85.941735, 35.780872 ], [ -85.941772, 35.78089 ], [ -85.941859, 35.780931 ], [ -85.94195, 35.780968 ], [ -85.942291, 35.781032 ], [ -85.942422, 35.781052 ], [ -85.942631, 35.781073 ], [ -85.942956, 35.781091 ], [ -85.943119, 35.781092 ], [ -85.945214, 35.77778 ], [ -85.951842, 35.770109 ], [ -85.95314, 35.768833 ], [ -85.953382, 35.768591 ], [ -85.954798, 35.767081 ], [ -85.962273, 35.762277 ], [ -85.96237, 35.762215 ], [ -85.963571, 35.761329 ], [ -85.966179, 35.758036 ], [ -85.966408, 35.757746 ], [ -85.966445, 35.757699 ], [ -85.969994, 35.753541 ], [ -85.970457, 35.752956 ], [ -85.971848, 35.751203 ], [ -85.972312, 35.750619 ] ] ] } },
{ "type": "Feature", "properties": { "STATEFP": "47", "COUNTYFP": "021", "COUNTYNS": "01639731", "GEOID": "47021", "GEOIDFQ": "0500000US47021", "NAME": "Cheatham", "NAMELSAD": "Cheatham County", "LSAD": "06", "CLASSFP": "H1", "MTFCC": "G4020", "CSAFP": "400", "CBSAFP": "34980", "METDIVFP": null, "FUNCSTAT": "A", "ALAND": 783466439, "AWATER": 11821692, "INTPTLAT": "+36.2551687", "INTPTLON": "-087.1008077" }, "geometry": { "type": "Polygon", "coordinates": [ [ [ -87.152247, 36.426771 ], [ -87.15223, 36.426805 ], [ -87.152239, 36.426922 ], [ -87.152239, 36.426977 ], [ -87.152206, 36.427149 ], [ -87.152145, 36.427373 ], [ -87.152102, 36.427538 ], [ -87.15209, 36.427596 ], [ -87.152077, 36.427628 ], [ -87.152031, 36.427893 ], [ -87.152033, 36.428003 ], [ -87.152, 36.428305 ], [ -87.151962, 36.428412 ], [ -87.151912, 36.428639 ], [ -87.151864, 36.428956 ], [ -87.151815, 36.429361 ], [ -87.151798, 36.429424 ], [ -87.151762, 36.429682 ], [ -87.151757, 36.429822 ], [ -87.151733, 36.430097 ], [ -87.151714, 36.430239 ], [ -87.15168, 36.430404 ], [ -87.151667, 36.430428 ], [ -87.151664, 36.430452 ], [ -87.151588, 36.430631 ], [ -87.151455, 36.430912 ], [ -87.15145, 36.430986 ], [ -87.151471, 36.431099 ], [ -87.151519, 36.431226 ], [ -87.151563, 36.431433 ], [ -87.151603, 36.431683 ], [ -87.151626, 36.432182 ], [ -87.151658, 36.432536 ], [ -87.151661, 36.433004 ], [ -87.151642, 36.433364 ], [ -87.151596, 36.433643 ], [ -87.151583, 36.433675 ], [ -87.151551, 36.433895 ], [ -87.151535, 36.43397 ], [ -87.151511, 36.434245 ], [ -87.151482, 36.434428 ], [ -87.151469, 36.434459 ], [ -87.151449, 36.434545 ], [ -87.151406, 36.434649 ], [ -87.151381, 36.434683 ], [ -87.151373, 36.43471 ], [ -87.151296, 36.434827 ], [ -87.151171, 36.434993 ], [ -87.151145, 36.435041 ], [ -87.151115, 36.435075 ], [ -87.151044, 36.435179 ], [ -87.151009, 36.43526 ], [ -87.151002, 36.435276 ], [ -87.1509, 36.435448 ], [ -87.150867, 36.435496 ], [ -87.150858, 36.435524 ], [ -87.150732, 36.435751 ], [ -87.150681, 36.435854 ], [ -87.150639, 36.435916 ], [ -87.150627, 36.43595 ], [ -87.150589, 36.43602 ], [ -87.150521, 36.436164 ], [ -87.150447, 36.436384 ], [ -87.150325, 36.436663 ], [ -87.150304, 36.436777 ], [ -87.150266, 36.436884 ], [ -87.150217, 36.437093 ], [ -87.150213, 36.437114 ], [ -87.150133, 36.437338 ], [ -87.150074, 36.437614 ], [ -87.150062, 36.437761 ], [ -87.150081, 36.437961 ], [ -87.150082, 36.438091 ], [ -87.150078, 36.438143 ], [ -87.150082, 36.438167 ], [ -87.150049, 36.438366 ], [ -87.150072, 36.43859 ], [ -87.150129, 36.438895 ], [ -87.150172, 36.439026 ], [ -87.150186, 36.439153 ], [ -87.150172, 36.439765 ], [ -87.15021, 36.440029 ], [ -87.150238, 36.440113 ], [ -87.150251, 36.440199 ], [ -87.150247, 36.440339 ], [ -87.150235, 36.440364 ], [ -87.150206, 36.440546 ], [ -87.150156, 36.440698 ], [ -87.150051, 36.440976 ], [ -87.150027, 36.441128 ], [ -87.150003, 36.441451 ], [ -87.149974, 36.441634 ], [ -87.149945, 36.441706 ], [ -87.149915, 36.441812 ], [ -87.149861, 36.441954 ], [ -87.14984, 36.442039 ], [ -87.149827, 36.442071 ], [ -87.149807, 36.442191 ], [ -87.149808, 36.44226 ], [ -87.149779, 36.442505 ], [ -87.149737, 36.442676 ], [ -87.149709, 36.442873 ], [ -87.149704, 36.443003 ], [ -87.149701, 36.443085 ], [ -87.149703, 36.443237 ], [ -87.149721, 36.44354 ], [ -87.149733, 36.443563 ], [ -87.149747, 36.443622 ], [ -87.149768, 36.44368 ], [ -87.149812, 36.443942 ], [ -87.149835, 36.444034 ], [ -87.149903, 36.444179 ], [ -87.150032, 36.44448 ], [ -87.150153, 36.444707 ], [ -87.150186, 36.444755 ], [ -87.150212, 36.444844 ], [ -87.150226, 36.444875 ], [ -87.150234, 36.444908 ], [ -87.15024, 36.444934 ], [ -87.150247, 36.444962 ], [ -87.150266, 36.445011 ], [ -87.150276, 36.445037 ], [ -87.150103, 36.445085 ], [ -87.149584, 36.445232 ], [ -87.149412, 36.445281 ], [ -87.148935, 36.445416 ], [ -87.147505, 36.445826 ], [ -87.147115, 36.445938 ], [ -87.14703, 36.445962 ], [ -87.144653, 36.446618 ], [ -87.137529, 36.448586 ], [ -87.135155, 36.449244 ], [ -87.135074, 36.449265 ], [ -87.133167, 36.449795 ], [ -87.128026, 36.451227 ], [ -87.127366, 36.451767 ], [ -87.125828, 36.453028 ], [ -87.12577, 36.453076 ], [ -87.12544, 36.453341 ], [ -87.125003, 36.453693 ], [ -87.124793, 36.453875 ], [ -87.122691, 36.455711 ], [ -87.121698, 36.4556 ], [ -87.120443, 36.45546 ], [ -87.120402, 36.455435 ], [ -87.120279, 36.455363 ], [ -87.120239, 36.455339 ], [ -87.119643, 36.454986 ], [ -87.117855, 36.453927 ], [ -87.117259, 36.453575 ], [ -87.116914, 36.45337 ], [ -87.115882, 36.452758 ], [ -87.115538, 36.452554 ], [ -87.114894, 36.452172 ], [ -87.112963, 36.451028 ], [ -87.11232, 36.450647 ], [ -87.112082, 36.450506 ], [ -87.111371, 36.450084 ], [ -87.111135, 36.449944 ], [ -87.110928, 36.449822 ], [ -87.110836, 36.449768 ], [ -87.110744, 36.449713 ], [ -87.110173, 36.449374 ], [ -87.107287, 36.447666 ], [ -87.106326, 36.447097 ], [ -87.106291, 36.447076 ], [ -87.106189, 36.447016 ], [ -87.106155, 36.446996 ], [ -87.101742, 36.444382 ], [ -87.101427, 36.444195 ], [ -87.101106, 36.444005 ], [ -87.100785, 36.443815 ], [ -87.100648, 36.443734 ], [ -87.100382, 36.443576 ], [ -87.100116, 36.443419 ], [ -87.098277, 36.44233 ], [ -87.097901, 36.445586 ], [ -87.096528, 36.445442 ], [ -87.09651, 36.44516 ], [ -87.09455, 36.445039 ], [ -87.095044, 36.440269 ], [ -87.09203, 36.43849 ], [ -87.090173, 36.437393 ], [ -87.084669, 36.434144 ], [ -87.084602, 36.434104 ], [ -87.083441, 36.433418 ], [ -87.083353, 36.433366 ], [ -87.083244, 36.433301 ], [ -87.082746, 36.433008 ], [ -87.082429, 36.432821 ], [ -87.08148, 36.43226 ], [ -87.081164, 36.432074 ], [ -87.079642, 36.431189 ], [ -87.077518, 36.429954 ], [ -87.077447, 36.429913 ], [ -87.07508, 36.428537 ], [ -87.073559, 36.427653 ], [ -87.073479, 36.427603 ], [ -87.0733, 36.427493 ], [ -87.073241, 36.427454 ], [ -87.073163, 36.427404 ], [ -87.071159, 36.426206 ], [ -87.065147, 36.422612 ], [ -87.063143, 36.421415 ], [ -87.059374, 36.419195 ], [ -87.04807, 36.412536 ], [ -87.045782, 36.411189 ], [ -87.045679, 36.411128 ], [ -87.045575, 36.411067 ], [ -87.044302, 36.410318 ], [ -87.043325, 36.409742 ], [ -87.040394, 36.408014 ], [ -87.039417, 36.407438 ], [ -87.039165, 36.40729 ], [ -87.038411, 36.406846 ], [ -87.03816, 36.406699 ], [ -87.037712, 36.406435 ], [ -87.036368, 36.405643 ], [ -87.03592, 36.405379 ], [ -87.032941, 36.403624 ], [ -87.032871, 36.403583 ], [ -87.032322, 36.40326 ], [ -87.032246, 36.403215 ], [ -87.030377, 36.402114 ], [ -87.029754, 36.401748 ], [ -87.029732, 36.401735 ], [ -87.029668, 36.401696 ], [ -87.029647, 36.401684 ], [ -87.029266, 36.40146 ], [ -87.028125, 36.400788 ], [ -87.027853, 36.400627 ], [ -87.027745, 36.400564 ], [ -87.027684, 36.400527 ], [ -87.02752, 36.400486 ], [ -87.027498, 36.400478 ], [ -87.027389, 36.400438 ], [ -87.026138, 36.399979 ], [ -87.021318, 36.39821 ], [ -87.019712, 36.397621 ], [ -87.017979, 36.396989 ], [ -87.017526, 36.396825 ], [ -87.016499, 36.396451 ], [ -87.013805, 36.395469 ], [ -87.01305, 36.395195 ], [ -87.010968, 36.394437 ], [ -87.008863, 36.393667 ], [ -87.005364, 36.392392 ], [ -87.004436, 36.391232 ], [ -87.003547, 36.390083 ], [ -87.000882, 36.386637 ], [ -87.000002, 36.385499 ], [ -87.000001, 36.385487 ], [ -87.000001, 36.385474 ], [ -87.000001, 36.385436 ], [ -87.000001, 36.385424 ], [ -86.99884, 36.38395 ], [ -86.99815, 36.383074 ], [ -86.996025, 36.380377 ], [ -86.995596, 36.379796 ], [ -86.995385, 36.379511 ], [ -86.994271, 36.378004 ], [ -86.994232, 36.377951 ], [ -86.994117, 36.377795 ], [ -86.994079, 36.377744 ], [ -86.993856, 36.377443 ], [ -86.993189, 36.37654 ], [ -86.992967, 36.37624 ], [ -86.992793, 36.376002 ], [ -86.992274, 36.375288 ], [ -86.992101, 36.37505 ], [ -86.991679, 36.374488 ], [ -86.990413, 36.372802 ], [ -86.989991, 36.37224 ], [ -86.989766, 36.37194 ], [ -86.989283, 36.371294 ], [ -86.989091, 36.371037 ], [ -86.988869, 36.37074 ], [ -86.988795, 36.370711 ], [ -86.988759, 36.370665 ], [ -86.988728, 36.370625 ], [ -86.987998, 36.369674 ], [ -86.987691, 36.369271 ], [ -86.987558, 36.369096 ], [ -86.986178, 36.367294 ], [ -86.985194, 36.366009 ], [ -86.984496, 36.365097 ], [ -86.984306, 36.365377 ], [ -86.983923, 36.365659 ], [ -86.983612, 36.365874 ], [ -86.983901, 36.366622 ], [ -86.984188, 36.367365 ], [ -86.984367, 36.367726 ], [ -86.984678, 36.367924 ], [ -86.985209, 36.368132 ], [ -86.985261, 36.368163 ], [ -86.985535, 36.368386 ], [ -86.985715, 36.368621 ], [ -86.985804, 36.368897 ], [ -86.985893, 36.369004 ], [ -86.98604, 36.369182 ], [ -86.986138, 36.369343 ], [ -86.986163, 36.369385 ], [ -86.986175, 36.369452 ], [ -86.986188, 36.369472 ], [ -86.986181, 36.369486 ], [ -86.986191, 36.369544 ], [ -86.986231, 36.369766 ], [ -86.986245, 36.369841 ], [ -86.986164, 36.370358 ], [ -86.986086, 36.370474 ], [ -86.985967, 36.370655 ], [ -86.985695, 36.37088 ], [ -86.985396, 36.37104 ], [ -86.985002, 36.371177 ], [ -86.984361, 36.371347 ], [ -86.984092, 36.371419 ], [ -86.983709, 36.371452 ], [ -86.98331, 36.371486 ], [ -86.982841, 36.371447 ], [ -86.98246, 36.371316 ], [ -86.982155, 36.371123 ], [ -86.981444, 36.370438 ], [ -86.981417, 36.370409 ], [ -86.9814, 36.370393 ], [ -86.981392, 36.370384 ], [ -86.981384, 36.370375 ], [ -86.981374, 36.370365 ], [ -86.98136, 36.37035 ], [ -86.981348, 36.370337 ], [ -86.981336, 36.370324 ], [ -86.981328, 36.370315 ], [ -86.981314, 36.3703 ], [ -86.981288, 36.370269 ], [ -86.981276, 36.370255 ], [ -86.981263, 36.370239 ], [ -86.981252, 36.370226 ], [ -86.981238, 36.370208 ], [ -86.981225, 36.370192 ], [ -86.981216, 36.37018 ], [ -86.981206, 36.370167 ], [ -86.981195, 36.370153 ], [ -86.98118, 36.370132 ], [ -86.981165, 36.370111 ], [ -86.981145, 36.370083 ], [ -86.981133, 36.370066 ], [ -86.981119, 36.370045 ], [ -86.981108, 36.370028 ], [ -86.981096, 36.370009 ], [ -86.981087, 36.369995 ], [ -86.981074, 36.369977 ], [ -86.981065, 36.369963 ], [ -86.981054, 36.369947 ], [ -86.981044, 36.369933 ], [ -86.981031, 36.369915 ], [ -86.98102, 36.369902 ], [ -86.98101, 36.369889 ], [ -86.980998, 36.369873 ], [ -86.980985, 36.369858 ], [ -86.980974, 36.369845 ], [ -86.980963, 36.369832 ], [ -86.980951, 36.36982 ], [ -86.980936, 36.369803 ], [ -86.980918, 36.369784 ], [ -86.980908, 36.369774 ], [ -86.980898, 36.369763 ], [ -86.980888, 36.369753 ], [ -86.980873, 36.369739 ], [ -86.980862, 36.369729 ], [ -86.980136, 36.369059 ], [ -86.979388, 36.36837 ], [ -86.979375, 36.368357 ], [ -86.979355, 36.368339 ], [ -86.979336, 36.368323 ], [ -86.979323, 36.368311 ], [ -86.979309, 36.368298 ], [ -86.979292, 36.368285 ], [ -86.979276, 36.368271 ], [ -86.979257, 36.368255 ], [ -86.979238, 36.368239 ], [ -86.979224, 36.368228 ], [ -86.979207, 36.368214 ], [ -86.979195, 36.368205 ], [ -86.979182, 36.368195 ], [ -86.97917, 36.368186 ], [ -86.979153, 36.368173 ], [ -86.979141, 36.368163 ], [ -86.979131, 36.368156 ], [ -86.979116, 36.368145 ], [ -86.979103, 36.368135 ], [ -86.979088, 36.368125 ], [ -86.979068, 36.36811 ], [ -86.97905, 36.368097 ], [ -86.979037, 36.368088 ], [ -86.979021, 36.368078 ], [ -86.979008, 36.368069 ], [ -86.97899, 36.368057 ], [ -86.97898, 36.36805 ], [ -86.978969, 36.368043 ], [ -86.978946, 36.368027 ], [ -86.978932, 36.368019 ], [ -86.978922, 36.368012 ], [ -86.9789, 36.367998 ], [ -86.978889, 36.367992 ], [ -86.978871, 36.36798 ], [ -86.978854, 36.36797 ], [ -86.978833, 36.367957 ], [ -86.978816, 36.367948 ], [ -86.978794, 36.367935 ], [ -86.978772, 36.367922 ], [ -86.978747, 36.367908 ], [ -86.978733, 36.3679 ], [ -86.978713, 36.36789 ], [ -86.978699, 36.367882 ], [ -86.978685, 36.367874 ], [ -86.978671, 36.367867 ], [ -86.978654, 36.367858 ], [ -86.978637, 36.367849 ], [ -86.978617, 36.367839 ], [ -86.978596, 36.367829 ], [ -86.978579, 36.36782 ], [ -86.978556, 36.367809 ], [ -86.978541, 36.367802 ], [ -86.978527, 36.367795 ], [ -86.978509, 36.367787 ], [ -86.978494, 36.36778 ], [ -86.978482, 36.367775 ], [ -86.977407, 36.367285 ], [ -86.97739, 36.367277 ], [ -86.977359, 36.367263 ], [ -86.977322, 36.367247 ], [ -86.977301, 36.367238 ], [ -86.977284, 36.36723 ], [ -86.977263, 36.367221 ], [ -86.977243, 36.367212 ], [ -86.977222, 36.367203 ], [ -86.977201, 36.367194 ], [ -86.977156, 36.367175 ], [ -86.977131, 36.367165 ], [ -86.977107, 36.367155 ], [ -86.977075, 36.367143 ], [ -86.977054, 36.367134 ], [ -86.97704, 36.367129 ], [ -86.977026, 36.367123 ], [ -86.977009, 36.367116 ], [ -86.976995, 36.36711 ], [ -86.976977, 36.367104 ], [ -86.976966, 36.367099 ], [ -86.976956, 36.367095 ], [ -86.976925, 36.367087 ], [ -86.976864, 36.36706 ], [ -86.976825, 36.367046 ], [ -86.976778, 36.367029 ], [ -86.976742, 36.367016 ], [ -86.976689, 36.366997 ], [ -86.976635, 36.366979 ], [ -86.976595, 36.366965 ], [ -86.976562, 36.366955 ], [ -86.976522, 36.366942 ], [ -86.97649, 36.366931 ], [ -86.976457, 36.366921 ], [ -86.97642, 36.366909 ], [ -86.976354, 36.366889 ], [ -86.976307, 36.366875 ], [ -86.976277, 36.366866 ], [ -86.976207, 36.366846 ], [ -86.976167, 36.366834 ], [ -86.976118, 36.366821 ], [ -86.976089, 36.366813 ], [ -86.976044, 36.366801 ], [ -86.975999, 36.36679 ], [ -86.975943, 36.366775 ], [ -86.975913, 36.366768 ], [ -86.975887, 36.366762 ], [ -86.975857, 36.366754 ], [ -86.975827, 36.366747 ], [ -86.975797, 36.36674 ], [ -86.975756, 36.366731 ], [ -86.975718, 36.366722 ], [ -86.975673, 36.366712 ], [ -86.975646, 36.366706 ], [ -86.97562, 36.366701 ], [ -86.975605, 36.366698 ], [ -86.97499, 36.366569 ], [ -86.973454, 36.366248 ], [ -86.97341, 36.366239 ], [ -86.973367, 36.366231 ], [ -86.973317, 36.366223 ], [ -86.973251, 36.366214 ], [ -86.973194, 36.366207 ], [ -86.97316, 36.366204 ], [ -86.973109, 36.3662 ], [ -86.973052, 36.366197 ], [ -86.972991, 36.366196 ], [ -86.972947, 36.366195 ], [ -86.972906, 36.366196 ], [ -86.972842, 36.366198 ], [ -86.972778, 36.366201 ], [ -86.972714, 36.366207 ], [ -86.972636, 36.366215 ], [ -86.972546, 36.366229 ], [ -86.9725, 36.366237 ], [ -86.972441, 36.366249 ], [ -86.972359, 36.366268 ], [ -86.972295, 36.366285 ], [ -86.972251, 36.366298 ], [ -86.972184, 36.366319 ], [ -86.972116, 36.366344 ], [ -86.972089, 36.366354 ], [ -86.971834, 36.366453 ], [ -86.971817, 36.36646 ], [ -86.971796, 36.366471 ], [ -86.971767, 36.366487 ], [ -86.971736, 36.366509 ], [ -86.971706, 36.366536 ], [ -86.971689, 36.366555 ], [ -86.971679, 36.366568 ], [ -86.971669, 36.366581 ], [ -86.971658, 36.3666 ], [ -86.97165, 36.366616 ], [ -86.971642, 36.366633 ], [ -86.971638, 36.366646 ], [ -86.971634, 36.366661 ], [ -86.971623, 36.366695 ], [ -86.971518, 36.367 ], [ -86.971434, 36.367386 ], [ -86.971448, 36.367891 ], [ -86.971453, 36.36803 ], [ -86.97145, 36.368169 ], [ -86.97144, 36.368308 ], [ -86.971427, 36.368399 ], [ -86.971426, 36.368435 ], [ -86.971404, 36.368522 ], [ -86.971373, 36.368644 ], [ -86.971334, 36.368764 ], [ -86.971288, 36.368883 ], [ -86.971239, 36.368992 ], [ -86.971183, 36.369099 ], [ -86.971121, 36.369203 ], [ -86.971053, 36.369306 ], [ -86.97098, 36.369406 ], [ -86.97089, 36.369524 ], [ -86.970822, 36.369607 ], [ -86.970772, 36.369668 ], [ -86.970741, 36.369712 ], [ -86.970715, 36.369758 ], [ -86.970694, 36.369805 ], [ -86.970679, 36.369854 ], [ -86.970668, 36.369907 ], [ -86.970665, 36.36996 ], [ -86.970667, 36.370013 ], [ -86.970676, 36.370066 ], [ -86.970691, 36.370118 ], [ -86.970701, 36.370138 ], [ -86.970711, 36.370157 ], [ -86.970719, 36.370189 ], [ -86.970727, 36.370215 ], [ -86.970735, 36.370239 ], [ -86.970744, 36.370262 ], [ -86.970749, 36.370275 ], [ -86.9708, 36.370395 ], [ -86.970799, 36.370429 ], [ -86.971085, 36.371572 ], [ -86.971207, 36.372303 ], [ -86.971145, 36.372661 ], [ -86.971119, 36.37282 ], [ -86.970983, 36.373171 ], [ -86.97078, 36.373391 ], [ -86.969271, 36.37365 ], [ -86.96924, 36.373657 ], [ -86.968245, 36.373914 ], [ -86.96766, 36.374024 ], [ -86.967225, 36.374046 ], [ -86.965771, 36.37408 ], [ -86.965289, 36.374283 ], [ -86.964922, 36.374492 ], [ -86.96477, 36.374662 ], [ -86.964752, 36.374684 ], [ -86.96467, 36.375053 ], [ -86.96453, 36.375173 ], [ -86.964609, 36.37542 ], [ -86.964606, 36.375772 ], [ -86.96474, 36.376106 ], [ -86.964407, 36.376322 ], [ -86.964134, 36.376595 ], [ -86.963885, 36.376675 ], [ -86.963477, 36.376713 ], [ -86.963354, 36.376725 ], [ -86.962311, 36.377128 ], [ -86.959469, 36.377119 ], [ -86.959194, 36.377077 ], [ -86.958516, 36.376973 ], [ -86.957774, 36.376779 ], [ -86.957416, 36.376695 ], [ -86.957022, 36.376687 ], [ -86.956681, 36.376767 ], [ -86.956418, 36.376899 ], [ -86.955697, 36.377565 ], [ -86.955128, 36.378012 ], [ -86.954495, 36.37865 ], [ -86.954148, 36.378872 ], [ -86.953343, 36.378904 ], [ -86.952407, 36.378669 ], [ -86.951959, 36.378675 ], [ -86.950711, 36.378957 ], [ -86.94969, 36.37932 ], [ -86.94934, 36.379377 ], [ -86.946996, 36.379096 ], [ -86.946608, 36.379047 ], [ -86.944607, 36.378446 ], [ -86.943871, 36.378297 ], [ -86.943301, 36.378226 ], [ -86.943171, 36.37823 ], [ -86.941695, 36.37828 ], [ -86.941189, 36.378407 ], [ -86.941076, 36.378514 ], [ -86.938049, 36.379856 ], [ -86.937628, 36.380122 ], [ -86.937254, 36.381116 ], [ -86.936923, 36.381655 ], [ -86.936677, 36.382621 ], [ -86.936617, 36.383162 ], [ -86.936701, 36.383607 ], [ -86.936597, 36.38406 ], [ -86.936618, 36.384486 ], [ -86.93728, 36.385688 ], [ -86.937459, 36.386346 ], [ -86.936992, 36.387643 ], [ -86.936816, 36.387803 ], [ -86.93648, 36.38798 ], [ -86.936177, 36.38802 ], [ -86.935876, 36.387953 ], [ -86.935191, 36.387493 ], [ -86.934837, 36.38704 ], [ -86.934242, 36.386051 ], [ -86.933434, 36.384983 ], [ -86.932974, 36.384506 ], [ -86.9324, 36.384108 ], [ -86.931375, 36.383608 ], [ -86.929917, 36.383156 ], [ -86.928329, 36.382573 ], [ -86.927937, 36.382513 ], [ -86.927556, 36.382769 ], [ -86.92691, 36.383087 ], [ -86.926489, 36.383353 ], [ -86.925919, 36.383431 ], [ -86.925331, 36.38357 ], [ -86.924664, 36.383855 ], [ -86.924247, 36.384394 ], [ -86.923843, 36.384841 ], [ -86.923578, 36.385066 ], [ -86.921133, 36.38638 ], [ -86.920403, 36.386734 ], [ -86.919934, 36.386962 ], [ -86.919582, 36.387092 ], [ -86.919384, 36.3871 ], [ -86.919047, 36.387042 ], [ -86.918789, 36.386858 ], [ -86.918596, 36.386626 ], [ -86.918383, 36.385938 ], [ -86.918113, 36.385657 ], [ -86.917906, 36.385651 ], [ -86.917328, 36.385852 ], [ -86.916938, 36.385845 ], [ -86.916477, 36.385714 ], [ -86.916359, 36.385456 ], [ -86.915794, 36.384848 ], [ -86.91525, 36.38378 ], [ -86.915093, 36.383624 ], [ -86.914416, 36.383147 ], [ -86.913233, 36.382621 ], [ -86.913223, 36.38261 ], [ -86.913216, 36.382601 ], [ -86.913212, 36.382591 ], [ -86.912767, 36.381954 ], [ -86.912376, 36.381254 ], [ -86.912054, 36.380851 ], [ -86.911129, 36.380302 ], [ -86.911069, 36.380252 ], [ -86.911042, 36.380251 ], [ -86.910818, 36.380118 ], [ -86.910785, 36.380088 ], [ -86.910051, 36.379416 ], [ -86.909807, 36.379192 ], [ -86.910818, 36.378123 ], [ -86.912073, 36.377148 ], [ -86.912199, 36.377554 ], [ -86.912245, 36.377516 ], [ -86.912412, 36.377345 ], [ -86.912579, 36.377256 ], [ -86.912709, 36.377211 ], [ -86.912639, 36.377939 ], [ -86.914937, 36.378073 ], [ -86.916058, 36.373512 ], [ -86.914732, 36.373346 ], [ -86.915379, 36.372057 ], [ -86.915962, 36.370893 ], [ -86.915625, 36.370867 ], [ -86.915255, 36.371037 ], [ -86.915151, 36.371037 ], [ -86.91497, 36.371078 ], [ -86.914859, 36.371092 ], [ -86.914759, 36.371118 ], [ -86.914652, 36.371114 ], [ -86.914514, 36.371139 ], [ -86.914405, 36.371129 ], [ -86.914378, 36.371124 ], [ -86.914356, 36.37112 ], [ -86.914327, 36.371119 ], [ -86.914299, 36.371105 ], [ -86.914274, 36.371097 ], [ -86.914249, 36.371088 ], [ -86.914224, 36.371078 ], [ -86.9142, 36.371067 ], [ -86.914177, 36.371055 ], [ -86.914154, 36.371043 ], [ -86.914064, 36.371045 ], [ -86.914052, 36.37105 ], [ -86.914037, 36.371058 ], [ -86.914023, 36.371065 ], [ -86.914008, 36.371072 ], [ -86.913994, 36.37108 ], [ -86.91398, 36.371088 ], [ -86.913965, 36.371096 ], [ -86.913952, 36.371104 ], [ -86.913938, 36.371113 ], [ -86.913924, 36.371121 ], [ -86.913873, 36.371188 ], [ -86.913722, 36.371272 ], [ -86.913622, 36.371293 ], [ -86.913363, 36.371297 ], [ -86.913323, 36.371299 ], [ -86.913288, 36.371302 ], [ -86.913253, 36.371307 ], [ -86.913218, 36.371314 ], [ -86.913195, 36.371319 ], [ -86.91315, 36.371332 ], [ -86.913118, 36.371343 ], [ -86.913086, 36.371356 ], [ -86.913055, 36.37137 ], [ -86.913025, 36.371385 ], [ -86.912691, 36.371614 ], [ -86.912665, 36.371631 ], [ -86.912638, 36.371647 ], [ -86.912609, 36.37166 ], [ -86.912579, 36.371672 ], [ -86.912548, 36.371682 ], [ -86.912517, 36.37169 ], [ -86.912484, 36.371696 ], [ -86.912451, 36.3717 ], [ -86.912418, 36.371702 ], [ -86.912385, 36.371702 ], [ -86.912349, 36.371698 ], [ -86.912314, 36.371695 ], [ -86.912278, 36.371693 ], [ -86.912242, 36.371692 ], [ -86.912206, 36.371691 ], [ -86.912171, 36.371692 ], [ -86.912135, 36.371693 ], [ -86.912099, 36.371695 ], [ -86.912064, 36.371698 ], [ -86.912028, 36.371702 ], [ -86.911993, 36.371707 ], [ -86.911958, 36.371712 ], [ -86.911923, 36.371719 ], [ -86.911583, 36.371906 ], [ -86.911424, 36.372087 ], [ -86.911344, 36.372174 ], [ -86.909818, 36.372128 ], [ -86.909864, 36.372076 ], [ -86.909903, 36.372028 ], [ -86.90994, 36.37198 ], [ -86.909992, 36.371906 ], [ -86.91004, 36.37183 ], [ -86.910069, 36.371778 ], [ -86.910096, 36.371725 ], [ -86.910121, 36.371672 ], [ -86.910131, 36.371658 ], [ -86.909913, 36.371714 ], [ -86.909958, 36.371567 ], [ -86.90991, 36.371215 ], [ -86.909849, 36.371137 ], [ -86.909583, 36.370799 ], [ -86.908488, 36.370416 ], [ -86.90828, 36.370313 ], [ -86.908151, 36.370249 ], [ -86.907947, 36.370018 ], [ -86.907879, 36.369879 ], [ -86.907819, 36.369757 ], [ -86.907794, 36.369559 ], [ -86.907789, 36.369512 ], [ -86.907801, 36.369372 ], [ -86.908011, 36.368869 ], [ -86.908004, 36.368596 ], [ -86.908004, 36.368554 ], [ -86.907866, 36.368373 ], [ -86.907814, 36.368334 ], [ -86.907294, 36.367948 ], [ -86.90725, 36.367916 ], [ -86.90694, 36.367574 ], [ -86.906503, 36.366955 ], [ -86.906275, 36.366532 ], [ -86.906262, 36.366346 ], [ -86.906254, 36.366218 ], [ -86.906358, 36.365955 ], [ -86.90649, 36.36576 ], [ -86.906781, 36.365328 ], [ -86.907146, 36.364934 ], [ -86.907259, 36.364885 ], [ -86.907454, 36.364889 ], [ -86.907874, 36.364899 ], [ -86.909191, 36.364021 ], [ -86.909598, 36.363692 ], [ -86.910001, 36.363278 ], [ -86.910308, 36.362736 ], [ -86.910419, 36.362348 ], [ -86.910456, 36.362222 ], [ -86.910446, 36.361664 ], [ -86.910328, 36.361291 ], [ -86.910202, 36.361024 ], [ -86.909959, 36.360493 ], [ -86.911127, 36.357261 ], [ -86.913143, 36.351668 ], [ -86.913651, 36.35026 ], [ -86.915178, 36.346037 ], [ -86.915687, 36.34463 ], [ -86.915878, 36.344118 ], [ -86.916455, 36.342585 ], [ -86.916647, 36.342074 ], [ -86.916795, 36.341679 ], [ -86.917177, 36.340664 ], [ -86.917241, 36.340494 ], [ -86.917398, 36.340075 ], [ -86.917466, 36.33989 ], [ -86.917518, 36.339757 ], [ -86.917522, 36.339746 ], [ -86.917903, 36.338692 ], [ -86.918202, 36.337867 ], [ -86.918709, 36.336463 ], [ -86.920233, 36.332256 ], [ -86.920742, 36.330855 ], [ -86.920753, 36.330825 ], [ -86.920798, 36.3307 ], [ -86.921282, 36.329763 ], [ -86.921315, 36.329702 ], [ -86.921472, 36.329401 ], [ -86.921493, 36.32936 ], [ -86.921506, 36.329332 ], [ -86.922026, 36.328055 ], [ -86.922747, 36.326466 ], [ -86.922975, 36.325963 ], [ -86.923258, 36.325427 ], [ -86.923272, 36.325379 ], [ -86.923296, 36.325301 ], [ -86.92516, 36.322068 ], [ -86.932768, 36.308922 ], [ -86.933299, 36.308017 ], [ -86.933327, 36.307968 ], [ -86.933562, 36.307549 ], [ -86.933571, 36.307533 ], [ -86.940536, 36.295111 ], [ -86.940573, 36.295041 ], [ -86.942331, 36.291822 ], [ -86.942368, 36.291759 ], [ -86.943681, 36.289461 ], [ -86.944061, 36.28881 ], [ -86.947789, 36.282426 ], [ -86.947873, 36.282367 ], [ -86.94878, 36.281763 ], [ -86.948967, 36.281638 ], [ -86.949156, 36.281514 ], [ -86.956118, 36.276883 ], [ -86.956183, 36.276863 ], [ -86.956393, 36.27673 ], [ -86.956513, 36.276634 ], [ -86.95771, 36.275797 ], [ -86.959873, 36.272395 ], [ -86.960138, 36.271983 ], [ -86.963358, 36.267004 ], [ -86.965629, 36.263488 ], [ -86.966046, 36.262844 ], [ -86.966055, 36.262831 ], [ -86.971356, 36.254628 ], [ -86.971728, 36.25405 ], [ -86.972443, 36.252942 ], [ -86.974404, 36.249908 ], [ -86.97461, 36.249374 ], [ -86.974766, 36.248978 ], [ -86.975236, 36.247792 ], [ -86.975393, 36.247397 ], [ -86.977642, 36.241657 ], [ -86.982903, 36.228235 ], [ -86.983825, 36.225882 ], [ -86.984007, 36.225419 ], [ -86.98394, 36.225257 ], [ -86.983602, 36.22446 ], [ -86.981229, 36.218848 ], [ -86.981204, 36.218788 ], [ -86.981171, 36.218711 ], [ -86.981149, 36.218658 ], [ -86.981025, 36.218428 ], [ -86.980751, 36.21792 ], [ -86.980674, 36.217777 ], [ -86.980416, 36.217289 ], [ -86.980414, 36.216995 ], [ -86.980411, 36.216731 ], [ -86.980404, 36.216692 ], [ -86.98041, 36.216531 ], [ -86.980417, 36.216369 ], [ -86.980596, 36.215921 ], [ -86.980924, 36.215662 ], [ -86.98154, 36.215308 ], [ -86.981781, 36.215039 ], [ -86.982058, 36.214247 ], [ -86.982152, 36.213981 ], [ -86.982205, 36.213832 ], [ -86.982253, 36.213876 ], [ -86.98233, 36.213704 ], [ -86.982381, 36.213718 ], [ -86.982427, 36.21373 ], [ -86.984018, 36.214237 ], [ -86.983981, 36.214321 ], [ -86.984077, 36.214437 ], [ -86.98447, 36.214519 ], [ -86.984581, 36.214541 ], [ -86.984902, 36.214607 ], [ -86.984915, 36.214611 ], [ -86.985023, 36.214647 ], [ -86.985422, 36.214771 ], [ -86.985606, 36.214828 ], [ -86.986518, 36.215109 ], [ -86.987358, 36.215369 ], [ -86.987831, 36.215515 ], [ -86.98789, 36.215414 ], [ -86.987922, 36.215356 ], [ -86.988021, 36.215184 ], [ -86.988055, 36.215127 ], [ -86.988205, 36.214438 ], [ -86.988046, 36.214392 ], [ -86.988032, 36.214388 ], [ -86.987884, 36.214346 ], [ -86.987878, 36.214363 ], [ -86.987751, 36.214688 ], [ -86.987668, 36.214898 ], [ -86.987282, 36.214787 ], [ -86.985794, 36.214408 ], [ -86.985233, 36.214265 ], [ -86.984966, 36.214151 ], [ -86.984609, 36.213997 ], [ -86.984262, 36.213846 ], [ -86.984312, 36.21368 ], [ -86.984379, 36.213454 ], [ -86.984547, 36.212892 ], [ -86.984698, 36.212307 ], [ -86.984805, 36.211976 ], [ -86.984849, 36.21184 ], [ -86.984855, 36.211813 ], [ -86.985041, 36.211001 ], [ -86.985158, 36.210479 ], [ -86.985255, 36.210061 ], [ -86.985206, 36.210054 ], [ -86.985033, 36.209966 ], [ -86.984821, 36.209858 ], [ -86.984281, 36.209685 ], [ -86.983978, 36.209631 ], [ -86.983613, 36.209566 ], [ -86.983638, 36.209422 ], [ -86.983642, 36.209401 ], [ -86.983719, 36.208996 ], [ -86.983749, 36.208855 ], [ -86.983972, 36.207654 ], [ -86.98423, 36.206274 ], [ -86.98444, 36.205147 ], [ -86.984643, 36.204052 ], [ -86.984867, 36.202852 ], [ -86.984906, 36.202643 ], [ -86.985803, 36.197833 ], [ -86.988102, 36.185519 ], [ -86.988613, 36.182776 ], [ -86.988845, 36.181533 ], [ -86.989551, 36.177758 ], [ -86.989729, 36.176802 ], [ -86.990255, 36.173982 ], [ -86.990264, 36.173935 ], [ -86.990443, 36.17298 ], [ -86.9905, 36.172671 ], [ -86.990673, 36.171747 ], [ -86.990731, 36.171439 ], [ -86.991006, 36.169958 ], [ -86.991644, 36.16654 ], [ -86.991835, 36.165518 ], [ -86.99206, 36.164312 ], [ -86.992111, 36.164038 ], [ -86.992334, 36.162812 ], [ -86.992566, 36.161304 ], [ -86.993832, 36.153085 ], [ -86.994254, 36.150346 ], [ -86.994568, 36.148298 ], [ -86.995513, 36.142157 ], [ -86.995828, 36.14011 ], [ -86.995979, 36.139168 ], [ -86.996436, 36.136344 ], [ -86.996589, 36.135403 ], [ -86.996742, 36.134458 ], [ -86.997157, 36.131911 ], [ -86.997203, 36.131625 ], [ -86.997357, 36.130681 ], [ -86.997438, 36.130174 ], [ -86.997617, 36.129058 ], [ -86.997659, 36.128797 ], [ -86.997681, 36.128656 ], [ -86.997705, 36.128512 ], [ -86.997976, 36.128266 ], [ -86.999889, 36.126515 ], [ -87.001294, 36.12523 ], [ -87.008176, 36.119531 ], [ -87.015238, 36.113714 ], [ -87.019241, 36.110388 ], [ -87.020707, 36.109171 ], [ -87.021306, 36.108672 ], [ -87.027778, 36.103301 ], [ -87.029333, 36.10201 ], [ -87.032109, 36.099626 ], [ -87.03264, 36.099171 ], [ -87.037546, 36.094943 ], [ -87.038168, 36.094418 ], [ -87.038173, 36.094314 ], [ -87.038179, 36.094197 ], [ -87.038181, 36.094169 ], [ -87.038192, 36.093952 ], [ -87.0382, 36.09382 ], [ -87.038201, 36.093796 ], [ -87.038214, 36.093561 ], [ -87.038243, 36.092987 ], [ -87.038337, 36.091189 ], [ -87.038354, 36.090842 ], [ -87.038613, 36.086724 ], [ -87.035511, 36.086431 ], [ -87.035512, 36.086191 ], [ -87.035527, 36.085855 ], [ -87.035528, 36.085542 ], [ -87.035519, 36.085391 ], [ -87.035508, 36.085199 ], [ -87.035447, 36.085006 ], [ -87.035412, 36.084703 ], [ -87.035355, 36.084215 ], [ -87.035302, 36.083645 ], [ -87.035262, 36.083316 ], [ -87.035327, 36.08296 ], [ -87.035342, 36.082874 ], [ -87.035401, 36.082716 ], [ -87.035464, 36.08262 ], [ -87.035567, 36.082571 ], [ -87.035584, 36.08255 ], [ -87.035668, 36.0824 ], [ -87.035728, 36.082335 ], [ -87.035997, 36.082228 ], [ -87.036297, 36.082133 ], [ -87.03651, 36.082086 ], [ -87.036671, 36.082047 ], [ -87.03681, 36.082024 ], [ -87.0377, 36.081982 ], [ -87.038032, 36.082011 ], [ -87.03832, 36.082037 ], [ -87.038551, 36.082086 ], [ -87.038556, 36.082014 ], [ -87.038562, 36.081943 ], [ -87.03858, 36.081705 ], [ -87.038667, 36.080565 ], [ -87.038696, 36.080185 ], [ -87.038715, 36.079928 ], [ -87.038764, 36.079277 ], [ -87.038769, 36.079204 ], [ -87.038772, 36.079156 ], [ -87.038792, 36.0789 ], [ -87.038805, 36.078718 ], [ -87.039004, 36.077318 ], [ -87.039179, 36.073989 ], [ -87.039573, 36.066507 ], [ -87.039786, 36.062463 ], [ -87.039956, 36.05922 ], [ -87.040216, 36.054297 ], [ -87.040225, 36.054134 ], [ -87.04027, 36.053439 ], [ -87.040438, 36.050866 ], [ -87.040495, 36.050009 ], [ -87.040502, 36.049918 ], [ -87.040524, 36.049647 ], [ -87.040532, 36.049557 ], [ -87.040641, 36.047896 ], [ -87.04097, 36.042914 ], [ -87.04101, 36.042322 ], [ -87.041321, 36.041473 ], [ -87.041342, 36.041388 ], [ -87.041362, 36.041312 ], [ -87.041583, 36.041897 ], [ -87.041764, 36.04215 ], [ -87.041864, 36.042367 ], [ -87.042127, 36.042705 ], [ -87.042362, 36.042894 ], [ -87.042778, 36.043088 ], [ -87.043385, 36.043302 ], [ -87.04369, 36.043498 ], [ -87.043836, 36.043942 ], [ -87.043863, 36.044289 ], [ -87.044195, 36.044901 ], [ -87.044261, 36.045143 ], [ -87.04429, 36.045565 ], [ -87.044156, 36.04623 ], [ -87.044124, 36.046393 ], [ -87.044186, 36.046632 ], [ -87.044501, 36.046874 ], [ -87.044713, 36.046921 ], [ -87.045219, 36.047144 ], [ -87.04565, 36.047226 ], [ -87.046021, 36.047198 ], [ -87.046339, 36.047319 ], [ -87.046732, 36.04728 ], [ -87.046921, 36.047241 ], [ -87.04703, 36.04721 ], [ -87.047217, 36.047144 ], [ -87.047722, 36.046919 ], [ -87.047858, 36.046863 ], [ -87.047942, 36.046823 ], [ -87.048131, 36.046803 ], [ -87.04855, 36.046763 ], [ -87.048849, 36.046748 ], [ -87.04909, 36.046742 ], [ -87.049461, 36.046831 ], [ -87.04956, 36.046874 ], [ -87.049617, 36.046899 ], [ -87.049681, 36.046938 ], [ -87.049772, 36.04701 ], [ -87.049837, 36.047075 ], [ -87.049956, 36.047249 ], [ -87.050048, 36.047425 ], [ -87.050248, 36.047807 ], [ -87.050388, 36.048047 ], [ -87.050597, 36.04856 ], [ -87.050646, 36.048637 ], [ -87.050698, 36.048713 ], [ -87.050768, 36.048791 ], [ -87.050849, 36.048872 ], [ -87.050933, 36.048961 ], [ -87.051005, 36.049023 ], [ -87.051082, 36.049082 ], [ -87.051207, 36.049159 ], [ -87.051324, 36.049217 ], [ -87.051742, 36.049377 ], [ -87.052153, 36.049476 ], [ -87.052449, 36.049551 ], [ -87.053163, 36.049667 ], [ -87.05341, 36.04973 ], [ -87.053709, 36.049807 ], [ -87.053992, 36.049858 ], [ -87.054089, 36.049883 ], [ -87.054172, 36.049923 ], [ -87.054233, 36.049945 ], [ -87.054381, 36.049966 ], [ -87.054676, 36.049975 ], [ -87.054705, 36.049986 ], [ -87.05453, 36.048776 ], [ -87.053722, 36.045582 ], [ -87.05667, 36.045327 ], [ -87.060979, 36.044977 ], [ -87.06434, 36.044703 ], [ -87.066772, 36.044506 ], [ -87.066897, 36.044499 ], [ -87.067512, 36.04446 ], [ -87.06773, 36.04445 ], [ -87.070232, 36.044342 ], [ -87.071066, 36.044307 ], [ -87.072375, 36.044262 ], [ -87.076306, 36.044127 ], [ -87.077616, 36.044083 ], [ -87.077976, 36.044071 ], [ -87.078347, 36.04406 ], [ -87.07906, 36.044038 ], [ -87.079422, 36.044027 ], [ -87.07944, 36.044025 ], [ -87.079497, 36.044023 ], [ -87.079516, 36.044022 ], [ -87.080244, 36.043997 ], [ -87.082431, 36.043926 ], [ -87.08316, 36.043902 ], [ -87.083306, 36.043897 ], [ -87.083744, 36.043882 ], [ -87.08389, 36.043878 ], [ -87.083911, 36.043877 ], [ -87.083961, 36.043876 ], [ -87.084008, 36.043874 ], [ -87.08436, 36.043864 ], [ -87.084916, 36.043805 ], [ -87.085304, 36.043761 ], [ -87.085365, 36.043805 ], [ -87.092814, 36.044249 ], [ -87.093767, 36.044309 ], [ -87.096629, 36.044492 ], [ -87.097583, 36.044553 ], [ -87.09767, 36.044559 ], [ -87.097705, 36.044562 ], [ -87.097921, 36.044633 ], [ -87.098005, 36.044661 ], [ -87.099628, 36.044762 ], [ -87.1045, 36.045065 ], [ -87.106124, 36.045167 ], [ -87.107027, 36.045225 ], [ -87.109737, 36.0454 ], [ -87.110641, 36.045459 ], [ -87.113274, 36.045625 ], [ -87.121173, 36.046125 ], [ -87.123548, 36.046276 ], [ -87.123798, 36.046352 ], [ -87.123818, 36.046359 ], [ -87.12404, 36.046426 ], [ -87.124503, 36.046514 ], [ -87.125, 36.04661 ], [ -87.126598, 36.046751 ], [ -87.127299, 36.046814 ], [ -87.12733, 36.046818 ], [ -87.127423, 36.04683 ], [ -87.127455, 36.046835 ], [ -87.130158, 36.047069 ], [ -87.131602, 36.047195 ], [ -87.132065, 36.047236 ], [ -87.134698, 36.047458 ], [ -87.138271, 36.04773 ], [ -87.139806, 36.047847 ], [ -87.140978, 36.047931 ], [ -87.141497, 36.047967 ], [ -87.142341, 36.048028 ], [ -87.143058, 36.048056 ], [ -87.143333, 36.048067 ], [ -87.143579, 36.048077 ], [ -87.143659, 36.04808 ], [ -87.143899, 36.048089 ], [ -87.143979, 36.048093 ], [ -87.144006, 36.048094 ], [ -87.14409, 36.048097 ], [ -87.144118, 36.048098 ], [ -87.144876, 36.048129 ], [ -87.145239, 36.048143 ], [ -87.148605, 36.048273 ], [ -87.149431, 36.048305 ], [ -87.149727, 36.048317 ], [ -87.150245, 36.048338 ], [ -87.151801, 36.048401 ], [ -87.15232, 36.048422 ], [ -87.153533, 36.048471 ], [ -87.154421, 36.048507 ], [ -87.157173, 36.048648 ], [ -87.158387, 36.048708 ], [ -87.160251, 36.048803 ], [ -87.160371, 36.04881 ], [ -87.163154, 36.048922 ], [ -87.165847, 36.049067 ], [ -87.167712, 36.049168 ], [ -87.16812, 36.049169 ], [ -87.169345, 36.049172 ], [ -87.169754, 36.049174 ], [ -87.169848, 36.049166 ], [ -87.170132, 36.049146 ], [ -87.170161, 36.049144 ], [ -87.170221, 36.049172 ], [ -87.172646, 36.04928 ], [ -87.179922, 36.049607 ], [ -87.182348, 36.049716 ], [ -87.182393, 36.049717 ], [ -87.182507, 36.049723 ], [ -87.182528, 36.049723 ], [ -87.182573, 36.049726 ], [ -87.182564, 36.049763 ], [ -87.182541, 36.049876 ], [ -87.182533, 36.049914 ], [ -87.182269, 36.051123 ], [ -87.181981, 36.052446 ], [ -87.181762, 36.053455 ], [ -87.181028, 36.05681 ], [ -87.180321, 36.060041 ], [ -87.179898, 36.061981 ], [ -87.179769, 36.062573 ], [ -87.179554, 36.063566 ], [ -87.179052, 36.065888 ], [ -87.178905, 36.066544 ], [ -87.178772, 36.067147 ], [ -87.178674, 36.067393 ], [ -87.178649, 36.067456 ], [ -87.178624, 36.067518 ], [ -87.178302, 36.067682 ], [ -87.177981, 36.067845 ], [ -87.176726, 36.068405 ], [ -87.176292, 36.068653 ], [ -87.176014, 36.068929 ], [ -87.175869, 36.069264 ], [ -87.175651, 36.069407 ], [ -87.175425, 36.069558 ], [ -87.174342, 36.06998 ], [ -87.173681, 36.070051 ], [ -87.173222, 36.070291 ], [ -87.173138, 36.070565 ], [ -87.173127, 36.070885 ], [ -87.173563, 36.072879 ], [ -87.17369, 36.073257 ], [ -87.173851, 36.073511 ], [ -87.174056, 36.074135 ], [ -87.174191, 36.07484 ], [ -87.174115, 36.075149 ], [ -87.174134, 36.075289 ], [ -87.174314, 36.075822 ], [ -87.174739, 36.077074 ], [ -87.174995, 36.077679 ], [ -87.175232, 36.078117 ], [ -87.175791, 36.079147 ], [ -87.175994, 36.07972 ], [ -87.176567, 36.080676 ], [ -87.176762, 36.081368 ], [ -87.176772, 36.081473 ], [ -87.176803, 36.081791 ], [ -87.176808, 36.08184 ], [ -87.176804, 36.081898 ], [ -87.176781, 36.082193 ], [ -87.176718, 36.0824 ], [ -87.176599, 36.08255 ], [ -87.176426, 36.082662 ], [ -87.176367, 36.082701 ], [ -87.176115, 36.082769 ], [ -87.175804, 36.082769 ], [ -87.175279, 36.082679 ], [ -87.173799, 36.082211 ], [ -87.173582, 36.082143 ], [ -87.173006, 36.08178 ], [ -87.173006, 36.08184 ], [ -87.173005, 36.081901 ], [ -87.173003, 36.082338 ], [ -87.172996, 36.084015 ], [ -87.172994, 36.084573 ], [ -87.172988, 36.08584 ], [ -87.172972, 36.089638 ], [ -87.172966, 36.090911 ], [ -87.172962, 36.091727 ], [ -87.172953, 36.094193 ], [ -87.172951, 36.095017 ], [ -87.17295, 36.095067 ], [ -87.17295, 36.095222 ], [ -87.17295, 36.095274 ], [ -87.17295, 36.095292 ], [ -87.17295, 36.095346 ], [ -87.17295, 36.095364 ], [ -87.172949, 36.095382 ], [ -87.172948, 36.095438 ], [ -87.172948, 36.095457 ], [ -87.172944, 36.095729 ], [ -87.172932, 36.096883 ], [ -87.172927, 36.097316 ], [ -87.172922, 36.097792 ], [ -87.172869, 36.102892 ], [ -87.172852, 36.104753 ], [ -87.172841, 36.105685 ], [ -87.172819, 36.107615 ], [ -87.172805, 36.10849 ], [ -87.172791, 36.109425 ], [ -87.172799, 36.109533 ], [ -87.172782, 36.109625 ], [ -87.172677, 36.110222 ], [ -87.172643, 36.110421 ], [ -87.172589, 36.110729 ], [ -87.17243, 36.111657 ], [ -87.172378, 36.111966 ], [ -87.172351, 36.112115 ], [ -87.172274, 36.112565 ], [ -87.172249, 36.112715 ], [ -87.17181, 36.115264 ], [ -87.170496, 36.122911 ], [ -87.170128, 36.125058 ], [ -87.170105, 36.125466 ], [ -87.170101, 36.125544 ], [ -87.169981, 36.126346 ], [ -87.169672, 36.128418 ], [ -87.169588, 36.128984 ], [ -87.16946, 36.129864 ], [ -87.169406, 36.13022 ], [ -87.169246, 36.131289 ], [ -87.169196, 36.131627 ], [ -87.169194, 36.131646 ], [ -87.169036, 36.132707 ], [ -87.168564, 36.135888 ], [ -87.168409, 36.136949 ], [ -87.168328, 36.137485 ], [ -87.168088, 36.139098 ], [ -87.16801, 36.139636 ], [ -87.168004, 36.139677 ], [ -87.167975, 36.139867 ], [ -87.16789, 36.140438 ], [ -87.167863, 36.140629 ], [ -87.167851, 36.140704 ], [ -87.167818, 36.140928 ], [ -87.167807, 36.141004 ], [ -87.167738, 36.141475 ], [ -87.167531, 36.14289 ], [ -87.167465, 36.143362 ], [ -87.167425, 36.143603 ], [ -87.167314, 36.144333 ], [ -87.167289, 36.144504 ], [ -87.167278, 36.144579 ], [ -87.167118, 36.145656 ], [ -87.166639, 36.14889 ], [ -87.16648, 36.149968 ], [ -87.166411, 36.150428 ], [ -87.166206, 36.15181 ], [ -87.166139, 36.152271 ], [ -87.166065, 36.152762 ], [ -87.165847, 36.154242 ], [ -87.165845, 36.154261 ], [ -87.165832, 36.154355 ], [ -87.165812, 36.154477 ], [ -87.165809, 36.154501 ], [ -87.165786, 36.154667 ], [ -87.165776, 36.154736 ], [ -87.16579, 36.154728 ], [ -87.165856, 36.15467 ], [ -87.165928, 36.154613 ], [ -87.166506, 36.154591 ], [ -87.167266, 36.154804 ], [ -87.167918, 36.155115 ], [ -87.168838, 36.155987 ], [ -87.16918, 36.156447 ], [ -87.169691, 36.156988 ], [ -87.170161, 36.157572 ], [ -87.170657, 36.158187 ], [ -87.17106, 36.158614 ], [ -87.171231, 36.159021 ], [ -87.171903, 36.160064 ], [ -87.172102, 36.160499 ], [ -87.172257, 36.1612 ], [ -87.172328, 36.161875 ], [ -87.172317, 36.162374 ], [ -87.172238, 36.162725 ], [ -87.171682, 36.164267 ], [ -87.171317, 36.165072 ], [ -87.170827, 36.165953 ], [ -87.169387, 36.167587 ], [ -87.168861, 36.168025 ], [ -87.168729, 36.168204 ], [ -87.168423, 36.168465 ], [ -87.167919, 36.168817 ], [ -87.167706, 36.168949 ], [ -87.167493, 36.169081 ], [ -87.167255, 36.169228 ], [ -87.165023, 36.169639 ], [ -87.164698, 36.16977 ], [ -87.164289, 36.169937 ], [ -87.163102, 36.170647 ], [ -87.162284, 36.171402 ], [ -87.161644, 36.172099 ], [ -87.161582, 36.172167 ], [ -87.161519, 36.172235 ], [ -87.161292, 36.172229 ], [ -87.160816, 36.172372 ], [ -87.160595, 36.172393 ], [ -87.160372, 36.172383 ], [ -87.160213, 36.172261 ], [ -87.160057, 36.172262 ], [ -87.159632, 36.172262 ], [ -87.159175, 36.17238 ], [ -87.158327, 36.172432 ], [ -87.157724, 36.172571 ], [ -87.157061, 36.172789 ], [ -87.156595, 36.172901 ], [ -87.155909, 36.173163 ], [ -87.155347, 36.173457 ], [ -87.154728, 36.173867 ], [ -87.153817, 36.174374 ], [ -87.152979, 36.174713 ], [ -87.152294, 36.175084 ], [ -87.151578, 36.175379 ], [ -87.150692, 36.175922 ], [ -87.150049, 36.176513 ], [ -87.149876, 36.176878 ], [ -87.149954, 36.177445 ], [ -87.150002, 36.17779 ], [ -87.150332, 36.17868 ], [ -87.150789, 36.179685 ], [ -87.15151, 36.180914 ], [ -87.151772, 36.181471 ], [ -87.152449, 36.182597 ], [ -87.152774, 36.183024 ], [ -87.153299, 36.183554 ], [ -87.153699, 36.184384 ], [ -87.154238, 36.185205 ], [ -87.154798, 36.185936 ], [ -87.154821, 36.185965 ], [ -87.155293, 36.186444 ], [ -87.155789, 36.186952 ], [ -87.156402, 36.187654 ], [ -87.156845, 36.188282 ], [ -87.157125, 36.188679 ], [ -87.157553, 36.189345 ], [ -87.157678, 36.189721 ], [ -87.158038, 36.190211 ], [ -87.158152, 36.190592 ], [ -87.15868, 36.191075 ], [ -87.159338, 36.191444 ], [ -87.159605, 36.191573 ], [ -87.160164, 36.191703 ], [ -87.160254, 36.191715 ], [ -87.161749, 36.191931 ], [ -87.162661, 36.192225 ], [ -87.163053, 36.192302 ], [ -87.164428, 36.192453 ], [ -87.165271, 36.192547 ], [ -87.167196, 36.192546 ], [ -87.167542, 36.1925 ], [ -87.16756, 36.192498 ], [ -87.169623, 36.192151 ], [ -87.169756, 36.192046 ], [ -87.169911, 36.192159 ], [ -87.170506, 36.192405 ], [ -87.170812, 36.192614 ], [ -87.171111, 36.192969 ], [ -87.171482, 36.193616 ], [ -87.171758, 36.19455 ], [ -87.171707, 36.195367 ], [ -87.171914, 36.19635 ], [ -87.171933, 36.196738 ], [ -87.171678, 36.19738 ], [ -87.17147, 36.197655 ], [ -87.171066, 36.197998 ], [ -87.170736, 36.19828 ], [ -87.17037, 36.198682 ], [ -87.170209, 36.199053 ], [ -87.169997, 36.200036 ], [ -87.169924, 36.200531 ], [ -87.170027, 36.201164 ], [ -87.170579, 36.202189 ], [ -87.170592, 36.202213 ], [ -87.171432, 36.203502 ], [ -87.171627, 36.203589 ], [ -87.172012, 36.203936 ], [ -87.172203, 36.204064 ], [ -87.172801, 36.204466 ], [ -87.173715, 36.204979 ], [ -87.174023, 36.205285 ], [ -87.174445, 36.205822 ], [ -87.174568, 36.205978 ], [ -87.174957, 36.206636 ], [ -87.175432, 36.207013 ], [ -87.176709, 36.208207 ], [ -87.177401, 36.208715 ], [ -87.17865, 36.209783 ], [ -87.179347, 36.210286 ], [ -87.179848, 36.210586 ], [ -87.180429, 36.210772 ], [ -87.180711, 36.210759 ], [ -87.181278, 36.210734 ], [ -87.182368, 36.210532 ], [ -87.183464, 36.21022 ], [ -87.185164, 36.209898 ], [ -87.186092, 36.209782 ], [ -87.186541, 36.209797 ], [ -87.186798, 36.20986 ], [ -87.187022, 36.209977 ], [ -87.187304, 36.210207 ], [ -87.187503, 36.210443 ], [ -87.187694, 36.21088 ], [ -87.187832, 36.211484 ], [ -87.187968, 36.211783 ], [ -87.187952, 36.211961 ], [ -87.187859, 36.212161 ], [ -87.187718, 36.212312 ], [ -87.187633, 36.212914 ], [ -87.187601, 36.214161 ], [ -87.187392, 36.215181 ], [ -87.186472, 36.217679 ], [ -87.185337, 36.219767 ], [ -87.185029, 36.21997 ], [ -87.184184, 36.220886 ], [ -87.182853, 36.222451 ], [ -87.182744, 36.22294 ], [ -87.182793, 36.223149 ], [ -87.182861, 36.223229 ], [ -87.18297, 36.223355 ], [ -87.182713, 36.223941 ], [ -87.181874, 36.225281 ], [ -87.181545, 36.225747 ], [ -87.18057, 36.226857 ], [ -87.180066, 36.227357 ], [ -87.179217, 36.228044 ], [ -87.178795, 36.228242 ], [ -87.178306, 36.228262 ], [ -87.177837, 36.228025 ], [ -87.177079, 36.227492 ], [ -87.176964, 36.227411 ], [ -87.176491, 36.227209 ], [ -87.175983, 36.226915 ], [ -87.174912, 36.226551 ], [ -87.17426, 36.22642 ], [ -87.173188, 36.226351 ], [ -87.172946, 36.226358 ], [ -87.172114, 36.226386 ], [ -87.171508, 36.226512 ], [ -87.17107, 36.226703 ], [ -87.170089, 36.227378 ], [ -87.169752, 36.227475 ], [ -87.16939, 36.227519 ], [ -87.169043, 36.227563 ], [ -87.168415, 36.227902 ], [ -87.167087, 36.228861 ], [ -87.166569, 36.229486 ], [ -87.166186, 36.23009 ], [ -87.165653, 36.23175 ], [ -87.165454, 36.232664 ], [ -87.165386, 36.232896 ], [ -87.16506, 36.23402 ], [ -87.165052, 36.23491 ], [ -87.164985, 36.235226 ], [ -87.164932, 36.235503 ], [ -87.165001, 36.235782 ], [ -87.165172, 36.236046 ], [ -87.165186, 36.236067 ], [ -87.16559, 36.236399 ], [ -87.166401, 36.237549 ], [ -87.166721, 36.238168 ], [ -87.166742, 36.238208 ], [ -87.16704, 36.238993 ], [ -87.167477, 36.239248 ], [ -87.167781, 36.239762 ], [ -87.168153, 36.240153 ], [ -87.169093, 36.241138 ], [ -87.169759, 36.241836 ], [ -87.170531, 36.24253 ], [ -87.170972, 36.243269 ], [ -87.171018, 36.243623 ], [ -87.17099, 36.2438 ], [ -87.170911, 36.243951 ], [ -87.170905, 36.243964 ], [ -87.170771, 36.244058 ], [ -87.170386, 36.244133 ], [ -87.169806, 36.243959 ], [ -87.169585, 36.24399 ], [ -87.169387, 36.244134 ], [ -87.169443, 36.244379 ], [ -87.169998, 36.245312 ], [ -87.170839, 36.246322 ], [ -87.171117, 36.246538 ], [ -87.171191, 36.246595 ], [ -87.172023, 36.247014 ], [ -87.172937, 36.247392 ], [ -87.174046, 36.247679 ], [ -87.174672, 36.247729 ], [ -87.175479, 36.247733 ], [ -87.175924, 36.247689 ], [ -87.176979, 36.247392 ], [ -87.178134, 36.246919 ], [ -87.179575, 36.246163 ], [ -87.182237, 36.24477 ], [ -87.183498, 36.244089 ], [ -87.183914, 36.244005 ], [ -87.184068, 36.243929 ], [ -87.184247, 36.243682 ], [ -87.184635, 36.243393 ], [ -87.186142, 36.242074 ], [ -87.186401, 36.241936 ], [ -87.186665, 36.241906 ], [ -87.186874, 36.241967 ], [ -87.187174, 36.242178 ], [ -87.187665, 36.242354 ], [ -87.188268, 36.24283 ], [ -87.188703, 36.243082 ], [ -87.189244, 36.243251 ], [ -87.190134, 36.243204 ], [ -87.191358, 36.243555 ], [ -87.191569, 36.243687 ], [ -87.191682, 36.24383 ], [ -87.191983, 36.243984 ], [ -87.192658, 36.244203 ], [ -87.193002, 36.244432 ], [ -87.193346, 36.24466 ], [ -87.194005, 36.245311 ], [ -87.193844, 36.245552 ], [ -87.193964, 36.245794 ], [ -87.194045, 36.245936 ], [ -87.194127, 36.246078 ], [ -87.194168, 36.24633 ], [ -87.194013, 36.247052 ], [ -87.193742, 36.248082 ], [ -87.193301, 36.248969 ], [ -87.192733, 36.249666 ], [ -87.19232, 36.250054 ], [ -87.192142, 36.250319 ], [ -87.191398, 36.251133 ], [ -87.190848, 36.25162 ], [ -87.190504, 36.251925 ], [ -87.189649, 36.252619 ], [ -87.188824, 36.253305 ], [ -87.187929, 36.254032 ], [ -87.186837, 36.254857 ], [ -87.186368, 36.255158 ], [ -87.18597, 36.255414 ], [ -87.185732, 36.255568 ], [ -87.185517, 36.255709 ], [ -87.184874, 36.25599 ], [ -87.183916, 36.256427 ], [ -87.183786, 36.256492 ], [ -87.183323, 36.256723 ], [ -87.183002, 36.25703 ], [ -87.182974, 36.257056 ], [ -87.182588, 36.257424 ], [ -87.182485, 36.257706 ], [ -87.182455, 36.257786 ], [ -87.182387, 36.257975 ], [ -87.182356, 36.258747 ], [ -87.182197, 36.259039 ], [ -87.181806, 36.259763 ], [ -87.181255, 36.260047 ], [ -87.181105, 36.260166 ], [ -87.180568, 36.260303 ], [ -87.179886, 36.260476 ], [ -87.179763, 36.260529 ], [ -87.179234, 36.260757 ], [ -87.179215, 36.260758 ], [ -87.178388, 36.260818 ], [ -87.17834, 36.260822 ], [ -87.177856, 36.261101 ], [ -87.176712, 36.261741 ], [ -87.175958, 36.262184 ], [ -87.175204, 36.262628 ], [ -87.175094, 36.262693 ], [ -87.17402, 36.263373 ], [ -87.172823, 36.264145 ], [ -87.17265, 36.264258 ], [ -87.171197, 36.264933 ], [ -87.170029, 36.265283 ], [ -87.168652, 36.265732 ], [ -87.167109, 36.266303 ], [ -87.16537, 36.267151 ], [ -87.164245, 36.267791 ], [ -87.163675, 36.26807 ], [ -87.163396, 36.268211 ], [ -87.162662, 36.268339 ], [ -87.161589, 36.268486 ], [ -87.160477, 36.268593 ], [ -87.16005, 36.268802 ], [ -87.159725, 36.268962 ], [ -87.159415, 36.269155 ], [ -87.159056, 36.269418 ], [ -87.158521, 36.269835 ], [ -87.157676, 36.270583 ], [ -87.157167, 36.271085 ], [ -87.156792, 36.271329 ], [ -87.156439, 36.271577 ], [ -87.155959, 36.272154 ], [ -87.155295, 36.273064 ], [ -87.155075, 36.27368 ], [ -87.154989, 36.274672 ], [ -87.154981, 36.274762 ], [ -87.155067, 36.275057 ], [ -87.155211, 36.275551 ], [ -87.155367, 36.276066 ], [ -87.155744, 36.276684 ], [ -87.156183, 36.277382 ], [ -87.156212, 36.277408 ], [ -87.156656, 36.277805 ], [ -87.157376, 36.278032 ], [ -87.15783, 36.278504 ], [ -87.158307, 36.279178 ], [ -87.158466, 36.279862 ], [ -87.158414, 36.280402 ], [ -87.158331, 36.280863 ], [ -87.158138, 36.281317 ], [ -87.157976, 36.281795 ], [ -87.157614, 36.282218 ], [ -87.15729, 36.282584 ], [ -87.156946, 36.282861 ], [ -87.156552, 36.283107 ], [ -87.155481, 36.283456 ], [ -87.154971, 36.283516 ], [ -87.154448, 36.283579 ], [ -87.15433, 36.283594 ], [ -87.153743, 36.283666 ], [ -87.153357, 36.283799 ], [ -87.154039, 36.283847 ], [ -87.154834, 36.283903 ], [ -87.155629, 36.283959 ], [ -87.15593, 36.283991 ], [ -87.156832, 36.284087 ], [ -87.157133, 36.284119 ], [ -87.157465, 36.284142 ], [ -87.158463, 36.284214 ], [ -87.158796, 36.284239 ], [ -87.158963, 36.284263 ], [ -87.15947, 36.284336 ], [ -87.159639, 36.284361 ], [ -87.159903, 36.284387 ], [ -87.161076, 36.284499 ], [ -87.165387, 36.284916 ], [ -87.166781, 36.285052 ], [ -87.166825, 36.285056 ], [ -87.167427, 36.285113 ], [ -87.169197, 36.285281 ], [ -87.169191, 36.285316 ], [ -87.1691, 36.285895 ], [ -87.169098, 36.285914 ], [ -87.168913, 36.287067 ], [ -87.168362, 36.290529 ], [ -87.168178, 36.291683 ], [ -87.167826, 36.291621 ], [ -87.167061, 36.291693 ], [ -87.166109, 36.291895 ], [ -87.165234, 36.291992 ], [ -87.164936, 36.291979 ], [ -87.164296, 36.29184 ], [ -87.164177, 36.291753 ], [ -87.163632, 36.291354 ], [ -87.163168, 36.290906 ], [ -87.162487, 36.290582 ], [ -87.161781, 36.290564 ], [ -87.161124, 36.290562 ], [ -87.160051, 36.290653 ], [ -87.157808, 36.291069 ], [ -87.156885, 36.291263 ], [ -87.156332, 36.291567 ], [ -87.15593, 36.291991 ], [ -87.155569, 36.292478 ], [ -87.15521, 36.29316 ], [ -87.15513, 36.293814 ], [ -87.155336, 36.294337 ], [ -87.155355, 36.295021 ], [ -87.155357, 36.295079 ], [ -87.155111, 36.295353 ], [ -87.154955, 36.295527 ], [ -87.154461, 36.295749 ], [ -87.154426, 36.295758 ], [ -87.154358, 36.295776 ], [ -87.15429, 36.295794 ], [ -87.15334, 36.296042 ], [ -87.152983, 36.296172 ], [ -87.152818, 36.296233 ], [ -87.151871, 36.296579 ], [ -87.151749, 36.296623 ], [ -87.151725, 36.296632 ], [ -87.151665, 36.296851 ], [ -87.151583, 36.297102 ], [ -87.151573, 36.29714 ], [ -87.151522, 36.297341 ], [ -87.151487, 36.297577 ], [ -87.151458, 36.297915 ], [ -87.151393, 36.298613 ], [ -87.151388, 36.29872 ], [ -87.15138, 36.298909 ], [ -87.151398, 36.299052 ], [ -87.151418, 36.299108 ], [ -87.151483, 36.29923 ], [ -87.151435, 36.299244 ], [ -87.151294, 36.299289 ], [ -87.151247, 36.299304 ], [ -87.151048, 36.299367 ], [ -87.150849, 36.299429 ], [ -87.150791, 36.299447 ], [ -87.150882, 36.299584 ], [ -87.151086, 36.299847 ], [ -87.151165, 36.29995 ], [ -87.151652, 36.300577 ], [ -87.15197, 36.301236 ], [ -87.152289, 36.301975 ], [ -87.152389, 36.302223 ], [ -87.152536, 36.302587 ], [ -87.152605, 36.302906 ], [ -87.152632, 36.30303 ], [ -87.152698, 36.303457 ], [ -87.152745, 36.304002 ], [ -87.152804, 36.304271 ], [ -87.152983, 36.30508 ], [ -87.153043, 36.30535 ], [ -87.154531, 36.306458 ], [ -87.155575, 36.307086 ], [ -87.156344, 36.307556 ], [ -87.156589, 36.307706 ], [ -87.157049, 36.307861 ], [ -87.157657, 36.308066 ], [ -87.157799, 36.308114 ], [ -87.159587, 36.308582 ], [ -87.161204, 36.308954 ], [ -87.16283, 36.309221 ], [ -87.164617, 36.309568 ], [ -87.164708, 36.309591 ], [ -87.166045, 36.309933 ], [ -87.166916, 36.310068 ], [ -87.167372, 36.310139 ], [ -87.168853, 36.310666 ], [ -87.169784, 36.311028 ], [ -87.170747, 36.311616 ], [ -87.171623, 36.312262 ], [ -87.172637, 36.312898 ], [ -87.172865, 36.312984 ], [ -87.174058, 36.313433 ], [ -87.175368, 36.313865 ], [ -87.176425, 36.314056 ], [ -87.177303, 36.314145 ], [ -87.178078, 36.314057 ], [ -87.180424, 36.313873 ], [ -87.182743, 36.313851 ], [ -87.18319, 36.313847 ], [ -87.18547, 36.313925 ], [ -87.186511, 36.313961 ], [ -87.186565, 36.313962 ], [ -87.186855, 36.313973 ], [ -87.188169, 36.314029 ], [ -87.19056, 36.314131 ], [ -87.191824, 36.314167 ], [ -87.194489, 36.314699 ], [ -87.197113, 36.315141 ], [ -87.200058, 36.31571 ], [ -87.202083, 36.316021 ], [ -87.203636, 36.316038 ], [ -87.20442, 36.316037 ], [ -87.204711, 36.316036 ], [ -87.204916, 36.31599 ], [ -87.205921, 36.315766 ], [ -87.208363, 36.315363 ], [ -87.211062, 36.314796 ], [ -87.211721, 36.314763 ], [ -87.211762, 36.31476 ], [ -87.212094, 36.314744 ], [ -87.212467, 36.314725 ], [ -87.212673, 36.314715 ], [ -87.213465, 36.314801 ], [ -87.214179, 36.314878 ], [ -87.21536, 36.315327 ], [ -87.216681, 36.315865 ], [ -87.216732, 36.315886 ], [ -87.21858, 36.31703 ], [ -87.219532, 36.317678 ], [ -87.219736, 36.317818 ], [ -87.221207, 36.318879 ], [ -87.221655, 36.319202 ], [ -87.221938, 36.319406 ], [ -87.222221, 36.319611 ], [ -87.222862, 36.320074 ], [ -87.223503, 36.320536 ], [ -87.223616, 36.320618 ], [ -87.223729, 36.320699 ], [ -87.224205, 36.321042 ], [ -87.225341, 36.322084 ], [ -87.226031, 36.322718 ], [ -87.226038, 36.322726 ], [ -87.226811, 36.323614 ], [ -87.227411, 36.324265 ], [ -87.227539, 36.324406 ], [ -87.228734, 36.325438 ], [ -87.22911, 36.325764 ], [ -87.229938, 36.326701 ], [ -87.230799, 36.327815 ], [ -87.231371, 36.328859 ], [ -87.231708, 36.329567 ], [ -87.23178, 36.329735 ], [ -87.232006, 36.330258 ], [ -87.232461, 36.331337 ], [ -87.232575, 36.331334 ], [ -87.232923, 36.331335 ], [ -87.23304, 36.331335 ], [ -87.233231, 36.331296 ], [ -87.233407, 36.331203 ], [ -87.233457, 36.331159 ], [ -87.233509, 36.331115 ], [ -87.233713, 36.330867 ], [ -87.233719, 36.330801 ], [ -87.233672, 36.33068 ], [ -87.233624, 36.33062 ], [ -87.233638, 36.330527 ], [ -87.233685, 36.330461 ], [ -87.233848, 36.330422 ], [ -87.234052, 36.330417 ], [ -87.234052, 36.33034 ], [ -87.234093, 36.33018 ], [ -87.23416, 36.330153 ], [ -87.234351, 36.330197 ], [ -87.234493, 36.330175 ], [ -87.234561, 36.330103 ], [ -87.234575, 36.329966 ], [ -87.234527, 36.329768 ], [ -87.234486, 36.329647 ], [ -87.23435, 36.329515 ], [ -87.234153, 36.329416 ], [ -87.234073, 36.329433 ], [ -87.233848, 36.329482 ], [ -87.233752, 36.329438 ], [ -87.233718, 36.329334 ], [ -87.233745, 36.329175 ], [ -87.233887, 36.328983 ], [ -87.23394, 36.328377 ], [ -87.234244, 36.326736 ], [ -87.234467, 36.32657 ], [ -87.234701, 36.326399 ], [ -87.234864, 36.326278 ], [ -87.235102, 36.325954 ], [ -87.235264, 36.325733 ], [ -87.235571, 36.325593 ], [ -87.236207, 36.325554 ], [ -87.236831, 36.325322 ], [ -87.237812, 36.325038 ], [ -87.23838, 36.325065 ], [ -87.239158, 36.325162 ], [ -87.239954, 36.325146 ], [ -87.240672, 36.325079 ], [ -87.240739, 36.325073 ], [ -87.24079, 36.325023 ], [ -87.241384, 36.324446 ], [ -87.242495, 36.32337 ], [ -87.24258, 36.323353 ], [ -87.243485, 36.323177 ], [ -87.243844, 36.323107 ], [ -87.244923, 36.322898 ], [ -87.245283, 36.322829 ], [ -87.246227, 36.322645 ], [ -87.249061, 36.322097 ], [ -87.250006, 36.321914 ], [ -87.250411, 36.321858 ], [ -87.250826, 36.321802 ], [ -87.250981, 36.322594 ], [ -87.25106, 36.322996 ], [ -87.253339, 36.322665 ], [ -87.260178, 36.321675 ], [ -87.262459, 36.321346 ], [ -87.262538, 36.321333 ], [ -87.263273, 36.321226 ], [ -87.265719, 36.320873 ], [ -87.266492, 36.320762 ], [ -87.266522, 36.320765 ], [ -87.266534, 36.320764 ], [ -87.27046, 36.320994 ], [ -87.276553, 36.321349 ], [ -87.28224, 36.321681 ], [ -87.286088, 36.321906 ], [ -87.286167, 36.321912 ], [ -87.28624, 36.321915 ], [ -87.286432, 36.321927 ], [ -87.286501, 36.321933 ], [ -87.286498, 36.321946 ], [ -87.286488, 36.321985 ], [ -87.286486, 36.321999 ], [ -87.286478, 36.32203 ], [ -87.286458, 36.322123 ], [ -87.286451, 36.322159 ], [ -87.286434, 36.322234 ], [ -87.286419, 36.3223 ], [ -87.286116, 36.323704 ], [ -87.285414, 36.326973 ], [ -87.285118, 36.328346 ], [ -87.284786, 36.329895 ], [ -87.284551, 36.330984 ], [ -87.283848, 36.334252 ], [ -87.283615, 36.335342 ], [ -87.283557, 36.335605 ], [ -87.283385, 36.336394 ], [ -87.283329, 36.336658 ], [ -87.283054, 36.337901 ], [ -87.282231, 36.341631 ], [ -87.281993, 36.342711 ], [ -87.281975, 36.342793 ], [ -87.281957, 36.342875 ], [ -87.281948, 36.342906 ], [ -87.281922, 36.343002 ], [ -87.281914, 36.343035 ], [ -87.28191, 36.343046 ], [ -87.281901, 36.343081 ], [ -87.281898, 36.343093 ], [ -87.281854, 36.343254 ], [ -87.281808, 36.343351 ], [ -87.281504, 36.344013 ], [ -87.281488, 36.344107 ], [ -87.281445, 36.344374 ], [ -87.281363, 36.344876 ], [ -87.28118, 36.345458 ], [ -87.281096, 36.345622 ], [ -87.280778, 36.345962 ], [ -87.280793, 36.346348 ], [ -87.280728, 36.346587 ], [ -87.280667, 36.346712 ], [ -87.279947, 36.348202 ], [ -87.279837, 36.348574 ], [ -87.279886, 36.349997 ], [ -87.280203, 36.351135 ], [ -87.280393, 36.351405 ], [ -87.281383, 36.352167 ], [ -87.281481, 36.352438 ], [ -87.281446, 36.352612 ], [ -87.281241, 36.352794 ], [ -87.280607, 36.352922 ], [ -87.280252, 36.352995 ], [ -87.280075, 36.353148 ], [ -87.280072, 36.353392 ], [ -87.280597, 36.354166 ], [ -87.280644, 36.354336 ], [ -87.280534, 36.354484 ], [ -87.280182, 36.354674 ], [ -87.280159, 36.354686 ], [ -87.28011, 36.354713 ], [ -87.280089, 36.354717 ], [ -87.280064, 36.354723 ], [ -87.280024, 36.354759 ], [ -87.27944, 36.355012 ], [ -87.278784, 36.355439 ], [ -87.278161, 36.355524 ], [ -87.277821, 36.355572 ], [ -87.276928, 36.355798 ], [ -87.276705, 36.355689 ], [ -87.276541, 36.355436 ], [ -87.276178, 36.354634 ], [ -87.275959, 36.353835 ], [ -87.275777, 36.353513 ], [ -87.27551, 36.353275 ], [ -87.2752, 36.353254 ], [ -87.27442, 36.353403 ], [ -87.274245, 36.353378 ], [ -87.273764, 36.353193 ], [ -87.273508, 36.353188 ], [ -87.273323, 36.353186 ], [ -87.272786, 36.35335 ], [ -87.271593, 36.353991 ], [ -87.271243, 36.354231 ], [ -87.270976, 36.354641 ], [ -87.270843, 36.354735 ], [ -87.270635, 36.354797 ], [ -87.269929, 36.354855 ], [ -87.269202, 36.355319 ], [ -87.268285, 36.355814 ], [ -87.267259, 36.356232 ], [ -87.266791, 36.356348 ], [ -87.266524, 36.356308 ], [ -87.266284, 36.356056 ], [ -87.266171, 36.355792 ], [ -87.265656, 36.354578 ], [ -87.265345, 36.354029 ], [ -87.265149, 36.353835 ], [ -87.265002, 36.353755 ], [ -87.264783, 36.353737 ], [ -87.2644, 36.353833 ], [ -87.263871, 36.354047 ], [ -87.263398, 36.354314 ], [ -87.262661, 36.354879 ], [ -87.261051, 36.356583 ], [ -87.259821, 36.357609 ], [ -87.259132, 36.358562 ], [ -87.257884, 36.359525 ], [ -87.257015, 36.36038 ], [ -87.256565, 36.361073 ], [ -87.256213, 36.362347 ], [ -87.256039, 36.362552 ], [ -87.25557, 36.362932 ], [ -87.255417, 36.363301 ], [ -87.255519, 36.363494 ], [ -87.255725, 36.363631 ], [ -87.256741, 36.363997 ], [ -87.256834, 36.364073 ], [ -87.256852, 36.364245 ], [ -87.256688, 36.364456 ], [ -87.256115, 36.364874 ], [ -87.256033, 36.364935 ], [ -87.255085, 36.365785 ], [ -87.254803, 36.366227 ], [ -87.254599, 36.36688 ], [ -87.254531, 36.367375 ], [ -87.254496, 36.369255 ], [ -87.254601, 36.36978 ], [ -87.254883, 36.370636 ], [ -87.25486, 36.370727 ], [ -87.254791, 36.371003 ], [ -87.254769, 36.371095 ], [ -87.254588, 36.371493 ], [ -87.25458, 36.371513 ], [ -87.254308, 36.372608 ], [ -87.254259, 36.372658 ], [ -87.254232, 36.372687 ], [ -87.254222, 36.372746 ], [ -87.2542, 36.372901 ], [ -87.254065, 36.373175 ], [ -87.254035, 36.373218 ], [ -87.253953, 36.373345 ], [ -87.253922, 36.373393 ], [ -87.253878, 36.37342 ], [ -87.253746, 36.3735 ], [ -87.253703, 36.373528 ], [ -87.253596, 36.373591 ], [ -87.253279, 36.373786 ], [ -87.253175, 36.373852 ], [ -87.253133, 36.373876 ], [ -87.253115, 36.373886 ], [ -87.252939, 36.373994 ], [ -87.252882, 36.374032 ], [ -87.252841, 36.374057 ], [ -87.25272, 36.374131 ], [ -87.25268, 36.374157 ], [ -87.252641, 36.374181 ], [ -87.252132, 36.374475 ], [ -87.251136, 36.375051 ], [ -87.250523, 36.375484 ], [ -87.250006, 36.37585 ], [ -87.249453, 36.376135 ], [ -87.248891, 36.376427 ], [ -87.249619, 36.377419 ], [ -87.249988, 36.37792 ], [ -87.249805, 36.378026 ], [ -87.248616, 36.378717 ], [ -87.2445, 36.381111 ], [ -87.243129, 36.381909 ], [ -87.243036, 36.381963 ], [ -87.242548, 36.382246 ], [ -87.240807, 36.383259 ], [ -87.240227, 36.383598 ], [ -87.238822, 36.384405 ], [ -87.234608, 36.386826 ], [ -87.233204, 36.387634 ], [ -87.232843, 36.387844 ], [ -87.231763, 36.388476 ], [ -87.231404, 36.388688 ], [ -87.228912, 36.390146 ], [ -87.228372, 36.390462 ], [ -87.221847, 36.394285 ], [ -87.221388, 36.394397 ], [ -87.218588, 36.395083 ], [ -87.218467, 36.395113 ], [ -87.217387, 36.395377 ], [ -87.215057, 36.395949 ], [ -87.214314, 36.397016 ], [ -87.213612, 36.398027 ], [ -87.212892, 36.399056 ], [ -87.210736, 36.40214 ], [ -87.210018, 36.403168 ], [ -87.20931, 36.40418 ], [ -87.207185, 36.407219 ], [ -87.206476, 36.408235 ], [ -87.206376, 36.408378 ], [ -87.206114, 36.408802 ], [ -87.205617, 36.409471 ], [ -87.205257, 36.409803 ], [ -87.204777, 36.410102 ], [ -87.204634, 36.410133 ], [ -87.203975, 36.410285 ], [ -87.204003, 36.410372 ], [ -87.204013, 36.4104 ], [ -87.204075, 36.410533 ], [ -87.20418, 36.410738 ], [ -87.204227, 36.41083 ], [ -87.20461, 36.411552 ], [ -87.204722, 36.411735 ], [ -87.204838, 36.411925 ], [ -87.204849, 36.411942 ], [ -87.204919, 36.412058 ], [ -87.204942, 36.412097 ], [ -87.204966, 36.412132 ], [ -87.205119, 36.412349 ], [ -87.20517, 36.412422 ], [ -87.204985, 36.412388 ], [ -87.204436, 36.412287 ], [ -87.204253, 36.412255 ], [ -87.204057, 36.412251 ], [ -87.20391, 36.412235 ], [ -87.203834, 36.412227 ], [ -87.203421, 36.412123 ], [ -87.203361, 36.41211 ], [ -87.203162, 36.41207 ], [ -87.202934, 36.412031 ], [ -87.202744, 36.412014 ], [ -87.20248, 36.412023 ], [ -87.201999, 36.412078 ], [ -87.201714, 36.412023 ], [ -87.200862, 36.411858 ], [ -87.200578, 36.411804 ], [ -87.200807, 36.410594 ], [ -87.198073, 36.410352 ], [ -87.197816, 36.41033 ], [ -87.19721, 36.410277 ], [ -87.196893, 36.410089 ], [ -87.19638, 36.409698 ], [ -87.195862, 36.408935 ], [ -87.195607, 36.408595 ], [ -87.194551, 36.40874 ], [ -87.193001, 36.407688 ], [ -87.187283, 36.406989 ], [ -87.183336, 36.40651 ], [ -87.183329, 36.406549 ], [ -87.183265, 36.406825 ], [ -87.183223, 36.406911 ], [ -87.183219, 36.406935 ], [ -87.183068, 36.407125 ], [ -87.182991, 36.407191 ], [ -87.182889, 36.407246 ], [ -87.18283, 36.407267 ], [ -87.182716, 36.407298 ], [ -87.182618, 36.407316 ], [ -87.182448, 36.40733 ], [ -87.182312, 36.407313 ], [ -87.182209, 36.407276 ], [ -87.182073, 36.407187 ], [ -87.182022, 36.407146 ], [ -87.181911, 36.407077 ], [ -87.181651, 36.406899 ], [ -87.181569, 36.406838 ], [ -87.181543, 36.406838 ], [ -87.18151, 36.406828 ], [ -87.181072, 36.406802 ], [ -87.180799, 36.406775 ], [ -87.180604, 36.406748 ], [ -87.180557, 36.406745 ], [ -87.180489, 36.406731 ], [ -87.180305, 36.406719 ], [ -87.180285, 36.406718 ], [ -87.180039, 36.406692 ], [ -87.179971, 36.406678 ], [ -87.179945, 36.406678 ], [ -87.179553, 36.406625 ], [ -87.1794, 36.406611 ], [ -87.179366, 36.406656 ], [ -87.179265, 36.406749 ], [ -87.179206, 36.406812 ], [ -87.179155, 36.406888 ], [ -87.179135, 36.406943 ], [ -87.179105, 36.406998 ], [ -87.179015, 36.407223 ], [ -87.178971, 36.40739 ], [ -87.178946, 36.407541 ], [ -87.17896, 36.407731 ], [ -87.178956, 36.407769 ], [ -87.1789, 36.407994 ], [ -87.178857, 36.408216 ], [ -87.178857, 36.408257 ], [ -87.178879, 36.408432 ], [ -87.178901, 36.408532 ], [ -87.178936, 36.408614 ], [ -87.178961, 36.408649 ], [ -87.17897, 36.408676 ], [ -87.179055, 36.408785 ], [ -87.179081, 36.408834 ], [ -87.179124, 36.408882 ], [ -87.17921, 36.409088 ], [ -87.179301, 36.409339 ], [ -87.179331, 36.409486 ], [ -87.179387, 36.409619 ], [ -87.179434, 36.409727 ], [ -87.179495, 36.409816 ], [ -87.179631, 36.409939 ], [ -87.179699, 36.40998 ], [ -87.18005, 36.410151 ], [ -87.180116, 36.410169 ], [ -87.180203, 36.410205 ], [ -87.180337, 36.410251 ], [ -87.180561, 36.410348 ], [ -87.180744, 36.410444 ], [ -87.181017, 36.410608 ], [ -87.181167, 36.410704 ], [ -87.181247, 36.410745 ], [ -87.181359, 36.410813 ], [ -87.181507, 36.410917 ], [ -87.181598, 36.410964 ], [ -87.181738, 36.41106 ], [ -87.181832, 36.411135 ], [ -87.181934, 36.411231 ], [ -87.181969, 36.411276 ], [ -87.182029, 36.411334 ], [ -87.18214, 36.411464 ], [ -87.182166, 36.411512 ], [ -87.182226, 36.411649 ], [ -87.182308, 36.411886 ], [ -87.182343, 36.412072 ], [ -87.182361, 36.412203 ], [ -87.18238, 36.412601 ], [ -87.18236, 36.41279 ], [ -87.182323, 36.412873 ], [ -87.182234, 36.413031 ], [ -87.182208, 36.413086 ], [ -87.182057, 36.413321 ], [ -87.182048, 36.413349 ], [ -87.181989, 36.413425 ], [ -87.18193, 36.413486 ], [ -87.181787, 36.413662 ], [ -87.181677, 36.413783 ], [ -87.18166, 36.413817 ], [ -87.181576, 36.413921 ], [ -87.181559, 36.413956 ], [ -87.181533, 36.413983 ], [ -87.181526, 36.414003 ], [ -87.181276, 36.414327 ], [ -87.181221, 36.414404 ], [ -87.181213, 36.414431 ], [ -87.18118, 36.41448 ], [ -87.18112, 36.414556 ], [ -87.181077, 36.414596 ], [ -87.181053, 36.414645 ], [ -87.181027, 36.414672 ], [ -87.180969, 36.41481 ], [ -87.180915, 36.415079 ], [ -87.180881, 36.415165 ], [ -87.18086, 36.415257 ], [ -87.180818, 36.415368 ], [ -87.180777, 36.415443 ], [ -87.1807, 36.415543 ], [ -87.180582, 36.415657 ], [ -87.180388, 36.415919 ], [ -87.180287, 36.416072 ], [ -87.180211, 36.416164 ], [ -87.180185, 36.416188 ], [ -87.180178, 36.416216 ], [ -87.18011, 36.416312 ], [ -87.180022, 36.416515 ], [ -87.180018, 36.41654 ], [ -87.179992, 36.416602 ], [ -87.179933, 36.416684 ], [ -87.179917, 36.416788 ], [ -87.179879, 36.416887 ], [ -87.179858, 36.417042 ], [ -87.179862, 36.417095 ], [ -87.179877, 36.417276 ], [ -87.179942, 36.417458 ], [ -87.179964, 36.417565 ], [ -87.179965, 36.417764 ], [ -87.179908, 36.418081 ], [ -87.179807, 36.418267 ], [ -87.179781, 36.418294 ], [ -87.179722, 36.418384 ], [ -87.179642, 36.41859 ], [ -87.179557, 36.418761 ], [ -87.179478, 36.418866 ], [ -87.179394, 36.418966 ], [ -87.179284, 36.41908 ], [ -87.17925, 36.419125 ], [ -87.17903, 36.419386 ], [ -87.178938, 36.419483 ], [ -87.178861, 36.419555 ], [ -87.178836, 36.419587 ], [ -87.178734, 36.419673 ], [ -87.178582, 36.419784 ], [ -87.17851, 36.419821 ], [ -87.178717, 36.420656 ], [ -87.17934, 36.423164 ], [ -87.179549, 36.424001 ], [ -87.179289, 36.424106 ], [ -87.179105, 36.424169 ], [ -87.179025, 36.424198 ], [ -87.178651, 36.424286 ], [ -87.177718, 36.424484 ], [ -87.177254, 36.424583 ], [ -87.176464, 36.424739 ], [ -87.175971, 36.42486 ], [ -87.175559, 36.424963 ], [ -87.175094, 36.425092 ], [ -87.174805, 36.425178 ], [ -87.174564, 36.425277 ], [ -87.17421, 36.425471 ], [ -87.173687, 36.42584 ], [ -87.172566, 36.42669 ], [ -87.172551, 36.426701 ], [ -87.171541, 36.427458 ], [ -87.171499, 36.427486 ], [ -87.17146, 36.427512 ], [ -87.171345, 36.427589 ], [ -87.171307, 36.427616 ], [ -87.17053, 36.427313 ], [ -87.168718, 36.426557 ], [ -87.168407, 36.427035 ], [ -87.16795, 36.427742 ], [ -87.167702, 36.427646 ], [ -87.166958, 36.427359 ], [ -87.166711, 36.427264 ], [ -87.166734, 36.427159 ], [ -87.166832, 36.426834 ], [ -87.167222, 36.425556 ], [ -87.167354, 36.425132 ], [ -87.16617, 36.424738 ], [ -87.166364, 36.424247 ], [ -87.165404, 36.423675 ], [ -87.164842, 36.42334 ], [ -87.164327, 36.423063 ], [ -87.164181, 36.42282 ], [ -87.163496, 36.421773 ], [ -87.163242, 36.42136 ], [ -87.163157, 36.420972 ], [ -87.163071, 36.419793 ], [ -87.16304, 36.418961 ], [ -87.163348, 36.418092 ], [ -87.163585, 36.417359 ], [ -87.163701, 36.416852 ], [ -87.163488, 36.416088 ], [ -87.163365, 36.415647 ], [ -87.162729, 36.413298 ], [ -87.162673, 36.413333 ], [ -87.162554, 36.413408 ], [ -87.162496, 36.413414 ], [ -87.162431, 36.413422 ], [ -87.162298, 36.413437 ], [ -87.16223, 36.413458 ], [ -87.16219, 36.413477 ], [ -87.162035, 36.413582 ], [ -87.16196, 36.413692 ], [ -87.161912, 36.413869 ], [ -87.161877, 36.413912 ], [ -87.161851, 36.413933 ], [ -87.161546, 36.4141 ], [ -87.161316, 36.41421 ], [ -87.160994, 36.414342 ], [ -87.160952, 36.414355 ], [ -87.160782, 36.414425 ], [ -87.16063, 36.41448 ], [ -87.160604, 36.414495 ], [ -87.16051, 36.414529 ], [ -87.160477, 36.41455 ], [ -87.160409, 36.414571 ], [ -87.16035, 36.414584 ], [ -87.160286, 36.414609 ], [ -87.160205, 36.414632 ], [ -87.160146, 36.41465 ], [ -87.160036, 36.414688 ], [ -87.16001, 36.414703 ], [ -87.159892, 36.414745 ], [ -87.159692, 36.414803 ], [ -87.159662, 36.414807 ], [ -87.159543, 36.414841 ], [ -87.159444, 36.414875 ], [ -87.159399, 36.414898 ], [ -87.159305, 36.414932 ], [ -87.158742, 36.415236 ], [ -87.15845, 36.415399 ], [ -87.158373, 36.415437 ], [ -87.158191, 36.415496 ], [ -87.158161, 36.4155 ], [ -87.158119, 36.415513 ], [ -87.157994, 36.415539 ], [ -87.157889, 36.415556 ], [ -87.157588, 36.415573 ], [ -87.156942, 36.415597 ], [ -87.156628, 36.415625 ], [ -87.156407, 36.415653 ], [ -87.156342, 36.415657 ], [ -87.156067, 36.41571 ], [ -87.156028, 36.415713 ], [ -87.155935, 36.415734 ], [ -87.155829, 36.415765 ], [ -87.155799, 36.415769 ], [ -87.155757, 36.415783 ], [ -87.155621, 36.415804 ], [ -87.155408, 36.415859 ], [ -87.155362, 36.415876 ], [ -87.155332, 36.41588 ], [ -87.155281, 36.415895 ], [ -87.155247, 36.415915 ], [ -87.155154, 36.41595 ], [ -87.155078, 36.415991 ], [ -87.154874, 36.416082 ], [ -87.154707, 36.416128 ], [ -87.154526, 36.416158 ], [ -87.154475, 36.416172 ], [ -87.154322, 36.4162 ], [ -87.154237, 36.416201 ], [ -87.153787, 36.416229 ], [ -87.15357, 36.416254 ], [ -87.153493, 36.416268 ], [ -87.153438, 36.416272 ], [ -87.153388, 36.416286 ], [ -87.153188, 36.416324 ], [ -87.153149, 36.416327 ], [ -87.15301, 36.416352 ], [ -87.152707, 36.416384 ], [ -87.152595, 36.416407 ], [ -87.152512, 36.416426 ], [ -87.152444, 36.416447 ], [ -87.15216, 36.416493 ], [ -87.151714, 36.416538 ], [ -87.151548, 36.416563 ], [ -87.151383, 36.416581 ], [ -87.151315, 36.416581 ], [ -87.151209, 36.416606 ], [ -87.15117, 36.416609 ], [ -87.151068, 36.41663 ], [ -87.150974, 36.416644 ], [ -87.150864, 36.416679 ], [ -87.150792, 36.416713 ], [ -87.150652, 36.41681 ], [ -87.150593, 36.416859 ], [ -87.150322, 36.417039 ], [ -87.150129, 36.417148 ], [ -87.150076, 36.417177 ], [ -87.149898, 36.41727 ], [ -87.149695, 36.41737 ], [ -87.149611, 36.417414 ], [ -87.149487, 36.417481 ], [ -87.149407, 36.417537 ], [ -87.149322, 36.417605 ], [ -87.149212, 36.417716 ], [ -87.149153, 36.417785 ], [ -87.149127, 36.417833 ], [ -87.149009, 36.417978 ], [ -87.148883, 36.418157 ], [ -87.14884, 36.418239 ], [ -87.148824, 36.41826 ], [ -87.148698, 36.418481 ], [ -87.148568, 36.418755 ], [ -87.148555, 36.418784 ], [ -87.148513, 36.418887 ], [ -87.148446, 36.41908 ], [ -87.148413, 36.419259 ], [ -87.148387, 36.4193 ], [ -87.148401, 36.419334 ], [ -87.148389, 36.419404 ], [ -87.148412, 36.41984 ], [ -87.148425, 36.419933 ], [ -87.148457, 36.420005 ], [ -87.148516, 36.420136 ], [ -87.148537, 36.420235 ], [ -87.148537, 36.420263 ], [ -87.148497, 36.420477 ], [ -87.148475, 36.420534 ], [ -87.148446, 36.420655 ], [ -87.148431, 36.420688 ], [ -87.148405, 36.420779 ], [ -87.148358, 36.420907 ], [ -87.148321, 36.421047 ], [ -87.148284, 36.421333 ], [ -87.148281, 36.42144 ], [ -87.148269, 36.421588 ], [ -87.148273, 36.421618 ], [ -87.148321, 36.421815 ], [ -87.148368, 36.422102 ], [ -87.148391, 36.42224 ], [ -87.148418, 36.42233 ], [ -87.14843, 36.422402 ], [ -87.148474, 36.422533 ], [ -87.148499, 36.422588 ], [ -87.148534, 36.422636 ], [ -87.148542, 36.422663 ], [ -87.148602, 36.422773 ], [ -87.148671, 36.422821 ], [ -87.148825, 36.422979 ], [ -87.148876, 36.423019 ], [ -87.148961, 36.423074 ], [ -87.149247, 36.423224 ], [ -87.149317, 36.423262 ], [ -87.14955, 36.423389 ], [ -87.149669, 36.423423 ], [ -87.149754, 36.423457 ], [ -87.149857, 36.423505 ], [ -87.149984, 36.423545 ], [ -87.150095, 36.423587 ], [ -87.15012, 36.4236 ], [ -87.15022, 36.423632 ], [ -87.150274, 36.423655 ], [ -87.150316, 36.423668 ], [ -87.150444, 36.423737 ], [ -87.150469, 36.423757 ], [ -87.150538, 36.423792 ], [ -87.150589, 36.423826 ], [ -87.150739, 36.423908 ], [ -87.15082, 36.423963 ], [ -87.150973, 36.424099 ], [ -87.151205, 36.424295 ], [ -87.151306, 36.424401 ], [ -87.151427, 36.424538 ], [ -87.151453, 36.424587 ], [ -87.151491, 36.424634 ], [ -87.151503, 36.424648 ], [ -87.151564, 36.424792 ], [ -87.151629, 36.424974 ], [ -87.151682, 36.425215 ], [ -87.1517, 36.425453 ], [ -87.151702, 36.425474 ], [ -87.151709, 36.425565 ], [ -87.151765, 36.425782 ], [ -87.151808, 36.425885 ], [ -87.152032, 36.426283 ], [ -87.1521, 36.426413 ], [ -87.152186, 36.426619 ], [ -87.15223, 36.42675 ], [ -87.152247, 36.426771 ] ], [ [ -87.152398, 36.288627 ], [ -87.152074, 36.288695 ], [ -87.151103, 36.288898 ], [ -87.15078, 36.288956 ], [ -87.150769, 36.288969 ], [ -87.150488, 36.289027 ], [ -87.149612, 36.289209 ], [ -87.149322, 36.289272 ], [ -87.147981, 36.289552 ], [ -87.144398, 36.290307 ], [ -87.14396, 36.290388 ], [ -87.142616, 36.290641 ], [ -87.14252, 36.290656 ], [ -87.142372, 36.290684 ], [ -87.142256, 36.290749 ], [ -87.142175, 36.290798 ], [ -87.141632, 36.291105 ], [ -87.140007, 36.292031 ], [ -87.139466, 36.292342 ], [ -87.139332, 36.292418 ], [ -87.139968, 36.293158 ], [ -87.140482, 36.293691 ], [ -87.140944, 36.294081 ], [ -87.141287, 36.294318 ], [ -87.141847, 36.294602 ], [ -87.141927, 36.294603 ], [ -87.142315, 36.294607 ], [ -87.14252, 36.294339 ], [ -87.142584, 36.294258 ], [ -87.143731, 36.292747 ], [ -87.144172, 36.292142 ], [ -87.144301, 36.292109 ], [ -87.145975, 36.292903 ], [ -87.146253, 36.293035 ], [ -87.146531, 36.293166 ], [ -87.146906, 36.293344 ], [ -87.148406, 36.292156 ], [ -87.148581, 36.292016 ], [ -87.148886, 36.291757 ], [ -87.148899, 36.291747 ], [ -87.149803, 36.290981 ], [ -87.15011, 36.290722 ], [ -87.150224, 36.290625 ], [ -87.150334, 36.290523 ], [ -87.150648, 36.290237 ], [ -87.151041, 36.289966 ], [ -87.15118, 36.289872 ], [ -87.151273, 36.28978 ], [ -87.151282, 36.289766 ], [ -87.15138, 36.289657 ], [ -87.151703, 36.2893 ], [ -87.151812, 36.289184 ], [ -87.151877, 36.289158 ], [ -87.151895, 36.28914 ], [ -87.151995, 36.289037 ], [ -87.152297, 36.288729 ], [ -87.152398, 36.288627 ] ] ] } },
{ "type": "Feature", "properties": { "STATEFP": "47", "COUNTYFP": "119", "COUNTYNS": "01639772", "GEOID": "47119", "GEOIDFQ": "0500000US47119", "NAME": "Maury", "NAMELSAD": "Maury County", "LSAD": "06", "CLASSFP": "H1", "MTFCC": "G4020", "CSAFP": "400", "CBSAFP": "34980", "METDIVFP": null, "FUNCSTAT": "A", "ALAND": 1587995804, "AWATER": 6344537, "INTPTLAT": "+35.6156963", "INTPTLON": "-087.0777632" }, "geometry": { "type": "Polygon", "coordinates": [ [ [ -86.820535, 35.632067 ], [ -86.820702, 35.630841 ], [ -86.821205, 35.627163 ], [ -86.821357, 35.626049 ], [ -86.821377, 35.625939 ], [ -86.821428, 35.625677 ], [ -86.821547, 35.625069 ], [ -86.821596, 35.624896 ], [ -86.82167, 35.62464 ], [ -86.821685, 35.624582 ], [ -86.821716, 35.624413 ], [ -86.821724, 35.624348 ], [ -86.821728, 35.624314 ], [ -86.821742, 35.624214 ], [ -86.821748, 35.624181 ], [ -86.821939, 35.622826 ], [ -86.822513, 35.618764 ], [ -86.822705, 35.61741 ], [ -86.822739, 35.617156 ], [ -86.822742, 35.617142 ], [ -86.82278, 35.616874 ], [ -86.822832, 35.616509 ], [ -86.822847, 35.616397 ], [ -86.822884, 35.616145 ], [ -86.822944, 35.615721 ], [ -86.823045, 35.615011 ], [ -86.823091, 35.614451 ], [ -86.823127, 35.614026 ], [ -86.822949, 35.613235 ], [ -86.822871, 35.612888 ], [ -86.822763, 35.612407 ], [ -86.822579, 35.611589 ], [ -86.822442, 35.610857 ], [ -86.8224, 35.610627 ], [ -86.822359, 35.610053 ], [ -86.82236, 35.610017 ], [ -86.822369, 35.609482 ], [ -86.822379, 35.608942 ], [ -86.82238, 35.608893 ], [ -86.82238, 35.608752 ], [ -86.82238, 35.608654 ], [ -86.82238, 35.608636 ], [ -86.82238, 35.608582 ], [ -86.82238, 35.608564 ], [ -86.822536, 35.608569 ], [ -86.822658, 35.608577 ], [ -86.823215, 35.608618 ], [ -86.823404, 35.608635 ], [ -86.823474, 35.608652 ], [ -86.823489, 35.608654 ], [ -86.823739, 35.60869 ], [ -86.823765, 35.60869 ], [ -86.82377, 35.608643 ], [ -86.823787, 35.608505 ], [ -86.823794, 35.608459 ], [ -86.823808, 35.608347 ], [ -86.823852, 35.608011 ], [ -86.823868, 35.6079 ], [ -86.823963, 35.60718 ], [ -86.82425, 35.60502 ], [ -86.824347, 35.604301 ], [ -86.824414, 35.603784 ], [ -86.824617, 35.602236 ], [ -86.824686, 35.601721 ], [ -86.824704, 35.601562 ], [ -86.824764, 35.601088 ], [ -86.824775, 35.601011 ], [ -86.824795, 35.600934 ], [ -86.824807, 35.600916 ], [ -86.825014, 35.600615 ], [ -86.825636, 35.599714 ], [ -86.825844, 35.599414 ], [ -86.827362, 35.597553 ], [ -86.82843, 35.596246 ], [ -86.833622, 35.594383 ], [ -86.833917, 35.594278 ], [ -86.835988, 35.594544 ], [ -86.835972, 35.594373 ], [ -86.835985, 35.594073 ], [ -86.836022, 35.593857 ], [ -86.836082, 35.59372 ], [ -86.836197, 35.593522 ], [ -86.836207, 35.593506 ], [ -86.836307, 35.593383 ], [ -86.836316, 35.593356 ], [ -86.836366, 35.59328 ], [ -86.836375, 35.593252 ], [ -86.836442, 35.593136 ], [ -86.836476, 35.593087 ], [ -86.836484, 35.59306 ], [ -86.836518, 35.593012 ], [ -86.836526, 35.592985 ], [ -86.836568, 35.592923 ], [ -86.836719, 35.592734 ], [ -86.836828, 35.592628 ], [ -86.836954, 35.592487 ], [ -86.837104, 35.592339 ], [ -86.837188, 35.592284 ], [ -86.837314, 35.592223 ], [ -86.837412, 35.592182 ], [ -86.837432, 35.592167 ], [ -86.837466, 35.592161 ], [ -86.837641, 35.592086 ], [ -86.837676, 35.592078 ], [ -86.837842, 35.592016 ], [ -86.838078, 35.591955 ], [ -86.838344, 35.591894 ], [ -86.838523, 35.591859 ], [ -86.838711, 35.591811 ], [ -86.83885, 35.591776 ], [ -86.839357, 35.591636 ], [ -86.839386, 35.591633 ], [ -86.839428, 35.591619 ], [ -86.839705, 35.591557 ], [ -86.839747, 35.591546 ], [ -86.839767, 35.59154 ], [ -86.839826, 35.59153 ], [ -86.839846, 35.591527 ], [ -86.839854, 35.591439 ], [ -86.840179, 35.588476 ], [ -86.840755, 35.583247 ], [ -86.836822, 35.582913 ], [ -86.833765, 35.582654 ], [ -86.83331, 35.582615 ], [ -86.831946, 35.582498 ], [ -86.831492, 35.58246 ], [ -86.829033, 35.58225 ], [ -86.827394, 35.58211 ], [ -86.827501, 35.580812 ], [ -86.829003, 35.57662 ], [ -86.829836, 35.574298 ], [ -86.829905, 35.57411 ], [ -86.831043, 35.574348 ], [ -86.835046, 35.575185 ], [ -86.836381, 35.575465 ], [ -86.836432, 35.575341 ], [ -86.836528, 35.575108 ], [ -86.83658, 35.574967 ], [ -86.836627, 35.574842 ], [ -86.836722, 35.574591 ], [ -86.836884, 35.57411 ], [ -86.836906, 35.573937 ], [ -86.836912, 35.5738 ], [ -86.836906, 35.573649 ], [ -86.836867, 35.573439 ], [ -86.836789, 35.573211 ], [ -86.836176, 35.571676 ], [ -86.83505, 35.568916 ], [ -86.834924, 35.56858 ], [ -86.834839, 35.568353 ], [ -86.834578, 35.567564 ], [ -86.834542, 35.567455 ], [ -86.834466, 35.567224 ], [ -86.834443, 35.567146 ], [ -86.834376, 35.566914 ], [ -86.834354, 35.566837 ], [ -86.837121, 35.56704 ], [ -86.839832, 35.567239 ], [ -86.840489, 35.567286 ], [ -86.840591, 35.566656 ], [ -86.841264, 35.562397 ], [ -86.841399, 35.561548 ], [ -86.841704, 35.559657 ], [ -86.841005, 35.559609 ], [ -86.840753, 35.559592 ], [ -86.838914, 35.559428 ], [ -86.838515, 35.559393 ], [ -86.838234, 35.559387 ], [ -86.838216, 35.559388 ], [ -86.838456, 35.557267 ], [ -86.839048, 35.552055 ], [ -86.839704, 35.552065 ], [ -86.840166, 35.551871 ], [ -86.841947, 35.551125 ], [ -86.84213, 35.551036 ], [ -86.8419, 35.550996 ], [ -86.84185, 35.550987 ], [ -86.841583, 35.550942 ], [ -86.841004, 35.550886 ], [ -86.840906, 35.550877 ], [ -86.840761, 35.550881 ], [ -86.840721, 35.550882 ], [ -86.840523, 35.550913 ], [ -86.840398, 35.550921 ], [ -86.839943, 35.5509 ], [ -86.839748, 35.550892 ], [ -86.839543, 35.550874 ], [ -86.838928, 35.550822 ], [ -86.838724, 35.550805 ], [ -86.838636, 35.550801 ], [ -86.838375, 35.550789 ], [ -86.838288, 35.550785 ], [ -86.83825, 35.550783 ], [ -86.838137, 35.550777 ], [ -86.8381, 35.550776 ], [ -86.838155, 35.550652 ], [ -86.838322, 35.55028 ], [ -86.838378, 35.550157 ], [ -86.838793, 35.549227 ], [ -86.84004, 35.546438 ], [ -86.840457, 35.545509 ], [ -86.840736, 35.544895 ], [ -86.841574, 35.543056 ], [ -86.841854, 35.542443 ], [ -86.842292, 35.54148 ], [ -86.843605, 35.538595 ], [ -86.844045, 35.537634 ], [ -86.844589, 35.536439 ], [ -86.846224, 35.532854 ], [ -86.846769, 35.531661 ], [ -86.847128, 35.530873 ], [ -86.848206, 35.528508 ], [ -86.848566, 35.527721 ], [ -86.849549, 35.525565 ], [ -86.849573, 35.525515 ], [ -86.854406, 35.520384 ], [ -86.856031, 35.518663 ], [ -86.86166, 35.512689 ], [ -86.862228, 35.512088 ], [ -86.87128, 35.502486 ], [ -86.871148, 35.50334 ], [ -86.872777, 35.503451 ], [ -86.871752, 35.51149 ], [ -86.870715, 35.519635 ], [ -86.870617, 35.520405 ], [ -86.870568, 35.520796 ], [ -86.872496, 35.520988 ], [ -86.87327, 35.521065 ], [ -86.875001, 35.521244 ], [ -86.875589, 35.521251 ], [ -86.875774, 35.519867 ], [ -86.877143, 35.509669 ], [ -86.877916, 35.509703 ], [ -86.877927, 35.509594 ], [ -86.878332, 35.505892 ], [ -86.878376, 35.505487 ], [ -86.878509, 35.504275 ], [ -86.878554, 35.503871 ], [ -86.87888, 35.503888 ], [ -86.879652, 35.503929 ], [ -86.879677, 35.503723 ], [ -86.879718, 35.503399 ], [ -86.879802, 35.502723 ], [ -86.880006, 35.501097 ], [ -86.880408, 35.501106 ], [ -86.881089, 35.501123 ], [ -86.881087, 35.501112 ], [ -86.881071, 35.501071 ], [ -86.881011, 35.500918 ], [ -86.880991, 35.500867 ], [ -86.880975, 35.500827 ], [ -86.880958, 35.500709 ], [ -86.88096, 35.500685 ], [ -86.880972, 35.500597 ], [ -86.881009, 35.500504 ], [ -86.881066, 35.500331 ], [ -86.881077, 35.500235 ], [ -86.881092, 35.500187 ], [ -86.881076, 35.500149 ], [ -86.881065, 35.500122 ], [ -86.881066, 35.500073 ], [ -86.881078, 35.499995 ], [ -86.881078, 35.499967 ], [ -86.881078, 35.499735 ], [ -86.881099, 35.499614 ], [ -86.881128, 35.499535 ], [ -86.881162, 35.499487 ], [ -86.881221, 35.499356 ], [ -86.881233, 35.499298 ], [ -86.881245, 35.499267 ], [ -86.881262, 35.499088 ], [ -86.881259, 35.499074 ], [ -86.881245, 35.498978 ], [ -86.881162, 35.498903 ], [ -86.881044, 35.498834 ], [ -86.880944, 35.498807 ], [ -86.880899, 35.498784 ], [ -86.880851, 35.498772 ], [ -86.880809, 35.498752 ], [ -86.880717, 35.498717 ], [ -86.880616, 35.498649 ], [ -86.880574, 35.498607 ], [ -86.880558, 35.498559 ], [ -86.880558, 35.49847 ], [ -86.880599, 35.498174 ], [ -86.8806, 35.498072 ], [ -86.880549, 35.497907 ], [ -86.880545, 35.497869 ], [ -86.880528, 35.497793 ], [ -86.880515, 35.497659 ], [ -86.88054, 35.49726 ], [ -86.880519, 35.497044 ], [ -86.880503, 35.496982 ], [ -86.88049, 35.496951 ], [ -86.880473, 35.496821 ], [ -86.880472, 35.496759 ], [ -86.880477, 35.496726 ], [ -86.880569, 35.496151 ], [ -86.880577, 35.496013 ], [ -86.880598, 35.495879 ], [ -86.880601, 35.495828 ], [ -86.880593, 35.49581 ], [ -86.880604, 35.495794 ], [ -86.880618, 35.49557 ], [ -86.880623, 35.495508 ], [ -86.880622, 35.495233 ], [ -86.880607, 35.494839 ], [ -86.880599, 35.494596 ], [ -86.880594, 35.494477 ], [ -86.880584, 35.494178 ], [ -86.880589, 35.494122 ], [ -86.8806, 35.494003 ], [ -86.882247, 35.492593 ], [ -86.88719, 35.488366 ], [ -86.888838, 35.486958 ], [ -86.888897, 35.486907 ], [ -86.889073, 35.486756 ], [ -86.889133, 35.486706 ], [ -86.889235, 35.486618 ], [ -86.889398, 35.486478 ], [ -86.889544, 35.486354 ], [ -86.889647, 35.486267 ], [ -86.890439, 35.485588 ], [ -86.892818, 35.483553 ], [ -86.893612, 35.482875 ], [ -86.893728, 35.482775 ], [ -86.893804, 35.48271 ], [ -86.894077, 35.482477 ], [ -86.894194, 35.482378 ], [ -86.894258, 35.482322 ], [ -86.894451, 35.482156 ], [ -86.894516, 35.482101 ], [ -86.894733, 35.481915 ], [ -86.895384, 35.481358 ], [ -86.895602, 35.481173 ], [ -86.895582, 35.481153 ], [ -86.895522, 35.481093 ], [ -86.895502, 35.481073 ], [ -86.897315, 35.479993 ], [ -86.902756, 35.476753 ], [ -86.90457, 35.475675 ], [ -86.905052, 35.475386 ], [ -86.9065, 35.474525 ], [ -86.906985, 35.474238 ], [ -86.908728, 35.4732 ], [ -86.912302, 35.471073 ], [ -86.913949, 35.470074 ], [ -86.915684, 35.469023 ], [ -86.916402, 35.468585 ], [ -86.920076, 35.466359 ], [ -86.920169, 35.466302 ], [ -86.92045, 35.466131 ], [ -86.920544, 35.466075 ], [ -86.922645, 35.4648 ], [ -86.924503, 35.463674 ], [ -86.921107, 35.459735 ], [ -86.919503, 35.457874 ], [ -86.919403, 35.457874 ], [ -86.919147, 35.45685 ], [ -86.919003, 35.456274 ], [ -86.921403, 35.456074 ], [ -86.921622, 35.455666 ], [ -86.922103, 35.454774 ], [ -86.922203, 35.454874 ], [ -86.923242, 35.455013 ], [ -86.926363, 35.455433 ], [ -86.927403, 35.455574 ], [ -86.92761, 35.454901 ], [ -86.927802, 35.454287 ], [ -86.928375, 35.454358 ], [ -86.929258, 35.454467 ], [ -86.929796, 35.454534 ], [ -86.929957, 35.454554 ], [ -86.930006, 35.454555 ], [ -86.930155, 35.454562 ], [ -86.930205, 35.454565 ], [ -86.930226, 35.454648 ], [ -86.930327, 35.455003 ], [ -86.93038, 35.455209 ], [ -86.930472, 35.455569 ], [ -86.930833, 35.455586 ], [ -86.93121, 35.455561 ], [ -86.932635, 35.455434 ], [ -86.932582, 35.455685 ], [ -86.932556, 35.455807 ], [ -86.932203, 35.457574 ], [ -86.932983, 35.457674 ], [ -86.935323, 35.457974 ], [ -86.936103, 35.458074 ], [ -86.936163, 35.458274 ], [ -86.936343, 35.458874 ], [ -86.936403, 35.459074 ], [ -86.940039, 35.457588 ], [ -86.950949, 35.45313 ], [ -86.954586, 35.451645 ], [ -86.95483, 35.451545 ], [ -86.955004, 35.451474 ], [ -86.955192, 35.449721 ], [ -86.955902, 35.443114 ], [ -86.956139, 35.440913 ], [ -86.956172, 35.440605 ], [ -86.95627, 35.439681 ], [ -86.956304, 35.439374 ], [ -86.956304, 35.439334 ], [ -86.956304, 35.439214 ], [ -86.956304, 35.439174 ], [ -86.956319, 35.439101 ], [ -86.956364, 35.438885 ], [ -86.95638, 35.438813 ], [ -86.956828, 35.436644 ], [ -86.956992, 35.435856 ], [ -86.957759, 35.432157 ], [ -86.957999, 35.431012 ], [ -86.958172, 35.43014 ], [ -86.958606, 35.427969 ], [ -86.958643, 35.427779 ], [ -86.958756, 35.427212 ], [ -86.958794, 35.427023 ], [ -86.95899, 35.426042 ], [ -86.959577, 35.423102 ], [ -86.959774, 35.422123 ], [ -86.959979, 35.421102 ], [ -86.960597, 35.418041 ], [ -86.960804, 35.417021 ], [ -86.96082, 35.416946 ], [ -86.960839, 35.416495 ], [ -86.960855, 35.416149 ], [ -86.960823, 35.415949 ], [ -86.960734, 35.415521 ], [ -86.960664, 35.415183 ], [ -86.96063, 35.414959 ], [ -86.960628, 35.414934 ], [ -86.960617, 35.414757 ], [ -86.960622, 35.414552 ], [ -86.960636, 35.414408 ], [ -86.960651, 35.414252 ], [ -86.960672, 35.41413 ], [ -86.960756, 35.413656 ], [ -86.960766, 35.413503 ], [ -86.960751, 35.413423 ], [ -86.960696, 35.413336 ], [ -86.960686, 35.413316 ], [ -86.960565, 35.413064 ], [ -86.960675, 35.413026 ], [ -86.960758, 35.412999 ], [ -86.960882, 35.412977 ], [ -86.96102, 35.412965 ], [ -86.961137, 35.412955 ], [ -86.961285, 35.41288 ], [ -86.961465, 35.412704 ], [ -86.961636, 35.412538 ], [ -86.961779, 35.412468 ], [ -86.96232, 35.412496 ], [ -86.962513, 35.412507 ], [ -86.962932, 35.412522 ], [ -86.963323, 35.412569 ], [ -86.963476, 35.412576 ], [ -86.963628, 35.41253 ], [ -86.9638, 35.412421 ], [ -86.963963, 35.412269 ], [ -86.964426, 35.412046 ], [ -86.964911, 35.411913 ], [ -86.965691, 35.412143 ], [ -86.96597, 35.41213 ], [ -86.966104, 35.412175 ], [ -86.966204, 35.412175 ], [ -86.966304, 35.412175 ], [ -86.966504, 35.412175 ], [ -86.967304, 35.412075 ], [ -86.967604, 35.412075 ], [ -86.968004, 35.412075 ], [ -86.968204, 35.412075 ], [ -86.968304, 35.412375 ], [ -86.968504, 35.412675 ], [ -86.969104, 35.413275 ], [ -86.969604, 35.413575 ], [ -86.969776, 35.41369 ], [ -86.970204, 35.413975 ], [ -86.970504, 35.414575 ], [ -86.970704, 35.415075 ], [ -86.971004, 35.415775 ], [ -86.971404, 35.416075 ], [ -86.971704, 35.415675 ], [ -86.972204, 35.415075 ], [ -86.972504, 35.414975 ], [ -86.973304, 35.414675 ], [ -86.973704, 35.414575 ], [ -86.974004, 35.414575 ], [ -86.974704, 35.414775 ], [ -86.975004, 35.415075 ], [ -86.975304, 35.415575 ], [ -86.975804, 35.416075 ], [ -86.976004, 35.416275 ], [ -86.976204, 35.416275 ], [ -86.976804, 35.415975 ], [ -86.977804, 35.415675 ], [ -86.978504, 35.415675 ], [ -86.978704, 35.415875 ], [ -86.979204, 35.416275 ], [ -86.979704, 35.416875 ], [ -86.980204, 35.416975 ], [ -86.981204, 35.417075 ], [ -86.981805, 35.417075 ], [ -86.982305, 35.417375 ], [ -86.982505, 35.417775 ], [ -86.982405, 35.418675 ], [ -86.982605, 35.419375 ], [ -86.982905, 35.419975 ], [ -86.983305, 35.419975 ], [ -86.983805, 35.419975 ], [ -86.984405, 35.420075 ], [ -86.984805, 35.419875 ], [ -86.984905, 35.419775 ], [ -86.985105, 35.418575 ], [ -86.985205, 35.418475 ], [ -86.986005, 35.418375 ], [ -86.987005, 35.417975 ], [ -86.987105, 35.417775 ], [ -86.987205, 35.417475 ], [ -86.986805, 35.416975 ], [ -86.986105, 35.416475 ], [ -86.986105, 35.416075 ], [ -86.986105, 35.415569 ], [ -86.986005, 35.414975 ], [ -86.985805, 35.414375 ], [ -86.985805, 35.413475 ], [ -86.986042, 35.412761 ], [ -86.986105, 35.412575 ], [ -86.986205, 35.412375 ], [ -86.986105, 35.411375 ], [ -86.986705, 35.409375 ], [ -86.986805, 35.409375 ], [ -86.986905, 35.409375 ], [ -86.987305, 35.409275 ], [ -86.987705, 35.409275 ], [ -86.988405, 35.409075 ], [ -86.989105, 35.408675 ], [ -86.990705, 35.408175 ], [ -86.990905, 35.408175 ], [ -86.991005, 35.408575 ], [ -86.991121, 35.408866 ], [ -86.991205, 35.409075 ], [ -86.991405, 35.409375 ], [ -86.991805, 35.409875 ], [ -86.992005, 35.409975 ], [ -86.992305, 35.409875 ], [ -86.993205, 35.409575 ], [ -86.993377, 35.409554 ], [ -86.99342, 35.409544 ], [ -86.993432, 35.409543 ], [ -86.994004, 35.409471 ], [ -86.994604, 35.409471 ], [ -86.995004, 35.409371 ], [ -86.995309, 35.40932 ], [ -86.995604, 35.409271 ], [ -86.995904, 35.409371 ], [ -86.996404, 35.409472 ], [ -86.996804, 35.409472 ], [ -86.997405, 35.409472 ], [ -86.998205, 35.409372 ], [ -86.998805, 35.409573 ], [ -86.998905, 35.409773 ], [ -86.999105, 35.410373 ], [ -86.999305, 35.410673 ], [ -86.999605, 35.411173 ], [ -86.999871, 35.411373 ], [ -87.000005, 35.411474 ], [ -87.001413, 35.412482 ], [ -87.001582, 35.412533 ], [ -87.00178, 35.412594 ], [ -87.002101, 35.412657 ], [ -87.002277, 35.412692 ], [ -87.002482, 35.41273 ], [ -87.003845, 35.412995 ], [ -87.005419, 35.413302 ], [ -87.007965, 35.413084 ], [ -87.008598, 35.413028 ], [ -87.00923, 35.412974 ], [ -87.009995, 35.413417 ], [ -87.010047, 35.413479 ], [ -87.01012, 35.413569 ], [ -87.010884, 35.41379 ], [ -87.011305, 35.414071 ], [ -87.011431, 35.414155 ], [ -87.011852, 35.414269 ], [ -87.01252, 35.414038 ], [ -87.012775, 35.413918 ], [ -87.013294, 35.414001 ], [ -87.013538, 35.414228 ], [ -87.013917, 35.414737 ], [ -87.01423, 35.414972 ], [ -87.014641, 35.415079 ], [ -87.014983, 35.41521 ], [ -87.01602, 35.415608 ], [ -87.016325, 35.415645 ], [ -87.016833, 35.415708 ], [ -87.017137, 35.415734 ], [ -87.017347, 35.415781 ], [ -87.017499, 35.415816 ], [ -87.017567, 35.415921 ], [ -87.017606, 35.416026 ], [ -87.017759, 35.416526 ], [ -87.017885, 35.416801 ], [ -87.018012, 35.416946 ], [ -87.01804, 35.417156 ], [ -87.017783, 35.417574 ], [ -87.017517, 35.417734 ], [ -87.017055, 35.417918 ], [ -87.016894, 35.417991 ], [ -87.016741, 35.418062 ], [ -87.016592, 35.418335 ], [ -87.016395, 35.418536 ], [ -87.016221, 35.418744 ], [ -87.016218, 35.418827 ], [ -87.016209, 35.41908 ], [ -87.016207, 35.419164 ], [ -87.016527, 35.419447 ], [ -87.016674, 35.419467 ], [ -87.017114, 35.41953 ], [ -87.017595, 35.419411 ], [ -87.018311, 35.419519 ], [ -87.018366, 35.41955 ], [ -87.018643, 35.419706 ], [ -87.018832, 35.419883 ], [ -87.019024, 35.420062 ], [ -87.018713, 35.421092 ], [ -87.018673, 35.421287 ], [ -87.018521, 35.422035 ], [ -87.018528, 35.422494 ], [ -87.018712, 35.42289 ], [ -87.019062, 35.423375 ], [ -87.01949, 35.424005 ], [ -87.019569, 35.423982 ], [ -87.019824, 35.423958 ], [ -87.020051, 35.423774 ], [ -87.020833, 35.423206 ], [ -87.021499, 35.422724 ], [ -87.021528, 35.42278 ], [ -87.021595, 35.423055 ], [ -87.021525, 35.423296 ], [ -87.021563, 35.423409 ], [ -87.021697, 35.423692 ], [ -87.021892, 35.42399 ], [ -87.022028, 35.424209 ], [ -87.022205, 35.424371 ], [ -87.02239, 35.424412 ], [ -87.022616, 35.424446 ], [ -87.02272, 35.424415 ], [ -87.023165, 35.424287 ], [ -87.023527, 35.424465 ], [ -87.0243, 35.424985 ], [ -87.024415, 35.425404 ], [ -87.0245, 35.425928 ], [ -87.024702, 35.426566 ], [ -87.024839, 35.42676 ], [ -87.02513, 35.427003 ], [ -87.025384, 35.427295 ], [ -87.02542, 35.427923 ], [ -87.025419, 35.427938 ], [ -87.025366, 35.428792 ], [ -87.02548, 35.4293 ], [ -87.025608, 35.429451 ], [ -87.025702, 35.429525 ], [ -87.026646, 35.430266 ], [ -87.027461, 35.430824 ], [ -87.027898, 35.431081 ], [ -87.028455, 35.43141 ], [ -87.029434, 35.431915 ], [ -87.030114, 35.432201 ], [ -87.030201, 35.431846 ], [ -87.030732, 35.4319 ], [ -87.031681, 35.431874 ], [ -87.032728, 35.431709 ], [ -87.03348, 35.431395 ], [ -87.034481, 35.430836 ], [ -87.035051, 35.430377 ], [ -87.035366, 35.430125 ], [ -87.036151, 35.429403 ], [ -87.037003, 35.428811 ], [ -87.03718, 35.428747 ], [ -87.037215, 35.428734 ], [ -87.037663, 35.428568 ], [ -87.03834, 35.428426 ], [ -87.038762, 35.428306 ], [ -87.039164, 35.428373 ], [ -87.039595, 35.428447 ], [ -87.040007, 35.428336 ], [ -87.040292, 35.428248 ], [ -87.040772, 35.428339 ], [ -87.041173, 35.428574 ], [ -87.041425, 35.428707 ], [ -87.041496, 35.428744 ], [ -87.0418, 35.428681 ], [ -87.042163, 35.428618 ], [ -87.042516, 35.428611 ], [ -87.043073, 35.428928 ], [ -87.043434, 35.429252 ], [ -87.04361, 35.429414 ], [ -87.043864, 35.429447 ], [ -87.044525, 35.428877 ], [ -87.044938, 35.428629 ], [ -87.045321, 35.428413 ], [ -87.0459, 35.428415 ], [ -87.046448, 35.428538 ], [ -87.046849, 35.428838 ], [ -87.047249, 35.429178 ], [ -87.047796, 35.429599 ], [ -87.048375, 35.429513 ], [ -87.048738, 35.429329 ], [ -87.049083, 35.429145 ], [ -87.049542, 35.429332 ], [ -87.049816, 35.429454 ], [ -87.050179, 35.429431 ], [ -87.050386, 35.429343 ], [ -87.050483, 35.429368 ], [ -87.050678, 35.42965 ], [ -87.050587, 35.430222 ], [ -87.050585, 35.430569 ], [ -87.050721, 35.430707 ], [ -87.051241, 35.430612 ], [ -87.05181, 35.430558 ], [ -87.052353, 35.430479 ], [ -87.052409, 35.430471 ], [ -87.053017, 35.430554 ], [ -87.053221, 35.430732 ], [ -87.053198, 35.431369 ], [ -87.053256, 35.431667 ], [ -87.053823, 35.431863 ], [ -87.054608, 35.431769 ], [ -87.055296, 35.431449 ], [ -87.055621, 35.431177 ], [ -87.055944, 35.431129 ], [ -87.056152, 35.431216 ], [ -87.056403, 35.431323 ], [ -87.05658, 35.431524 ], [ -87.056904, 35.431654 ], [ -87.057286, 35.431533 ], [ -87.057651, 35.431479 ], [ -87.058199, 35.4314 ], [ -87.058286, 35.431382 ], [ -87.05862, 35.431296 ], [ -87.058964, 35.431265 ], [ -87.05918, 35.431354 ], [ -87.059218, 35.431604 ], [ -87.059325, 35.431791 ], [ -87.059439, 35.431937 ], [ -87.059773, 35.432122 ], [ -87.060008, 35.432212 ], [ -87.060243, 35.432455 ], [ -87.060525, 35.432907 ], [ -87.061072, 35.43341 ], [ -87.061295, 35.433724 ], [ -87.061614, 35.43418 ], [ -87.06184, 35.434501 ], [ -87.062035, 35.434598 ], [ -87.062183, 35.434454 ], [ -87.062429, 35.434261 ], [ -87.062754, 35.434077 ], [ -87.063058, 35.434094 ], [ -87.063389, 35.434257 ], [ -87.064067, 35.43434 ], [ -87.065769, 35.434943 ], [ -87.066454, 35.43527 ], [ -87.066826, 35.435463 ], [ -87.066863, 35.435842 ], [ -87.067105, 35.436383 ], [ -87.067252, 35.436569 ], [ -87.067573, 35.436725 ], [ -87.068239, 35.43696 ], [ -87.068581, 35.437242 ], [ -87.069079, 35.437664 ], [ -87.069431, 35.437963 ], [ -87.06945, 35.438085 ], [ -87.070067, 35.438233 ], [ -87.070459, 35.438283 ], [ -87.070537, 35.438421 ], [ -87.070663, 35.438679 ], [ -87.070729, 35.438953 ], [ -87.071012, 35.439502 ], [ -87.071303, 35.439988 ], [ -87.071585, 35.440294 ], [ -87.071771, 35.440383 ], [ -87.072281, 35.440474 ], [ -87.072956, 35.440597 ], [ -87.073046, 35.440615 ], [ -87.073565, 35.440738 ], [ -87.073964, 35.440868 ], [ -87.074681, 35.441017 ], [ -87.075131, 35.441001 ], [ -87.075621, 35.441003 ], [ -87.075876, 35.441117 ], [ -87.076101, 35.441384 ], [ -87.076239, 35.44153 ], [ -87.076473, 35.441691 ], [ -87.07698, 35.441999 ], [ -87.077369, 35.442191 ], [ -87.077537, 35.442045 ], [ -87.077582, 35.441994 ], [ -87.077621, 35.441937 ], [ -87.077758, 35.441722 ], [ -87.077806, 35.441606 ], [ -87.077808, 35.441592 ], [ -87.077874, 35.441272 ], [ -87.07797, 35.440888 ], [ -87.078038, 35.440755 ], [ -87.078127, 35.440666 ], [ -87.078229, 35.440627 ], [ -87.078411, 35.44066 ], [ -87.078718, 35.440726 ], [ -87.07912, 35.440821 ], [ -87.079349, 35.440893 ], [ -87.079701, 35.441004 ], [ -87.080048, 35.441171 ], [ -87.080093, 35.44121 ], [ -87.080547, 35.441942 ], [ -87.08079, 35.44236 ], [ -87.081092, 35.442675 ], [ -87.081405, 35.44282 ], [ -87.08206, 35.442683 ], [ -87.082501, 35.442499 ], [ -87.082647, 35.442423 ], [ -87.082843, 35.442323 ], [ -87.082991, 35.442219 ], [ -87.083196, 35.442154 ], [ -87.083361, 35.442107 ], [ -87.083488, 35.442275 ], [ -87.083634, 35.442613 ], [ -87.08375, 35.442918 ], [ -87.083828, 35.443014 ], [ -87.083994, 35.443135 ], [ -87.084366, 35.443191 ], [ -87.084699, 35.443072 ], [ -87.084992, 35.442911 ], [ -87.085315, 35.442799 ], [ -87.085618, 35.442727 ], [ -87.086019, 35.442728 ], [ -87.086389, 35.442985 ], [ -87.08677, 35.44325 ], [ -87.086995, 35.443427 ], [ -87.087327, 35.443524 ], [ -87.08763, 35.443509 ], [ -87.087885, 35.44326 ], [ -87.088208, 35.442883 ], [ -87.088649, 35.442706 ], [ -87.089225, 35.44257 ], [ -87.089626, 35.44257 ], [ -87.089988, 35.442539 ], [ -87.090614, 35.442379 ], [ -87.090917, 35.442163 ], [ -87.091211, 35.442106 ], [ -87.091408, 35.442111 ], [ -87.091532, 35.442114 ], [ -87.091543, 35.442115 ], [ -87.091759, 35.442163 ], [ -87.091943, 35.442204 ], [ -87.092452, 35.442284 ], [ -87.092765, 35.442164 ], [ -87.092873, 35.442069 ], [ -87.09304, 35.441923 ], [ -87.093108, 35.441754 ], [ -87.093226, 35.441627 ], [ -87.093353, 35.441554 ], [ -87.093548, 35.441595 ], [ -87.093774, 35.441659 ], [ -87.093968, 35.441755 ], [ -87.09423, 35.441793 ], [ -87.09434, 35.441764 ], [ -87.094465, 35.441845 ], [ -87.094477, 35.441967 ], [ -87.094486, 35.442087 ], [ -87.094453, 35.442474 ], [ -87.094443, 35.442601 ], [ -87.094531, 35.442869 ], [ -87.094708, 35.442926 ], [ -87.094934, 35.442789 ], [ -87.095396, 35.442598 ], [ -87.095837, 35.442656 ], [ -87.096424, 35.442843 ], [ -87.096579, 35.443263 ], [ -87.096655, 35.443698 ], [ -87.096574, 35.444222 ], [ -87.096897, 35.444513 ], [ -87.097377, 35.444547 ], [ -87.097554, 35.444467 ], [ -87.097957, 35.444331 ], [ -87.098368, 35.444446 ], [ -87.098662, 35.444567 ], [ -87.099327, 35.4449 ], [ -87.099649, 35.445143 ], [ -87.099678, 35.445288 ], [ -87.099815, 35.445353 ], [ -87.100012, 35.445265 ], [ -87.100149, 35.445234 ], [ -87.100483, 35.445202 ], [ -87.100855, 35.44518 ], [ -87.101192, 35.445267 ], [ -87.101355, 35.44531 ], [ -87.101619, 35.44548 ], [ -87.101765, 35.44569 ], [ -87.101764, 35.445997 ], [ -87.10187, 35.446263 ], [ -87.101907, 35.446787 ], [ -87.102052, 35.44715 ], [ -87.102355, 35.447442 ], [ -87.102393, 35.447651 ], [ -87.102274, 35.447868 ], [ -87.102096, 35.448223 ], [ -87.10183, 35.448536 ], [ -87.101563, 35.448857 ], [ -87.101248, 35.449259 ], [ -87.101237, 35.449404 ], [ -87.101246, 35.449614 ], [ -87.101334, 35.449695 ], [ -87.101706, 35.449704 ], [ -87.102147, 35.449835 ], [ -87.102411, 35.449965 ], [ -87.102665, 35.450127 ], [ -87.102871, 35.45024 ], [ -87.103331, 35.450451 ], [ -87.103753, 35.45038 ], [ -87.104089, 35.450011 ], [ -87.104679, 35.449739 ], [ -87.106014, 35.449574 ], [ -87.106257, 35.449905 ], [ -87.106756, 35.450197 ], [ -87.107098, 35.450512 ], [ -87.107393, 35.450183 ], [ -87.108093, 35.44942 ], [ -87.109204, 35.448996 ], [ -87.109701, 35.449659 ], [ -87.11006, 35.450458 ], [ -87.110382, 35.45087 ], [ -87.110577, 35.451024 ], [ -87.111136, 35.451066 ], [ -87.112018, 35.45119 ], [ -87.112624, 35.451611 ], [ -87.112986, 35.451911 ], [ -87.113249, 35.452161 ], [ -87.113641, 35.452356 ], [ -87.113897, 35.452131 ], [ -87.114251, 35.451858 ], [ -87.114703, 35.451731 ], [ -87.115448, 35.451757 ], [ -87.116076, 35.451687 ], [ -87.116264, 35.451446 ], [ -87.116724, 35.451528 ], [ -87.117253, 35.451723 ], [ -87.117791, 35.452055 ], [ -87.118025, 35.452379 ], [ -87.118023, 35.452773 ], [ -87.117981, 35.453447 ], [ -87.11798, 35.453467 ], [ -87.11783, 35.454272 ], [ -87.117809, 35.454554 ], [ -87.117965, 35.454643 ], [ -87.118141, 35.454692 ], [ -87.118652, 35.454525 ], [ -87.119261, 35.454333 ], [ -87.119828, 35.454714 ], [ -87.120307, 35.455167 ], [ -87.120883, 35.45566 ], [ -87.121109, 35.455661 ], [ -87.121629, 35.455663 ], [ -87.121952, 35.455825 ], [ -87.122529, 35.456061 ], [ -87.123199, 35.455474 ], [ -87.123386, 35.455387 ], [ -87.123602, 35.455346 ], [ -87.123819, 35.455318 ], [ -87.124102, 35.455304 ], [ -87.124584, 35.455205 ], [ -87.124634, 35.455194 ], [ -87.125007, 35.45515 ], [ -87.125196, 35.455199 ], [ -87.125411, 35.455256 ], [ -87.125742, 35.455159 ], [ -87.126236, 35.455063 ], [ -87.126525, 35.454932 ], [ -87.12714, 35.454944 ], [ -87.127269, 35.454976 ], [ -87.127671, 35.455046 ], [ -87.128029, 35.455269 ], [ -87.128143, 35.455429 ], [ -87.128239, 35.455593 ], [ -87.128552, 35.456004 ], [ -87.128871, 35.456201 ], [ -87.129112, 35.456019 ], [ -87.129475, 35.455637 ], [ -87.129793, 35.455101 ], [ -87.129847, 35.45453 ], [ -87.130036, 35.454025 ], [ -87.130412, 35.453933 ], [ -87.131014, 35.453853 ], [ -87.132289, 35.45363 ], [ -87.133875, 35.453161 ], [ -87.135141, 35.452502 ], [ -87.135824, 35.451899 ], [ -87.13621, 35.451405 ], [ -87.136728, 35.450751 ], [ -87.136971, 35.450053 ], [ -87.137161, 35.44954 ], [ -87.137183, 35.449041 ], [ -87.137289, 35.448729 ], [ -87.13759, 35.448491 ], [ -87.137888, 35.448358 ], [ -87.13834, 35.448365 ], [ -87.139608, 35.448834 ], [ -87.139896, 35.449129 ], [ -87.140336, 35.449264 ], [ -87.140858, 35.449231 ], [ -87.141251, 35.448858 ], [ -87.14142, 35.448433 ], [ -87.141652, 35.448411 ], [ -87.141921, 35.44838 ], [ -87.142261, 35.448144 ], [ -87.142762, 35.44778 ], [ -87.143202, 35.447433 ], [ -87.143655, 35.44747 ], [ -87.143909, 35.447521 ], [ -87.144495, 35.447723 ], [ -87.144831, 35.447631 ], [ -87.145276, 35.447618 ], [ -87.145382, 35.447615 ], [ -87.146316, 35.447651 ], [ -87.146867, 35.447635 ], [ -87.147401, 35.447102 ], [ -87.147844, 35.447099 ], [ -87.148384, 35.447139 ], [ -87.149162, 35.447078 ], [ -87.149904, 35.446918 ], [ -87.15006, 35.446581 ], [ -87.150267, 35.445738 ], [ -87.150426, 35.44566 ], [ -87.150824, 35.445875 ], [ -87.151324, 35.445906 ], [ -87.151884, 35.445608 ], [ -87.15242, 35.444986 ], [ -87.152422, 35.44447 ], [ -87.152338, 35.443857 ], [ -87.152277, 35.443518 ], [ -87.152488, 35.443335 ], [ -87.152913, 35.443243 ], [ -87.153822, 35.443112 ], [ -87.15398, 35.443024 ], [ -87.154349, 35.442821 ], [ -87.154952, 35.442289 ], [ -87.155068, 35.441566 ], [ -87.154919, 35.440757 ], [ -87.155149, 35.440212 ], [ -87.155641, 35.439826 ], [ -87.155812, 35.439676 ], [ -87.157077, 35.439514 ], [ -87.157089, 35.439509 ], [ -87.157516, 35.439312 ], [ -87.157422, 35.438787 ], [ -87.15723, 35.438396 ], [ -87.15718, 35.438299 ], [ -87.157145, 35.438145 ], [ -87.157304, 35.438051 ], [ -87.157577, 35.437976 ], [ -87.157918, 35.437881 ], [ -87.158241, 35.437491 ], [ -87.158646, 35.437029 ], [ -87.159161, 35.436495 ], [ -87.159245, 35.436364 ], [ -87.159784, 35.435536 ], [ -87.160192, 35.435377 ], [ -87.160263, 35.435371 ], [ -87.160281, 35.435369 ], [ -87.163684, 35.435055 ], [ -87.163902, 35.435252 ], [ -87.165744, 35.436923 ], [ -87.170608, 35.435884 ], [ -87.174202, 35.435115 ], [ -87.177622, 35.434385 ], [ -87.177833, 35.434341 ], [ -87.178811, 35.434131 ], [ -87.181748, 35.433505 ], [ -87.181912, 35.433471 ], [ -87.182529, 35.43333 ], [ -87.182725, 35.433285 ], [ -87.183611, 35.433083 ], [ -87.185328, 35.432694 ], [ -87.186272, 35.432479 ], [ -87.187022, 35.43231 ], [ -87.18716, 35.432279 ], [ -87.187208, 35.432267 ], [ -87.187356, 35.432234 ], [ -87.187405, 35.432223 ], [ -87.188805, 35.431904 ], [ -87.193008, 35.430951 ], [ -87.193227, 35.430902 ], [ -87.194419, 35.431124 ], [ -87.194468, 35.431134 ], [ -87.194673, 35.431168 ], [ -87.195437, 35.431299 ], [ -87.195692, 35.431343 ], [ -87.195888, 35.431376 ], [ -87.196476, 35.431477 ], [ -87.196673, 35.431511 ], [ -87.197134, 35.43159 ], [ -87.19852, 35.431827 ], [ -87.198982, 35.431907 ], [ -87.199236, 35.431951 ], [ -87.199514, 35.431998 ], [ -87.201112, 35.432271 ], [ -87.201645, 35.432363 ], [ -87.202125, 35.432445 ], [ -87.203567, 35.432691 ], [ -87.204048, 35.432774 ], [ -87.204553, 35.43286 ], [ -87.205763, 35.433068 ], [ -87.206071, 35.43312 ], [ -87.206578, 35.433207 ], [ -87.206597, 35.43321 ], [ -87.206654, 35.43322 ], [ -87.206673, 35.433224 ], [ -87.206912, 35.43334 ], [ -87.207629, 35.433688 ], [ -87.207868, 35.433805 ], [ -87.208989, 35.434349 ], [ -87.212352, 35.435984 ], [ -87.213474, 35.436529 ], [ -87.217328, 35.438403 ], [ -87.218921, 35.438777 ], [ -87.22329, 35.439801 ], [ -87.226002, 35.440436 ], [ -87.226311, 35.440509 ], [ -87.226272, 35.440408 ], [ -87.225723, 35.4337 ], [ -87.225814, 35.433504 ], [ -87.22633, 35.432378 ], [ -87.226618, 35.431767 ], [ -87.226855, 35.431262 ], [ -87.227422, 35.430058 ], [ -87.227579, 35.429755 ], [ -87.227658, 35.429604 ], [ -87.227848, 35.429404 ], [ -87.227932, 35.429332 ], [ -87.23193, 35.430069 ], [ -87.243927, 35.432282 ], [ -87.247926, 35.43302 ], [ -87.248175, 35.433101 ], [ -87.248922, 35.433344 ], [ -87.249171, 35.433426 ], [ -87.249798, 35.43363 ], [ -87.250012, 35.4337 ], [ -87.251737, 35.434024 ], [ -87.252386, 35.434147 ], [ -87.257814, 35.43517 ], [ -87.26338, 35.436219 ], [ -87.271171, 35.437687 ], [ -87.2741, 35.438239 ], [ -87.277772, 35.438931 ], [ -87.279531, 35.439252 ], [ -87.279698, 35.439283 ], [ -87.279735, 35.43929 ], [ -87.2802, 35.439375 ], [ -87.280368, 35.439406 ], [ -87.280525, 35.439434 ], [ -87.280998, 35.439521 ], [ -87.281155, 35.43955 ], [ -87.281252, 35.439567 ], [ -87.281421, 35.439599 ], [ -87.281485, 35.439611 ], [ -87.281543, 35.439621 ], [ -87.28164, 35.439639 ], [ -87.282072, 35.439718 ], [ -87.283368, 35.439955 ], [ -87.2838, 35.440034 ], [ -87.284503, 35.440162 ], [ -87.286613, 35.440548 ], [ -87.287317, 35.440677 ], [ -87.287455, 35.440702 ], [ -87.287869, 35.440778 ], [ -87.288008, 35.440804 ], [ -87.288038, 35.440809 ], [ -87.288131, 35.440826 ], [ -87.288162, 35.440832 ], [ -87.288291, 35.440855 ], [ -87.288678, 35.440925 ], [ -87.288807, 35.440949 ], [ -87.288978, 35.44098 ], [ -87.289493, 35.441075 ], [ -87.289665, 35.441107 ], [ -87.2913, 35.441406 ], [ -87.295242, 35.442128 ], [ -87.294979, 35.443073 ], [ -87.294534, 35.444676 ], [ -87.294513, 35.444754 ], [ -87.294441, 35.444916 ], [ -87.294362, 35.445495 ], [ -87.294055, 35.447762 ], [ -87.294033, 35.44793 ], [ -87.294002, 35.448164 ], [ -87.293935, 35.448308 ], [ -87.293813, 35.448465 ], [ -87.293795, 35.448877 ], [ -87.293744, 35.450114 ], [ -87.293727, 35.450527 ], [ -87.293724, 35.450606 ], [ -87.293682, 35.451586 ], [ -87.293576, 35.451576 ], [ -87.290091, 35.451275 ], [ -87.28981, 35.451251 ], [ -87.289718, 35.45213 ], [ -87.289507, 35.454158 ], [ -87.289437, 35.454823 ], [ -87.289107, 35.457993 ], [ -87.28896, 35.459404 ], [ -87.285656, 35.45897 ], [ -87.285471, 35.458945 ], [ -87.284257, 35.458787 ], [ -87.282787, 35.458594 ], [ -87.282589, 35.458568 ], [ -87.281483, 35.458658 ], [ -87.281286, 35.459723 ], [ -87.280288, 35.465145 ], [ -87.279986, 35.466781 ], [ -87.279554, 35.469134 ], [ -87.27955, 35.469153 ], [ -87.27954, 35.46921 ], [ -87.279537, 35.46923 ], [ -87.279506, 35.4694 ], [ -87.279299, 35.469982 ], [ -87.27752, 35.470068 ], [ -87.276791, 35.470104 ], [ -87.275904, 35.475924 ], [ -87.275758, 35.476885 ], [ -87.275405, 35.479204 ], [ -87.275304, 35.47986 ], [ -87.274829, 35.482975 ], [ -87.274808, 35.483115 ], [ -87.274764, 35.483405 ], [ -87.27711, 35.483639 ], [ -87.279743, 35.483902 ], [ -87.279344, 35.488717 ], [ -87.278969, 35.489012 ], [ -87.278653, 35.489262 ], [ -87.276786, 35.490514 ], [ -87.276633, 35.49158 ], [ -87.276586, 35.491914 ], [ -87.276727, 35.492182 ], [ -87.277232, 35.492424 ], [ -87.278294, 35.492803 ], [ -87.278987, 35.492999 ], [ -87.279169, 35.493031 ], [ -87.279535, 35.493097 ], [ -87.280105, 35.493514 ], [ -87.280272, 35.494334 ], [ -87.280401, 35.495093 ], [ -87.280383, 35.495213 ], [ -87.280319, 35.495672 ], [ -87.280509, 35.495917 ], [ -87.281076, 35.496047 ], [ -87.281924, 35.495956 ], [ -87.282243, 35.496154 ], [ -87.282836, 35.496428 ], [ -87.283376, 35.496856 ], [ -87.283534, 35.497229 ], [ -87.283626, 35.497916 ], [ -87.283519, 35.498035 ], [ -87.283364, 35.49821 ], [ -87.283063, 35.498479 ], [ -87.282795, 35.498967 ], [ -87.282768, 35.499281 ], [ -87.282817, 35.499495 ], [ -87.28251, 35.499623 ], [ -87.282253, 35.499614 ], [ -87.281944, 35.49963 ], [ -87.281707, 35.499644 ], [ -87.2814, 35.499666 ], [ -87.280811, 35.500075 ], [ -87.279688, 35.500966 ], [ -87.278985, 35.501526 ], [ -87.277536, 35.50139 ], [ -87.275389, 35.50119 ], [ -87.273192, 35.500984 ], [ -87.271745, 35.500849 ], [ -87.27121, 35.500799 ], [ -87.2705, 35.500733 ], [ -87.270316, 35.501609 ], [ -87.270207, 35.502134 ], [ -87.270165, 35.502337 ], [ -87.270033, 35.502967 ], [ -87.269511, 35.505469 ], [ -87.269432, 35.505851 ], [ -87.269891, 35.505903 ], [ -87.271464, 35.506084 ], [ -87.276186, 35.50663 ], [ -87.27776, 35.506812 ], [ -87.278961, 35.506305 ], [ -87.282393, 35.50486 ], [ -87.282394, 35.505048 ], [ -87.282403, 35.505879 ], [ -87.282384, 35.506145 ], [ -87.282384, 35.506353 ], [ -87.282382, 35.506367 ], [ -87.282382, 35.506413 ], [ -87.282382, 35.50643 ], [ -87.282381, 35.506526 ], [ -87.28238, 35.506814 ], [ -87.28238, 35.506911 ], [ -87.282379, 35.507012 ], [ -87.282378, 35.507318 ], [ -87.282378, 35.50742 ], [ -87.282375, 35.508078 ], [ -87.282368, 35.510056 ], [ -87.282366, 35.510715 ], [ -87.282359, 35.512581 ], [ -87.282354, 35.514183 ], [ -87.28234, 35.518182 ], [ -87.282334, 35.520049 ], [ -87.282332, 35.520852 ], [ -87.282971, 35.520882 ], [ -87.283677, 35.520917 ], [ -87.28365, 35.524539 ], [ -87.28364, 35.525983 ], [ -87.284138, 35.525947 ], [ -87.284205, 35.525942 ], [ -87.285602, 35.52584 ], [ -87.285542, 35.526135 ], [ -87.285529, 35.526203 ], [ -87.28544, 35.526693 ], [ -87.285437, 35.526708 ], [ -87.285429, 35.526753 ], [ -87.285427, 35.526769 ], [ -87.285416, 35.526834 ], [ -87.285391, 35.526982 ], [ -87.285382, 35.527029 ], [ -87.28537, 35.527094 ], [ -87.285187, 35.528186 ], [ -87.284732, 35.530913 ], [ -87.28528, 35.53101 ], [ -87.286371, 35.531204 ], [ -87.286132, 35.533483 ], [ -87.285926, 35.53546 ], [ -87.285581, 35.538758 ], [ -87.286075, 35.538789 ], [ -87.286035, 35.539865 ], [ -87.285953, 35.542156 ], [ -87.288554, 35.542324 ], [ -87.290586, 35.542456 ], [ -87.289872, 35.548025 ], [ -87.290043, 35.548037 ], [ -87.292615, 35.548229 ], [ -87.292644, 35.54823 ], [ -87.293553, 35.548266 ], [ -87.296281, 35.548375 ], [ -87.296534, 35.548386 ], [ -87.29719, 35.548422 ], [ -87.298548, 35.548495 ], [ -87.302625, 35.548716 ], [ -87.303797, 35.54878 ], [ -87.303984, 35.548789 ], [ -87.305543, 35.548864 ], [ -87.308472, 35.549006 ], [ -87.310224, 35.54909 ], [ -87.311755, 35.549164 ], [ -87.311784, 35.549166 ], [ -87.312308, 35.549193 ], [ -87.313195, 35.54924 ], [ -87.313288, 35.548564 ], [ -87.31381, 35.548628 ], [ -87.315346, 35.548814 ], [ -87.317721, 35.549104 ], [ -87.317379, 35.551329 ], [ -87.317304, 35.551821 ], [ -87.317144, 35.552859 ], [ -87.317046, 35.553508 ], [ -87.317027, 35.55363 ], [ -87.316671, 35.555945 ], [ -87.31659, 35.556472 ], [ -87.316552, 35.556717 ], [ -87.316219, 35.558893 ], [ -87.316053, 35.55998 ], [ -87.315912, 35.560895 ], [ -87.315217, 35.565421 ], [ -87.314884, 35.567597 ], [ -87.316153, 35.567694 ], [ -87.319283, 35.567936 ], [ -87.319816, 35.568361 ], [ -87.320332, 35.568773 ], [ -87.320934, 35.568897 ], [ -87.321296, 35.568971 ], [ -87.321934, 35.569103 ], [ -87.322382, 35.569004 ], [ -87.322603, 35.568956 ], [ -87.322744, 35.568925 ], [ -87.322909, 35.568684 ], [ -87.323004, 35.568598 ], [ -87.323169, 35.568452 ], [ -87.323506, 35.568241 ], [ -87.323973, 35.568061 ], [ -87.324115, 35.568039 ], [ -87.324531, 35.567977 ], [ -87.324744, 35.56797 ], [ -87.324842, 35.567968 ], [ -87.325382, 35.568018 ], [ -87.325591, 35.568064 ], [ -87.325954, 35.568163 ], [ -87.327044, 35.56846 ], [ -87.327408, 35.56856 ], [ -87.327437, 35.568568 ], [ -87.327524, 35.568592 ], [ -87.327554, 35.5686 ], [ -87.32755, 35.568641 ], [ -87.327542, 35.568764 ], [ -87.327539, 35.568806 ], [ -87.327515, 35.569317 ], [ -87.327445, 35.570851 ], [ -87.327424, 35.571314 ], [ -87.327423, 35.571363 ], [ -87.327417, 35.571585 ], [ -87.327403, 35.572253 ], [ -87.327399, 35.572476 ], [ -87.327492, 35.572477 ], [ -87.327635, 35.572481 ], [ -87.327771, 35.572484 ], [ -87.327865, 35.572487 ], [ -87.331781, 35.572585 ], [ -87.33397, 35.57264 ], [ -87.338357, 35.57275 ], [ -87.338392, 35.57517 ], [ -87.338431, 35.577924 ], [ -87.338486, 35.581779 ], [ -87.338487, 35.581842 ], [ -87.338489, 35.582002 ], [ -87.338494, 35.582352 ], [ -87.338516, 35.583885 ], [ -87.338524, 35.584396 ], [ -87.338542, 35.584396 ], [ -87.338596, 35.584396 ], [ -87.338615, 35.584397 ], [ -87.339563, 35.58441 ], [ -87.342409, 35.584449 ], [ -87.342958, 35.584457 ], [ -87.343358, 35.584464 ], [ -87.344132, 35.584477 ], [ -87.346454, 35.584518 ], [ -87.347229, 35.584532 ], [ -87.348701, 35.584557 ], [ -87.349685, 35.584575 ], [ -87.352305, 35.584621 ], [ -87.352286, 35.585433 ], [ -87.352253, 35.586905 ], [ -87.352252, 35.586937 ], [ -87.352243, 35.587299 ], [ -87.352216, 35.588484 ], [ -87.35221, 35.588759 ], [ -87.352209, 35.588879 ], [ -87.352214, 35.589127 ], [ -87.352226, 35.589499 ], [ -87.352599, 35.589546 ], [ -87.352847, 35.589579 ], [ -87.352925, 35.589584 ], [ -87.353048, 35.589594 ], [ -87.35314, 35.589601 ], [ -87.353254, 35.58961 ], [ -87.353253, 35.589801 ], [ -87.353252, 35.590009 ], [ -87.353252, 35.590211 ], [ -87.353249, 35.590912 ], [ -87.353243, 35.593017 ], [ -87.353243, 35.593255 ], [ -87.353242, 35.593719 ], [ -87.353241, 35.594487 ], [ -87.353246, 35.594499 ], [ -87.35415, 35.59666 ], [ -87.354349, 35.597134 ], [ -87.354345, 35.597402 ], [ -87.354342, 35.597585 ], [ -87.354333, 35.598134 ], [ -87.35433, 35.598317 ], [ -87.354319, 35.598993 ], [ -87.354302, 35.600139 ], [ -87.354288, 35.601021 ], [ -87.354278, 35.601698 ], [ -87.354269, 35.602257 ], [ -87.354243, 35.603938 ], [ -87.354235, 35.604498 ], [ -87.354205, 35.606406 ], [ -87.35417, 35.608769 ], [ -87.354146, 35.610309 ], [ -87.35369, 35.610312 ], [ -87.352918, 35.610317 ], [ -87.352916, 35.610911 ], [ -87.35291, 35.61282 ], [ -87.352903, 35.614787 ], [ -87.3529, 35.615926 ], [ -87.352894, 35.617898 ], [ -87.351774, 35.617923 ], [ -87.351773, 35.619331 ], [ -87.35151, 35.619328 ], [ -87.349544, 35.619307 ], [ -87.349454, 35.619307 ], [ -87.349147, 35.6195 ], [ -87.347998, 35.620225 ], [ -87.347615, 35.620467 ], [ -87.347161, 35.620753 ], [ -87.345799, 35.621612 ], [ -87.345346, 35.621899 ], [ -87.345152, 35.622314 ], [ -87.344573, 35.623559 ], [ -87.34438, 35.623975 ], [ -87.344253, 35.624194 ], [ -87.343874, 35.624852 ], [ -87.343748, 35.625072 ], [ -87.343715, 35.625134 ], [ -87.343619, 35.625321 ], [ -87.343587, 35.625384 ], [ -87.342764, 35.62699 ], [ -87.341805, 35.628863 ], [ -87.341745, 35.629217 ], [ -87.341637, 35.629322 ], [ -87.341204, 35.629426 ], [ -87.338893, 35.629881 ], [ -87.338717, 35.629916 ], [ -87.338354, 35.630012 ], [ -87.33802, 35.630004 ], [ -87.337106, 35.629946 ], [ -87.337821, 35.631419 ], [ -87.338006, 35.631799 ], [ -87.338075, 35.631888 ], [ -87.338123, 35.632049 ], [ -87.338182, 35.632218 ], [ -87.338005, 35.632339 ], [ -87.337317, 35.632443 ], [ -87.337375, 35.632685 ], [ -87.337493, 35.633015 ], [ -87.337413, 35.633523 ], [ -87.337196, 35.633861 ], [ -87.336783, 35.634038 ], [ -87.336537, 35.634239 ], [ -87.335799, 35.634639 ], [ -87.33516, 35.634987 ], [ -87.334265, 35.635155 ], [ -87.334066, 35.63509 ], [ -87.333471, 35.634898 ], [ -87.333273, 35.634835 ], [ -87.333039, 35.634759 ], [ -87.332768, 35.634672 ], [ -87.332745, 35.634836 ], [ -87.332723, 35.635001 ], [ -87.332713, 35.635119 ], [ -87.332704, 35.635227 ], [ -87.332698, 35.635296 ], [ -87.332692, 35.635364 ], [ -87.332689, 35.635388 ], [ -87.332682, 35.635463 ], [ -87.332681, 35.635489 ], [ -87.332678, 35.635524 ], [ -87.332668, 35.63563 ], [ -87.332666, 35.635665 ], [ -87.332662, 35.635714 ], [ -87.332658, 35.63577 ], [ -87.332629, 35.635855 ], [ -87.332614, 35.635902 ], [ -87.332594, 35.635912 ], [ -87.332537, 35.635944 ], [ -87.332518, 35.635955 ], [ -87.332474, 35.63598 ], [ -87.332441, 35.636013 ], [ -87.332374, 35.636233 ], [ -87.332241, 35.636793 ], [ -87.332152, 35.637173 ], [ -87.332044, 35.637552 ], [ -87.331997, 35.637673 ], [ -87.331869, 35.63809 ], [ -87.331829, 35.638266 ], [ -87.331802, 35.638585 ], [ -87.331862, 35.638959 ], [ -87.331862, 35.639063 ], [ -87.331762, 35.639371 ], [ -87.331754, 35.639423 ], [ -87.331748, 35.639465 ], [ -87.331755, 35.639761 ], [ -87.331782, 35.639893 ], [ -87.331849, 35.640058 ], [ -87.33195, 35.640212 ], [ -87.331973, 35.640277 ], [ -87.332122, 35.640293 ], [ -87.33256, 35.640338 ], [ -87.332908, 35.640375 ], [ -87.332738, 35.641647 ], [ -87.332857, 35.641717 ], [ -87.333366, 35.642019 ], [ -87.333304, 35.643882 ], [ -87.333261, 35.645216 ], [ -87.333209, 35.646788 ], [ -87.332531, 35.646795 ], [ -87.332336, 35.648794 ], [ -87.332155, 35.65065 ], [ -87.331889, 35.653385 ], [ -87.331606, 35.656301 ], [ -87.33691, 35.656624 ], [ -87.339654, 35.656792 ], [ -87.33956, 35.657229 ], [ -87.33928, 35.658544 ], [ -87.33924, 35.658734 ], [ -87.339193, 35.658984 ], [ -87.339201, 35.659009 ], [ -87.339223, 35.659084 ], [ -87.339232, 35.65911 ], [ -87.338613, 35.659012 ], [ -87.338157, 35.658712 ], [ -87.33741, 35.65801 ], [ -87.337328, 35.657955 ], [ -87.336955, 35.65771 ], [ -87.33613, 35.657579 ], [ -87.335139, 35.657482 ], [ -87.334193, 35.657721 ], [ -87.330698, 35.658716 ], [ -87.330612, 35.658741 ], [ -87.329993, 35.658844 ], [ -87.329087, 35.658982 ], [ -87.328467, 35.65875 ], [ -87.328053, 35.658328 ], [ -87.327844, 35.658115 ], [ -87.327513, 35.657881 ], [ -87.326688, 35.657783 ], [ -87.326453, 35.657784 ], [ -87.325863, 35.657787 ], [ -87.325746, 35.657782 ], [ -87.325702, 35.657782 ], [ -87.325398, 35.657771 ], [ -87.325284, 35.657768 ], [ -87.325147, 35.657927 ], [ -87.325024, 35.658061 ], [ -87.324893, 35.658194 ], [ -87.324423, 35.658492 ], [ -87.324087, 35.658679 ], [ -87.324096, 35.658919 ], [ -87.323651, 35.659051 ], [ -87.321631, 35.660883 ], [ -87.321167, 35.661639 ], [ -87.321142, 35.66168 ], [ -87.321066, 35.661803 ], [ -87.321042, 35.661845 ], [ -87.320707, 35.662574 ], [ -87.320632, 35.662621 ], [ -87.320641, 35.662711 ], [ -87.320129, 35.663976 ], [ -87.31951, 35.664841 ], [ -87.319471, 35.665155 ], [ -87.319357, 35.666159 ], [ -87.31934, 35.666326 ], [ -87.319163, 35.668092 ], [ -87.318568, 35.668926 ], [ -87.318513, 35.669012 ], [ -87.317907, 35.669933 ], [ -87.317858, 35.670008 ], [ -87.317811, 35.670305 ], [ -87.317861, 35.670674 ], [ -87.317853, 35.670931 ], [ -87.317786, 35.67154 ], [ -87.318151, 35.672043 ], [ -87.318367, 35.672362 ], [ -87.318682, 35.67269 ], [ -87.319016, 35.67301 ], [ -87.319129, 35.673336 ], [ -87.319303, 35.673939 ], [ -87.31936, 35.674238 ], [ -87.319274, 35.674266 ], [ -87.319019, 35.674353 ], [ -87.318934, 35.674382 ], [ -87.318896, 35.674406 ], [ -87.318855, 35.674433 ], [ -87.318784, 35.674479 ], [ -87.318747, 35.674504 ], [ -87.317787, 35.675135 ], [ -87.314908, 35.677032 ], [ -87.313949, 35.677665 ], [ -87.313852, 35.677728 ], [ -87.313565, 35.677917 ], [ -87.313469, 35.677981 ], [ -87.312807, 35.678415 ], [ -87.312259, 35.678775 ], [ -87.309785, 35.680405 ], [ -87.309313, 35.681695 ], [ -87.308819, 35.683054 ], [ -87.308779, 35.683159 ], [ -87.308662, 35.683481 ], [ -87.308624, 35.683589 ], [ -87.30837, 35.684286 ], [ -87.307867, 35.686128 ], [ -87.306713, 35.686195 ], [ -87.306048, 35.686679 ], [ -87.305405, 35.686685 ], [ -87.30492, 35.686513 ], [ -87.304475, 35.686342 ], [ -87.304039, 35.68634 ], [ -87.30389, 35.68651 ], [ -87.303502, 35.686874 ], [ -87.303233, 35.687336 ], [ -87.302944, 35.687708 ], [ -87.302616, 35.687951 ], [ -87.302081, 35.688063 ], [ -87.301091, 35.687947 ], [ -87.300695, 35.687929 ], [ -87.300497, 35.688034 ], [ -87.30013, 35.688154 ], [ -87.30003, 35.688414 ], [ -87.299789, 35.688892 ], [ -87.299284, 35.689044 ], [ -87.298758, 35.68927 ], [ -87.29847, 35.689424 ], [ -87.298308, 35.689445 ], [ -87.298173, 35.689463 ], [ -87.298037, 35.68948 ], [ -87.298042, 35.689571 ], [ -87.298034, 35.689749 ], [ -87.297968, 35.69021 ], [ -87.297901, 35.690563 ], [ -87.297809, 35.690985 ], [ -87.297778, 35.691089 ], [ -87.297661, 35.691433 ], [ -87.297578, 35.691711 ], [ -87.297422, 35.69212 ], [ -87.297301, 35.692464 ], [ -87.297257, 35.692565 ], [ -87.297172, 35.692767 ], [ -87.297118, 35.692879 ], [ -87.296942, 35.693192 ], [ -87.296768, 35.693481 ], [ -87.296601, 35.693733 ], [ -87.296416, 35.693977 ], [ -87.296295, 35.694127 ], [ -87.29611, 35.694372 ], [ -87.296057, 35.694429 ], [ -87.295809, 35.694634 ], [ -87.295378, 35.694944 ], [ -87.295205, 35.695056 ], [ -87.294946, 35.695252 ], [ -87.294802, 35.695336 ], [ -87.29465, 35.69541 ], [ -87.294609, 35.695425 ], [ -87.294483, 35.69546 ], [ -87.294352, 35.695482 ], [ -87.294263, 35.695489 ], [ -87.293996, 35.695487 ], [ -87.293952, 35.695483 ], [ -87.293745, 35.695481 ], [ -87.293656, 35.695491 ], [ -87.29353, 35.695525 ], [ -87.29333, 35.695604 ], [ -87.293174, 35.695674 ], [ -87.292987, 35.69577 ], [ -87.292361, 35.696113 ], [ -87.291982, 35.6963 ], [ -87.291706, 35.696417 ], [ -87.291544, 35.696475 ], [ -87.291274, 35.696566 ], [ -87.290849, 35.696671 ], [ -87.290544, 35.696722 ], [ -87.29024, 35.696778 ], [ -87.289601, 35.696874 ], [ -87.289409, 35.696904 ], [ -87.289057, 35.696947 ], [ -87.288526, 35.696998 ], [ -87.287683, 35.69706 ], [ -87.287283, 35.697076 ], [ -87.286526, 35.697086 ], [ -87.286127, 35.697116 ], [ -87.285904, 35.697122 ], [ -87.285563, 35.697126 ], [ -87.285298, 35.697149 ], [ -87.285076, 35.697164 ], [ -87.284898, 35.697169 ], [ -87.284586, 35.697169 ], [ -87.284141, 35.69719 ], [ -87.283874, 35.697186 ], [ -87.283607, 35.697177 ], [ -87.283075, 35.697136 ], [ -87.282813, 35.697094 ], [ -87.282598, 35.697047 ], [ -87.282294, 35.696991 ], [ -87.282208, 35.696971 ], [ -87.281683, 35.696889 ], [ -87.28143, 35.696848 ], [ -87.280912, 35.69674 ], [ -87.280745, 35.696691 ], [ -87.280543, 35.696616 ], [ -87.280349, 35.696528 ], [ -87.2802, 35.69645 ], [ -87.279967, 35.696344 ], [ -87.279804, 35.696286 ], [ -87.279679, 35.69625 ], [ -87.279549, 35.696223 ], [ -87.279418, 35.696206 ], [ -87.279284, 35.696198 ], [ -87.279018, 35.696211 ], [ -87.278399, 35.696274 ], [ -87.277785, 35.696359 ], [ -87.277696, 35.696365 ], [ -87.27694, 35.69634 ], [ -87.276763, 35.696324 ], [ -87.276411, 35.696282 ], [ -87.275912, 35.696231 ], [ -87.27588, 35.696228 ], [ -87.275658, 35.696217 ], [ -87.275302, 35.696211 ], [ -87.274768, 35.696228 ], [ -87.274413, 35.696252 ], [ -87.274147, 35.696274 ], [ -87.273838, 35.696305 ], [ -87.273439, 35.696331 ], [ -87.273172, 35.696338 ], [ -87.272592, 35.696331 ], [ -87.272459, 35.696321 ], [ -87.271614, 35.696282 ], [ -87.2713, 35.696283 ], [ -87.271202, 35.696231 ], [ -87.27117, 35.696219 ], [ -87.27104, 35.696171 ], [ -87.270872, 35.696122 ], [ -87.270754, 35.696099 ], [ -87.270612, 35.696073 ], [ -87.270162, 35.696028 ], [ -87.270074, 35.696022 ], [ -87.269762, 35.696014 ], [ -87.269539, 35.696002 ], [ -87.268918, 35.695971 ], [ -87.268518, 35.695954 ], [ -87.268296, 35.695949 ], [ -87.267898, 35.69591 ], [ -87.267678, 35.695881 ], [ -87.267369, 35.695846 ], [ -87.26697, 35.695822 ], [ -87.266481, 35.695803 ], [ -87.26632, 35.69579 ], [ -87.265994, 35.695765 ], [ -87.26586, 35.695762 ], [ -87.265682, 35.695767 ], [ -87.265462, 35.695791 ], [ -87.265378, 35.695815 ], [ -87.265338, 35.695832 ], [ -87.265264, 35.695871 ], [ -87.264931, 35.695863 ], [ -87.264709, 35.695868 ], [ -87.264222, 35.695912 ], [ -87.263822, 35.695937 ], [ -87.263511, 35.695951 ], [ -87.263161, 35.695978 ], [ -87.262985, 35.696 ], [ -87.262419, 35.696099 ], [ -87.262188, 35.696131 ], [ -87.262014, 35.696161 ], [ -87.261496, 35.69627 ], [ -87.261111, 35.69639 ], [ -87.260916, 35.696452 ], [ -87.260674, 35.696543 ], [ -87.260518, 35.696612 ], [ -87.260249, 35.696739 ], [ -87.25987, 35.696926 ], [ -87.259494, 35.697138 ], [ -87.258963, 35.697462 ], [ -87.258739, 35.697636 ], [ -87.258521, 35.697815 ], [ -87.258352, 35.69798 ], [ -87.258118, 35.698196 ], [ -87.257938, 35.698354 ], [ -87.257732, 35.698542 ], [ -87.257221, 35.698991 ], [ -87.256846, 35.699344 ], [ -87.25646, 35.69969 ], [ -87.255769, 35.700344 ], [ -87.25561, 35.700516 ], [ -87.255459, 35.700693 ], [ -87.255295, 35.700905 ], [ -87.255155, 35.701129 ], [ -87.2551, 35.701226 ], [ -87.255016, 35.701391 ], [ -87.254831, 35.701793 ], [ -87.254337, 35.702929 ], [ -87.254239, 35.703128 ], [ -87.254101, 35.703391 ], [ -87.253914, 35.703715 ], [ -87.253775, 35.703939 ], [ -87.253663, 35.704093 ], [ -87.253429, 35.704397 ], [ -87.253258, 35.704606 ], [ -87.253071, 35.704806 ], [ -87.252844, 35.705026 ], [ -87.252638, 35.705214 ], [ -87.252602, 35.705241 ], [ -87.252381, 35.705411 ], [ -87.252018, 35.705675 ], [ -87.251502, 35.706016 ], [ -87.251283, 35.706138 ], [ -87.251068, 35.706265 ], [ -87.250898, 35.70638 ], [ -87.250779, 35.706486 ], [ -87.250682, 35.706606 ], [ -87.250621, 35.70674 ], [ -87.250544, 35.706982 ], [ -87.250501, 35.707157 ], [ -87.25044, 35.707618 ], [ -87.250415, 35.707759 ], [ -87.250405, 35.707794 ], [ -87.250376, 35.707936 ], [ -87.250356, 35.708114 ], [ -87.250351, 35.708292 ], [ -87.250341, 35.708399 ], [ -87.250339, 35.708454 ], [ -87.250344, 35.708597 ], [ -87.250343, 35.709133 ], [ -87.250348, 35.709183 ], [ -87.250358, 35.709275 ], [ -87.250429, 35.709554 ], [ -87.250492, 35.709908 ], [ -87.250595, 35.710327 ], [ -87.250743, 35.710813 ], [ -87.25083, 35.711126 ], [ -87.250911, 35.711467 ], [ -87.250914, 35.711477 ], [ -87.250981, 35.71172 ], [ -87.251054, 35.711926 ], [ -87.251157, 35.712213 ], [ -87.251215, 35.712375 ], [ -87.251295, 35.712579 ], [ -87.251451, 35.712913 ], [ -87.251806, 35.713528 ], [ -87.251938, 35.713714 ], [ -87.252009, 35.713805 ], [ -87.252139, 35.71395 ], [ -87.252281, 35.714088 ], [ -87.252432, 35.714219 ], [ -87.252655, 35.714394 ], [ -87.252958, 35.714604 ], [ -87.253308, 35.714825 ], [ -87.253605, 35.714982 ], [ -87.254064, 35.715202 ], [ -87.254183, 35.715252 ], [ -87.254427, 35.71534 ], [ -87.254593, 35.715392 ], [ -87.255304, 35.715599 ], [ -87.255551, 35.715682 ], [ -87.255759, 35.715744 ], [ -87.255887, 35.715776 ], [ -87.256222, 35.715873 ], [ -87.256517, 35.715953 ], [ -87.25681, 35.716038 ], [ -87.257664, 35.716244 ], [ -87.258138, 35.716344 ], [ -87.258652, 35.716462 ], [ -87.259039, 35.716546 ], [ -87.259385, 35.716613 ], [ -87.259777, 35.716683 ], [ -87.260804, 35.71692 ], [ -87.261183, 35.717026 ], [ -87.261516, 35.717125 ], [ -87.261611, 35.71715 ], [ -87.261982, 35.717249 ], [ -87.262407, 35.717357 ], [ -87.262461, 35.717369 ], [ -87.262786, 35.717442 ], [ -87.263545, 35.717822 ], [ -87.265033, 35.718567 ], [ -87.265391, 35.719016 ], [ -87.265269, 35.719048 ], [ -87.265147, 35.719081 ], [ -87.264265, 35.719318 ], [ -87.263613, 35.719534 ], [ -87.262622, 35.719864 ], [ -87.262585, 35.719876 ], [ -87.262235, 35.719992 ], [ -87.26213, 35.720027 ], [ -87.262034, 35.720034 ], [ -87.261635, 35.720065 ], [ -87.261319, 35.720089 ], [ -87.260951, 35.720119 ], [ -87.260501, 35.72005 ], [ -87.259641, 35.720068 ], [ -87.25949, 35.720072 ], [ -87.258255, 35.720209 ], [ -87.255706, 35.720132 ], [ -87.255071, 35.720114 ], [ -87.254393, 35.720094 ], [ -87.253925, 35.720045 ], [ -87.25352, 35.720009 ], [ -87.253327, 35.719993 ], [ -87.252678, 35.71993 ], [ -87.252006, 35.719855 ], [ -87.25179, 35.719823 ], [ -87.251541, 35.719797 ], [ -87.251274, 35.719802 ], [ -87.250941, 35.719855 ], [ -87.250906, 35.719862 ], [ -87.250423, 35.719973 ], [ -87.250052, 35.72006 ], [ -87.249882, 35.7201 ], [ -87.249842, 35.720109 ], [ -87.249215, 35.720262 ], [ -87.249006, 35.720314 ], [ -87.248896, 35.72034 ], [ -87.248742, 35.720378 ], [ -87.248566, 35.720422 ], [ -87.248457, 35.720451 ], [ -87.248231, 35.720508 ], [ -87.248141, 35.720529 ], [ -87.247687, 35.720641 ], [ -87.247231, 35.720731 ], [ -87.247189, 35.720739 ], [ -87.246872, 35.720809 ], [ -87.246582, 35.720783 ], [ -87.246413, 35.720757 ], [ -87.246359, 35.720749 ], [ -87.246304, 35.72074 ], [ -87.246188, 35.720722 ], [ -87.246021, 35.720695 ], [ -87.245757, 35.720637 ], [ -87.245238, 35.720709 ], [ -87.244687, 35.720786 ], [ -87.244013, 35.721129 ], [ -87.243198, 35.7217 ], [ -87.241513, 35.723324 ], [ -87.240868, 35.723553 ], [ -87.240756, 35.72369 ], [ -87.240031, 35.723838 ], [ -87.239775, 35.723826 ], [ -87.236463, 35.724315 ], [ -87.236197, 35.724358 ], [ -87.236006, 35.724388 ], [ -87.235436, 35.724481 ], [ -87.235246, 35.724512 ], [ -87.234143, 35.724691 ], [ -87.233759, 35.726784 ], [ -87.232223, 35.735158 ], [ -87.232199, 35.735286 ], [ -87.232184, 35.735365 ], [ -87.232168, 35.73545 ], [ -87.229347, 35.75011 ], [ -87.229225, 35.751379 ], [ -87.229204, 35.751569 ], [ -87.229178, 35.751683 ], [ -87.228412, 35.757437 ], [ -87.228397, 35.757504 ], [ -87.228356, 35.757707 ], [ -87.228342, 35.757775 ], [ -87.228229, 35.758314 ], [ -87.227894, 35.759934 ], [ -87.22787, 35.760052 ], [ -87.227814, 35.76048 ], [ -87.22781, 35.760506 ], [ -87.2278, 35.760588 ], [ -87.227797, 35.760615 ], [ -87.227749, 35.76098 ], [ -87.227608, 35.762075 ], [ -87.227561, 35.762441 ], [ -87.227295, 35.764016 ], [ -87.226214, 35.771809 ], [ -87.225813, 35.774788 ], [ -87.225747, 35.775174 ], [ -87.225744, 35.775193 ], [ -87.225699, 35.775455 ], [ -87.225419, 35.776847 ], [ -87.224347, 35.785952 ], [ -87.224317, 35.78616 ], [ -87.223595, 35.79103 ], [ -87.223493, 35.791714 ], [ -87.22335, 35.792679 ], [ -87.222909, 35.795675 ], [ -87.222472, 35.798655 ], [ -87.221988, 35.801942 ], [ -87.221976, 35.801956 ], [ -87.221454, 35.805574 ], [ -87.221364, 35.806222 ], [ -87.221353, 35.806298 ], [ -87.22132, 35.80653 ], [ -87.22131, 35.806607 ], [ -87.219451, 35.818905 ], [ -87.219369, 35.819561 ], [ -87.219266, 35.820385 ], [ -87.218787, 35.824198 ], [ -87.218483, 35.826638 ], [ -87.218106, 35.829676 ], [ -87.217713, 35.832266 ], [ -87.21703, 35.83679 ], [ -87.216434, 35.840742 ], [ -87.216422, 35.840822 ], [ -87.216411, 35.840908 ], [ -87.21611, 35.843215 ], [ -87.216086, 35.843393 ], [ -87.216016, 35.843931 ], [ -87.215993, 35.84411 ], [ -87.215813, 35.845418 ], [ -87.215277, 35.849342 ], [ -87.215099, 35.850651 ], [ -87.214849, 35.850572 ], [ -87.214099, 35.850337 ], [ -87.213851, 35.850261 ], [ -87.211843, 35.849635 ], [ -87.205828, 35.847766 ], [ -87.203826, 35.847146 ], [ -87.203255, 35.846967 ], [ -87.201546, 35.846436 ], [ -87.200978, 35.846259 ], [ -87.199098, 35.845664 ], [ -87.195258, 35.844452 ], [ -87.193462, 35.843885 ], [ -87.191585, 35.843294 ], [ -87.191498, 35.843265 ], [ -87.191243, 35.843184 ], [ -87.191159, 35.843158 ], [ -87.190011, 35.842796 ], [ -87.18657, 35.84171 ], [ -87.185423, 35.841348 ], [ -87.184701, 35.841086 ], [ -87.184335, 35.840954 ], [ -87.182539, 35.840303 ], [ -87.182237, 35.840194 ], [ -87.181812, 35.84006 ], [ -87.181754, 35.84004 ], [ -87.181583, 35.839982 ], [ -87.181528, 35.839965 ], [ -87.181222, 35.839867 ], [ -87.180793, 35.83973 ], [ -87.178591, 35.839032 ], [ -87.17786, 35.838802 ], [ -87.17781, 35.838787 ], [ -87.177671, 35.838749 ], [ -87.177627, 35.838738 ], [ -87.173776, 35.837519 ], [ -87.16411, 35.834464 ], [ -87.162233, 35.833871 ], [ -87.158559, 35.83271 ], [ -87.158396, 35.832631 ], [ -87.158176, 35.83253 ], [ -87.157522, 35.83223 ], [ -87.157351, 35.832152 ], [ -87.157304, 35.832139 ], [ -87.155592, 35.831587 ], [ -87.15046, 35.829939 ], [ -87.149005, 35.829473 ], [ -87.148752, 35.829395 ], [ -87.146038, 35.828544 ], [ -87.137905, 35.825994 ], [ -87.135194, 35.825145 ], [ -87.133737, 35.824681 ], [ -87.131351, 35.823922 ], [ -87.129373, 35.823291 ], [ -87.128147, 35.8229 ], [ -87.127927, 35.822822 ], [ -87.127461, 35.822652 ], [ -87.126087, 35.822154 ], [ -87.125632, 35.82199 ], [ -87.125181, 35.821825 ], [ -87.124998, 35.821759 ], [ -87.123801, 35.821441 ], [ -87.123633, 35.821396 ], [ -87.123345, 35.821308 ], [ -87.122126, 35.820917 ], [ -87.11848, 35.819753 ], [ -87.117268, 35.819367 ], [ -87.115305, 35.818733 ], [ -87.109419, 35.816838 ], [ -87.109102, 35.816736 ], [ -87.107458, 35.816209 ], [ -87.107174, 35.816119 ], [ -87.106324, 35.815849 ], [ -87.106041, 35.815759 ], [ -87.10012, 35.813878 ], [ -87.097536, 35.813057 ], [ -87.096124, 35.812609 ], [ -87.09569, 35.812471 ], [ -87.095571, 35.812433 ], [ -87.084333, 35.808864 ], [ -87.083024, 35.808447 ], [ -87.079103, 35.807201 ], [ -87.077994, 35.80685 ], [ -87.077796, 35.806787 ], [ -87.077311, 35.806634 ], [ -87.075954, 35.806203 ], [ -87.075858, 35.806172 ], [ -87.075374, 35.806018 ], [ -87.07534, 35.806007 ], [ -87.075242, 35.805976 ], [ -87.075209, 35.805966 ], [ -87.073514, 35.805427 ], [ -87.071048, 35.804644 ], [ -87.058565, 35.800679 ], [ -87.057873, 35.80046 ], [ -87.055769, 35.799792 ], [ -87.055448, 35.799711 ], [ -87.054706, 35.799475 ], [ -87.054399, 35.799377 ], [ -87.054072, 35.799275 ], [ -87.045676, 35.796595 ], [ -87.039697, 35.794626 ], [ -87.035681, 35.796213 ], [ -87.035624, 35.796178 ], [ -87.034926, 35.795699 ], [ -87.034465, 35.79529 ], [ -87.034, 35.794124 ], [ -87.033978, 35.793942 ], [ -87.033962, 35.79373 ], [ -87.033862, 35.793588 ], [ -87.03313, 35.79253 ], [ -87.03303, 35.792507 ], [ -87.03276, 35.792423 ], [ -87.03201, 35.792183 ], [ -87.031707, 35.792087 ], [ -87.029768, 35.791473 ], [ -87.029022, 35.791239 ], [ -87.027612, 35.790793 ], [ -87.026594, 35.790471 ], [ -87.023383, 35.789455 ], [ -87.021974, 35.789009 ], [ -87.021956, 35.789003 ], [ -87.021631, 35.7889 ], [ -87.020602, 35.788575 ], [ -87.020259, 35.788467 ], [ -87.018478, 35.787903 ], [ -87.015524, 35.786969 ], [ -87.016679, 35.786817 ], [ -87.016078, 35.785728 ], [ -87.015999, 35.785677 ], [ -87.015091, 35.785089 ], [ -87.014307, 35.785118 ], [ -87.01418, 35.784838 ], [ -87.014133, 35.784266 ], [ -87.013799, 35.784119 ], [ -87.013515, 35.783994 ], [ -87.012623, 35.783392 ], [ -87.011802, 35.782518 ], [ -87.01125, 35.78193 ], [ -87.01137, 35.78122 ], [ -87.006084, 35.780866 ], [ -87.003816, 35.780715 ], [ -87.00378, 35.780714 ], [ -87.003691, 35.780704 ], [ -87.003662, 35.780706 ], [ -87.003661, 35.780695 ], [ -87.003668, 35.78066 ], [ -87.003725, 35.780332 ], [ -87.0039, 35.779354 ], [ -87.003959, 35.779028 ], [ -87.003692, 35.779001 ], [ -87.002896, 35.778921 ], [ -87.002631, 35.778896 ], [ -87.00219, 35.778851 ], [ -87.000867, 35.778722 ], [ -87.000427, 35.778679 ], [ -87.000002, 35.778581 ], [ -86.99901, 35.77856 ], [ -86.997457, 35.778528 ], [ -86.996868, 35.780472 ], [ -86.996213, 35.78024 ], [ -86.994869, 35.779766 ], [ -86.994637, 35.779682 ], [ -86.993676, 35.779371 ], [ -86.990091, 35.778213 ], [ -86.988898, 35.777828 ], [ -86.988622, 35.777738 ], [ -86.987642, 35.777427 ], [ -86.983877, 35.776232 ], [ -86.982622, 35.775835 ], [ -86.982042, 35.775662 ], [ -86.980307, 35.775148 ], [ -86.97973, 35.774977 ], [ -86.979625, 35.774947 ], [ -86.978488, 35.774579 ], [ -86.974768, 35.773374 ], [ -86.973814, 35.773066 ], [ -86.97353, 35.772976 ], [ -86.973253, 35.772887 ], [ -86.972426, 35.772622 ], [ -86.97215, 35.772534 ], [ -86.971521, 35.772325 ], [ -86.96951, 35.771676 ], [ -86.969043, 35.771693 ], [ -86.964824, 35.771854 ], [ -86.964036, 35.772633 ], [ -86.965999, 35.775729 ], [ -86.965271, 35.775652 ], [ -86.962047, 35.775312 ], [ -86.961975, 35.775312 ], [ -86.961762, 35.775314 ], [ -86.961692, 35.775315 ], [ -86.961546, 35.775315 ], [ -86.961111, 35.775319 ], [ -86.960967, 35.77532 ], [ -86.960568, 35.775317 ], [ -86.960616, 35.775348 ], [ -86.961771, 35.776086 ], [ -86.962156, 35.776332 ], [ -86.962304, 35.779426 ], [ -86.962471, 35.782883 ], [ -86.956825, 35.782259 ], [ -86.956672, 35.782242 ], [ -86.953593, 35.781904 ], [ -86.953484, 35.78189 ], [ -86.952822, 35.78183 ], [ -86.950733, 35.781642 ], [ -86.950773, 35.781421 ], [ -86.950915, 35.78066 ], [ -86.95113, 35.779496 ], [ -86.951777, 35.776005 ], [ -86.951993, 35.774842 ], [ -86.952013, 35.774731 ], [ -86.952075, 35.774398 ], [ -86.952096, 35.774288 ], [ -86.952242, 35.773499 ], [ -86.951914, 35.773463 ], [ -86.94854, 35.773102 ], [ -86.947416, 35.772982 ], [ -86.947258, 35.772964 ], [ -86.946862, 35.772921 ], [ -86.945206, 35.772744 ], [ -86.944657, 35.772688 ], [ -86.94451, 35.772672 ], [ -86.944302, 35.77265 ], [ -86.943783, 35.773294 ], [ -86.942293, 35.775152 ], [ -86.942142, 35.776312 ], [ -86.941991, 35.777486 ], [ -86.941811, 35.778868 ], [ -86.941723, 35.779551 ], [ -86.938243, 35.779212 ], [ -86.936856, 35.779078 ], [ -86.93679, 35.779037 ], [ -86.936716, 35.779013 ], [ -86.93663, 35.779001 ], [ -86.936586, 35.778997 ], [ -86.936515, 35.778992 ], [ -86.935854, 35.778926 ], [ -86.935808, 35.77892 ], [ -86.934792, 35.778796 ], [ -86.933697, 35.778648 ], [ -86.932994, 35.778553 ], [ -86.932754, 35.778521 ], [ -86.932468, 35.778493 ], [ -86.930892, 35.778341 ], [ -86.930367, 35.778291 ], [ -86.930209, 35.778273 ], [ -86.930143, 35.778266 ], [ -86.929735, 35.778221 ], [ -86.929579, 35.778204 ], [ -86.929518, 35.778195 ], [ -86.929338, 35.778171 ], [ -86.929278, 35.778163 ], [ -86.929251, 35.77816 ], [ -86.929227, 35.778157 ], [ -86.929077, 35.778136 ], [ -86.929027, 35.778129 ], [ -86.928977, 35.778122 ], [ -86.928828, 35.778101 ], [ -86.928779, 35.778095 ], [ -86.928698, 35.778087 ], [ -86.928459, 35.778064 ], [ -86.92838, 35.778058 ], [ -86.92836, 35.778057 ], [ -86.928918, 35.777644 ], [ -86.928935, 35.777589 ], [ -86.929166, 35.776899 ], [ -86.929779, 35.776302 ], [ -86.930035, 35.775685 ], [ -86.930326, 35.774993 ], [ -86.930515, 35.77454 ], [ -86.930867, 35.773345 ], [ -86.931156, 35.77237 ], [ -86.932333, 35.768726 ], [ -86.932512, 35.768411 ], [ -86.933336, 35.76697 ], [ -86.933361, 35.766898 ], [ -86.933424, 35.76671 ], [ -86.933615, 35.766148 ], [ -86.933679, 35.765961 ], [ -86.933907, 35.765859 ], [ -86.934158, 35.765749 ], [ -86.934492, 35.76541 ], [ -86.934668, 35.765233 ], [ -86.934897, 35.765001 ], [ -86.935586, 35.764308 ], [ -86.935816, 35.764077 ], [ -86.936308, 35.763655 ], [ -86.937785, 35.762393 ], [ -86.938278, 35.761972 ], [ -86.935719, 35.760659 ], [ -86.935144, 35.760364 ], [ -86.934871, 35.760223 ], [ -86.92911, 35.757261 ], [ -86.928979, 35.757196 ], [ -86.927966, 35.756922 ], [ -86.925189, 35.756173 ], [ -86.925009, 35.756123 ], [ -86.924984, 35.756117 ], [ -86.924419, 35.755987 ], [ -86.92437, 35.755976 ], [ -86.924167, 35.755932 ], [ -86.924118, 35.75592 ], [ -86.923978, 35.755887 ], [ -86.923932, 35.755877 ], [ -86.922893, 35.755589 ], [ -86.92162, 35.755236 ], [ -86.919778, 35.754725 ], [ -86.91874, 35.754438 ], [ -86.918373, 35.754336 ], [ -86.918152, 35.754271 ], [ -86.916396, 35.753755 ], [ -86.915811, 35.753583 ], [ -86.915746, 35.753564 ], [ -86.915708, 35.753553 ], [ -86.915562, 35.753488 ], [ -86.915502, 35.753462 ], [ -86.915492, 35.753457 ], [ -86.915461, 35.753444 ], [ -86.91537, 35.753406 ], [ -86.914975, 35.753239 ], [ -86.914902, 35.753208 ], [ -86.914865, 35.753175 ], [ -86.91487, 35.753151 ], [ -86.914826, 35.753127 ], [ -86.914513, 35.753017 ], [ -86.913495, 35.752661 ], [ -86.913439, 35.752642 ], [ -86.913083, 35.752518 ], [ -86.912089, 35.752165 ], [ -86.911548, 35.751973 ], [ -86.910862, 35.75173 ], [ -86.909667, 35.751307 ], [ -86.909111, 35.75111 ], [ -86.908119, 35.75076 ], [ -86.907905, 35.750684 ], [ -86.9073, 35.750471 ], [ -86.907266, 35.75046 ], [ -86.907052, 35.750393 ], [ -86.906184, 35.750117 ], [ -86.90602, 35.750065 ], [ -86.903595, 35.749255 ], [ -86.902808, 35.748994 ], [ -86.902728, 35.748967 ], [ -86.902708, 35.748963 ], [ -86.90209, 35.748746 ], [ -86.900964, 35.74835 ], [ -86.900617, 35.748228 ], [ -86.900587, 35.748218 ], [ -86.900238, 35.748096 ], [ -86.899689, 35.747903 ], [ -86.899621, 35.74788 ], [ -86.898804, 35.747593 ], [ -86.898613, 35.747526 ], [ -86.898493, 35.747484 ], [ -86.8976, 35.74717 ], [ -86.896904, 35.746926 ], [ -86.89559, 35.746466 ], [ -86.89541, 35.746403 ], [ -86.894728, 35.746164 ], [ -86.894583, 35.746113 ], [ -86.894508, 35.746086 ], [ -86.894283, 35.746008 ], [ -86.894209, 35.745982 ], [ -86.894076, 35.745935 ], [ -86.893806, 35.74584 ], [ -86.893706, 35.745805 ], [ -86.893547, 35.74575 ], [ -86.893309, 35.745666 ], [ -86.892855, 35.745506 ], [ -86.892595, 35.745415 ], [ -86.892358, 35.745332 ], [ -86.891977, 35.745199 ], [ -86.891365, 35.744984 ], [ -86.890837, 35.7448 ], [ -86.890457, 35.744667 ], [ -86.88973, 35.744412 ], [ -86.888056, 35.743823 ], [ -86.887592, 35.743661 ], [ -86.886877, 35.74341 ], [ -86.886821, 35.74339 ], [ -86.886655, 35.743332 ], [ -86.8866, 35.743313 ], [ -86.886506, 35.74328 ], [ -86.886255, 35.743192 ], [ -86.88593, 35.743078 ], [ -86.885594, 35.74296 ], [ -86.883987, 35.742396 ], [ -86.88361, 35.742264 ], [ -86.88295, 35.742033 ], [ -86.882327, 35.741813 ], [ -86.880458, 35.741158 ], [ -86.879838, 35.740941 ], [ -86.879403, 35.740787 ], [ -86.879364, 35.740777 ], [ -86.877917, 35.7404 ], [ -86.87763, 35.740325 ], [ -86.877436, 35.740276 ], [ -86.877104, 35.740189 ], [ -86.876109, 35.739929 ], [ -86.875778, 35.739843 ], [ -86.875233, 35.739701 ], [ -86.875, 35.73964 ], [ -86.873589, 35.739324 ], [ -86.87331, 35.739262 ], [ -86.873047, 35.739204 ], [ -86.872763, 35.739138 ], [ -86.872491, 35.739075 ], [ -86.871939, 35.738944 ], [ -86.871655, 35.738879 ], [ -86.87159, 35.738864 ], [ -86.870812, 35.738669 ], [ -86.870487, 35.738587 ], [ -86.870377, 35.738559 ], [ -86.867983, 35.737961 ], [ -86.867702, 35.737891 ], [ -86.867468, 35.737832 ], [ -86.866513, 35.737594 ], [ -86.866413, 35.737569 ], [ -86.865613, 35.73737 ], [ -86.865317, 35.737297 ], [ -86.865226, 35.737274 ], [ -86.865158, 35.737257 ], [ -86.864766, 35.737159 ], [ -86.864433, 35.737076 ], [ -86.863164, 35.73676 ], [ -86.858802, 35.735625 ], [ -86.857789, 35.735357 ], [ -86.856044, 35.734893 ], [ -86.854963, 35.734605 ], [ -86.854124, 35.734342 ], [ -86.853946, 35.73427 ], [ -86.852276, 35.733247 ], [ -86.849456, 35.731542 ], [ -86.849418, 35.731519 ], [ -86.849393, 35.731479 ], [ -86.849153, 35.731092 ], [ -86.848918, 35.730716 ], [ -86.84884, 35.73059 ], [ -86.848613, 35.730226 ], [ -86.848532, 35.730094 ], [ -86.847629, 35.72863 ], [ -86.847271, 35.72805 ], [ -86.846963, 35.72755 ], [ -86.846197, 35.726307 ], [ -86.845491, 35.725166 ], [ -86.845194, 35.725139 ], [ -86.844121, 35.725044 ], [ -86.84376, 35.727614 ], [ -86.84248, 35.727522 ], [ -86.842575, 35.726803 ], [ -86.842697, 35.725887 ], [ -86.840655, 35.725621 ], [ -86.84071, 35.725259 ], [ -86.840648, 35.725254 ], [ -86.840457, 35.72524 ], [ -86.840403, 35.725229 ], [ -86.840337, 35.725215 ], [ -86.840141, 35.725175 ], [ -86.840077, 35.725162 ], [ -86.839772, 35.725124 ], [ -86.838859, 35.725012 ], [ -86.838555, 35.724975 ], [ -86.838527, 35.725045 ], [ -86.838524, 35.725054 ], [ -86.837912, 35.724976 ], [ -86.836082, 35.724746 ], [ -86.835474, 35.724671 ], [ -86.83533, 35.724671 ], [ -86.835111, 35.724663 ], [ -86.834273, 35.724602 ], [ -86.83405, 35.724579 ], [ -86.833118, 35.724485 ], [ -86.831241, 35.724268 ], [ -86.830618, 35.724207 ], [ -86.830122, 35.724154 ], [ -86.829795, 35.724112 ], [ -86.829743, 35.724106 ], [ -86.829327, 35.724048 ], [ -86.828914, 35.723981 ], [ -86.828384, 35.7239 ], [ -86.828348, 35.723894 ], [ -86.827795, 35.723827 ], [ -86.827395, 35.723792 ], [ -86.827033, 35.723761 ], [ -86.826283, 35.723678 ], [ -86.825962, 35.72363 ], [ -86.825289, 35.723561 ], [ -86.824611, 35.723479 ], [ -86.82443, 35.723452 ], [ -86.824098, 35.723405 ], [ -86.823517, 35.723319 ], [ -86.823446, 35.723312 ], [ -86.823417, 35.723308 ], [ -86.823376, 35.723305 ], [ -86.823331, 35.723305 ], [ -86.823303, 35.723305 ], [ -86.823288, 35.723306 ], [ -86.823201, 35.723286 ], [ -86.822944, 35.723231 ], [ -86.82286, 35.723214 ], [ -86.822899, 35.722901 ], [ -86.823018, 35.721963 ], [ -86.823058, 35.721651 ], [ -86.821659, 35.721501 ], [ -86.817464, 35.721051 ], [ -86.816066, 35.720902 ], [ -86.815231, 35.720812 ], [ -86.812726, 35.720544 ], [ -86.811891, 35.720455 ], [ -86.812022, 35.719272 ], [ -86.811982, 35.718997 ], [ -86.811811, 35.718378 ], [ -86.811286, 35.715932 ], [ -86.811153, 35.71596 ], [ -86.810863, 35.716022 ], [ -86.810458, 35.716095 ], [ -86.810095, 35.716098 ], [ -86.809981, 35.716085 ], [ -86.809246, 35.716004 ], [ -86.807044, 35.715764 ], [ -86.80631, 35.715686 ], [ -86.806502, 35.714755 ], [ -86.806973, 35.712486 ], [ -86.806444, 35.712428 ], [ -86.8055, 35.712325 ], [ -86.804992, 35.71227 ], [ -86.804828, 35.712252 ], [ -86.804665, 35.712234 ], [ -86.803996, 35.71216 ], [ -86.799484, 35.711668 ], [ -86.797981, 35.711504 ], [ -86.79772, 35.711475 ], [ -86.797433, 35.711444 ], [ -86.797526, 35.710957 ], [ -86.797576, 35.710701 ], [ -86.797562, 35.710547 ], [ -86.797556, 35.710482 ], [ -86.797602, 35.710093 ], [ -86.797621, 35.709942 ], [ -86.79794, 35.709911 ], [ -86.798352, 35.709873 ], [ -86.798903, 35.709819 ], [ -86.799223, 35.70979 ], [ -86.799347, 35.709778 ], [ -86.799868, 35.709696 ], [ -86.799972, 35.708978 ], [ -86.799608, 35.708804 ], [ -86.797898, 35.707988 ], [ -86.794483, 35.707635 ], [ -86.792717, 35.707453 ], [ -86.792263, 35.707406 ], [ -86.790901, 35.707265 ], [ -86.790448, 35.707219 ], [ -86.790433, 35.707299 ], [ -86.79042, 35.707375 ], [ -86.790399, 35.707506 ], [ -86.790393, 35.707541 ], [ -86.79038, 35.707625 ], [ -86.788918, 35.707489 ], [ -86.784533, 35.707084 ], [ -86.783074, 35.70695 ], [ -86.782877, 35.706933 ], [ -86.782808, 35.706925 ], [ -86.782017, 35.706841 ], [ -86.781997, 35.706839 ], [ -86.782016, 35.706595 ], [ -86.782418, 35.706452 ], [ -86.783626, 35.706023 ], [ -86.78403, 35.70588 ], [ -86.784118, 35.705849 ], [ -86.785159, 35.70508 ], [ -86.785129, 35.705245 ], [ -86.785082, 35.705515 ], [ -86.789269, 35.70418 ], [ -86.790753, 35.703708 ], [ -86.791385, 35.703506 ], [ -86.793281, 35.702903 ], [ -86.793342, 35.702884 ], [ -86.793885, 35.702629 ], [ -86.794002, 35.702575 ], [ -86.794128, 35.70243 ], [ -86.794159, 35.702397 ], [ -86.794295, 35.702259 ], [ -86.794372, 35.702187 ], [ -86.794332, 35.702123 ], [ -86.793645, 35.701894 ], [ -86.793298, 35.701779 ], [ -86.793183, 35.701741 ], [ -86.792839, 35.701627 ], [ -86.792725, 35.701589 ], [ -86.792695, 35.701577 ], [ -86.792608, 35.701541 ], [ -86.792579, 35.70153 ], [ -86.792615, 35.701494 ], [ -86.792628, 35.701468 ], [ -86.792741, 35.701258 ], [ -86.792803, 35.701208 ], [ -86.792824, 35.70106 ], [ -86.792871, 35.700895 ], [ -86.792898, 35.70078 ], [ -86.793019, 35.700571 ], [ -86.793087, 35.700433 ], [ -86.793168, 35.700324 ], [ -86.793363, 35.700021 ], [ -86.793424, 35.699917 ], [ -86.793531, 35.699829 ], [ -86.793666, 35.699758 ], [ -86.793882, 35.699692 ], [ -86.79399, 35.699626 ], [ -86.79405, 35.699549 ], [ -86.794148, 35.699437 ], [ -86.794172, 35.699411 ], [ -86.794489, 35.698994 ], [ -86.79463, 35.698779 ], [ -86.794812, 35.698614 ], [ -86.795243, 35.698318 ], [ -86.795344, 35.698164 ], [ -86.795439, 35.697972 ], [ -86.795446, 35.697785 ], [ -86.795439, 35.697603 ], [ -86.795372, 35.697466 ], [ -86.795223, 35.697262 ], [ -86.795035, 35.697065 ], [ -86.794947, 35.696966 ], [ -86.794866, 35.696867 ], [ -86.794833, 35.696713 ], [ -86.794846, 35.696603 ], [ -86.794887, 35.696482 ], [ -86.794934, 35.696361 ], [ -86.795042, 35.696213 ], [ -86.79523, 35.696026 ], [ -86.795675, 35.695553 ], [ -86.79583, 35.695311 ], [ -86.795918, 35.695091 ], [ -86.795965, 35.694855 ], [ -86.795965, 35.694701 ], [ -86.796053, 35.694509 ], [ -86.796201, 35.694305 ], [ -86.796275, 35.694185 ], [ -86.796471, 35.693987 ], [ -86.796599, 35.693849 ], [ -86.796686, 35.693766 ], [ -86.796727, 35.693728 ], [ -86.796781, 35.693564 ], [ -86.796828, 35.693382 ], [ -86.796855, 35.692915 ], [ -86.796815, 35.692778 ], [ -86.796788, 35.692503 ], [ -86.796794, 35.692233 ], [ -86.796875, 35.691849 ], [ -86.796916, 35.691574 ], [ -86.796935, 35.691479 ], [ -86.801102, 35.691879 ], [ -86.802792, 35.692042 ], [ -86.802266, 35.697158 ], [ -86.803369, 35.697201 ], [ -86.803233, 35.699415 ], [ -86.803749, 35.699235 ], [ -86.805497, 35.698626 ], [ -86.809452, 35.697251 ], [ -86.809934, 35.697083 ], [ -86.811381, 35.696579 ], [ -86.811864, 35.696412 ], [ -86.81201, 35.695311 ], [ -86.812246, 35.693542 ], [ -86.81245, 35.692009 ], [ -86.812597, 35.690909 ], [ -86.812724, 35.689948 ], [ -86.813107, 35.687065 ], [ -86.813235, 35.686105 ], [ -86.813397, 35.684891 ], [ -86.813882, 35.68125 ], [ -86.814045, 35.680037 ], [ -86.81413, 35.67939 ], [ -86.814386, 35.677451 ], [ -86.814459, 35.676907 ], [ -86.814473, 35.676805 ], [ -86.814485, 35.676714 ], [ -86.814585, 35.675962 ], [ -86.814921, 35.673435 ], [ -86.815034, 35.672593 ], [ -86.815416, 35.669724 ], [ -86.816277, 35.663269 ], [ -86.81657, 35.661118 ], [ -86.816961, 35.658251 ], [ -86.817323, 35.655597 ], [ -86.81841, 35.647635 ], [ -86.818773, 35.644982 ], [ -86.819124, 35.642398 ], [ -86.820181, 35.634649 ], [ -86.820535, 35.632067 ] ] ] } }
]
}
